ID,Gender,Ever_Married,Age,Graduated,Profession,Work_Experience,Spending_Score,Family_Size,Var_1,Segmentation
1,Female,No,30.0,No,Healthcare,4.0,Low,2.0,Cat_6,A
2,Male,Yes,40.0,Yes,Artist,3.0,Average,3.0,Cat_2,B
3,Male,Yes,44.0,Yes,Homemaker,7.0,Average,3.0,Cat_5,B
4,Female,No,33.0,Yes,Entertainment,9.0,Low,3.0,Cat_6,B
5,Male,Yes,46.0,Yes,Executive,7.0,Average,2.0,Cat_3,C
6,Female,Yes,42.0,No,Doctor,10.0,Average,4.0,Cat_6,C
7,Male,Yes,64.0,Yes,Homemaker,9.0,Average,,Cat_7,D
8,Male,Yes,55.0,Yes,Executive,9.0,High,4.0,Cat_2,C
9,Male,No,31.0,Yes,Healthcare,2.0,Average,1.0,Cat_5,A
10,Female,Yes,62.0,Yes,Artist,14.0,Average,6.0,Cat_7,D
11,Male,Yes,33.0,Yes,Engineer,8.0,Average,2.0,Cat_2,B
12,Male,Yes,65.0,No,Executive,13.0,Average,5.0,Cat_7,D
13,Female,Yes,69.0,Yes,Executive,14.0,High,4.0,Cat_5,D
14,Female,Yes,70.0,No,Marketing,,High,3.0,,D
15,Female,No,31.0,No,Homemaker,3.0,Low,1.0,Cat_6,A
16,Female,Yes,53.0,Yes,Entertainment,10.0,High,2.0,Cat_5,C
17,Female,Yes,40.0,Yes,Healthcare,9.0,Average,4.0,Cat_4,B
18,Male,Yes,68.0,No,Marketing,10.0,Low,5.0,Cat_7,D
19,Female,No,47.0,Yes,Lawyer,5.0,High,3.0,Cat_3,C
20,Female,Yes,33.0,Yes,Executive,4.0,Low,,Cat_2,A
21,Female,Yes,51.0,Yes,Artist,9.0,Average,,Cat_5,D
22,Female,Yes,37.0,,Executive,7.0,Low,4.0,Cat_1,B
23,Female,Yes,25.0,No,Artist,,High,1.0,Cat_3,A
24,Male,No,42.0,Yes,Entertainment,13.0,Average,3.0,Cat_6,C
25,Female,Yes,45.0,Yes,Doctor,,High,2.0,Cat_5,C
26,Female,Yes,47.0,Yes,Homemaker,12.0,Low,5.0,Cat_7,D
27,Female,No,18.0,No,Entertainment,1.0,Average,2.0,Cat_5,A
28,Male,Yes,50.0,Yes,Doctor,6.0,Low,3.0,Cat_5,C
29,Female,Yes,62.0,Yes,Engineer,12.0,Low,5.0,Cat_6,D
30,Male,Yes,48.0,No,Engineer,10.0,Low,5.0,Cat_1,D
31,Female,Yes,37.0,Yes,Engineer,14.0,Low,4.0,Cat_5,C
32,Female,Yes,53.0,No,Engineer,9.0,Average,5.0,Cat_7,D
33,Female,Yes,35.0,Yes,Engineer,,High,3.0,Cat_3,C
34,Male,Yes,43.0,Yes,Marketing,10.0,Average,4.0,Cat_2,C
35,Male,Yes,58.0,Yes,Doctor,9.0,High,2.0,Cat_1,C
36,Male,No,65.0,No,Marketing,12.0,Average,7.0,Cat_7,D
37,Female,Yes,50.0,Yes,Healthcare,12.0,High,4.0,Cat_5,C
38,Male,,67.0,No,Artist,14.0,Low,6.0,Cat_2,D
39,Male,No,31.0,No,Homemaker,4.0,Low,4.0,Cat_2,B
40,Male,Yes,41.0,Yes,Executive,13.0,High,4.0,,C
41,Male,Yes,59.0,No,Lawyer,13.0,Average,6.0,Cat_4,D
42,Male,No,63.0,Yes,Executive,13.0,Average,4.0,Cat_5,C
43,Female,No,33.0,,Artist,4.0,High,2.0,Cat_3,A
44,Male,Yes,25.0,No,Entertainment,1.0,Average,2.0,Cat_1,A
45,Male,Yes,43.0,Yes,Healthcare,13.0,High,2.0,Cat_6,C
46,Female,No,29.0,Yes,Doctor,4.0,Low,2.0,Cat_3,A
47,Male,Yes,80.0,Yes,Marketing,14.0,Low,6.0,Cat_1,D
48,Male,No,78.0,No,Executive,14.0,Low,,Cat_3,D
49,Female,Yes,30.0,Yes,Homemaker,1.0,Low,1.0,Cat_4,A
50,Male,Yes,42.0,No,Engineer,6.0,High,,Cat_5,C
51,Female,Yes,47.0,Yes,Healthcare,10.0,High,4.0,Cat_2,C
52,Male,Yes,53.0,Yes,Healthcare,9.0,High,2.0,Cat_5,C
53,Male,No,21.0,No,Entertainment,0.0,Average,1.0,Cat_3,A
54,Female,No,30.0,Yes,Healthcare,2.0,Low,2.0,Cat_4,A
55,Male,No,34.0,No,Homemaker,9.0,Average,3.0,Cat_7,B
56,Male,Yes,44.0,No,Executive,5.0,Average,3.0,Cat_5,B
57,Female,Yes,29.0,Yes,Engineer,4.0,Low,1.0,Cat_6,A
58,Male,Yes,42.0,Yes,Executive,5.0,High,4.0,Cat_1,B
59,Male,Yes,44.0,Yes,,12.0,High,4.0,Cat_6,C
60,Male,No,39.0,Yes,Engineer,5.0,Average,4.0,Cat_4,B
61,Male,Yes,55.0,Yes,Marketing,5.0,High,3.0,Cat_2,C
62,Male,Yes,59.0,Yes,Executive,8.0,Low,3.0,Cat_3,D
63,Male,Yes,34.0,Yes,Executive,1.0,Low,1.0,Cat_6,A
64,Male,No,35.0,No,Artist,3.0,Low,1.0,Cat_3,A
65,Female,Yes,43.0,Yes,Doctor,14.0,High,3.0,Cat_2,C
66,Male,Yes,51.0,Yes,Entertainment,13.0,High,4.0,Cat_7,D
67,Female,Yes,48.0,No,Engineer,8.0,Low,4.0,Cat_3,B
68,Male,Yes,54.0,No,Executive,9.0,Low,3.0,Cat_4,D
69,Male,Yes,57.0,No,Marketing,14.0,Average,4.0,Cat_3,C
70,Female,Yes,65.0,Yes,Lawyer,8.0,Average,5.0,,D
71,Male,Yes,45.0,Yes,Executive,12.0,Average,3.0,Cat_2,C
72,Male,Yes,33.0,No,Lawyer,7.0,Average,2.0,,B
73,Female,No,19.0,No,Marketing,1.0,Low,1.0,Cat_3,A
74,Female,Yes,65.0,No,Doctor,8.0,Low,6.0,Cat_7,D
75,Male,Yes,37.0,No,Lawyer,9.0,High,3.0,Cat_3,B
76,Female,Yes,62.0,Yes,Doctor,9.0,High,3.0,Cat_3,C
77,Male,,34.0,No,Executive,3.0,Low,1.0,Cat_2,A
78,Male,Yes,67.0,No,Homemaker,8.0,Average,4.0,Cat_7,D
79,Female,No,55.0,No,Entertainment,12.0,Average,3.0,Cat_4,D
80,Male,No,46.0,Yes,Doctor,5.0,High,3.0,Cat_2,C
81,Female,No,56.0,Yes,Doctor,12.0,Average,3.0,Cat_6,C
82,Female,Yes,28.0,Yes,Artist,3.0,Low,,Cat_2,A
83,Female,Yes,63.0,Yes,Artist,14.0,High,3.0,Cat_4,C
84,Female,Yes,46.0,Yes,Entertainment,10.0,Average,4.0,Cat_5,D
85,Male,Yes,77.0,No,Homemaker,11.0,Average,7.0,Cat_3,D
86,Female,Yes,44.0,Yes,Doctor,14.0,High,3.0,Cat_2,C
87,Female,Yes,48.0,Yes,Doctor,9.0,Average,5.0,Cat_6,D
88,Male,Yes,37.0,Yes,Healthcare,5.0,Low,4.0,Cat_1,B
89,Female,Yes,46.0,Yes,Executive,13.0,High,4.0,Cat_1,D
90,Male,,49.0,No,Engineer,4.0,Average,2.0,Cat_5,B
91,Male,Yes,26.0,Yes,Executive,0.0,Low,2.0,Cat_3,A
92,Male,No,34.0,Yes,Entertainment,,Average,2.0,Cat_1,A
93,Female,No,52.0,Yes,Healthcare,9.0,Low,7.0,Cat_4,D
94,Female,Yes,37.0,No,Engineer,7.0,High,3.0,Cat_3,C
95,Male,Yes,47.0,No,Doctor,4.0,Average,2.0,Cat_4,B
96,Female,Yes,31.0,Yes,Doctor,3.0,Average,2.0,Cat_3,B
97,Female,No,57.0,Yes,Homemaker,12.0,High,2.0,Cat_1,C
98,Male,Yes,40.0,Yes,Healthcare,4.0,High,2.0,Cat_3,B
99,Female,No,27.0,Yes,Homemaker,3.0,High,1.0,Cat_4,A
100,Male,Yes,50.0,Yes,Artist,14.0,High,5.0,Cat_4,D
101,Male,Yes,70.0,No,Lawyer,11.0,Low,4.0,Cat_7,D
102,Male,No,33.0,No,,1.0,Average,2.0,Cat_3,A
103,Male,No,33.0,Yes,Entertainment,0.0,Average,1.0,Cat_4,A
104,Male,Yes,60.0,No,Doctor,13.0,Average,5.0,Cat_7,D
105,Male,Yes,37.0,No,Healthcare,7.0,Average,2.0,Cat_4,B
106,Male,No,24.0,No,Marketing,4.0,Average,2.0,Cat_3,A
107,Male,Yes,51.0,Yes,Lawyer,12.0,Average,5.0,Cat_3,D
108,Female,No,23.0,Yes,Artist,3.0,Low,2.0,Cat_2,A
109,Female,Yes,53.0,Yes,Engineer,10.0,Average,3.0,Cat_5,D
110,Female,Yes,30.0,Yes,Homemaker,7.0,Low,2.0,Cat_6,B
111,Male,Yes,62.0,Yes,Doctor,11.0,Average,2.0,Cat_7,C
112,Female,No,29.0,Yes,Doctor,2.0,Low,2.0,Cat_2,A
113,Female,No,31.0,Yes,Entertainment,1.0,Low,2.0,Cat_1,A
114,Female,No,63.0,No,Executive,14.0,Average,2.0,Cat_5,C
115,Female,Yes,65.0,Yes,Executive,10.0,Low,5.0,Cat_5,D
116,Male,Yes,35.0,Yes,Engineer,5.0,High,2.0,Cat_5,B
117,Female,,43.0,Yes,Marketing,10.0,High,3.0,Cat_7,C
118,Male,Yes,46.0,No,Lawyer,,Average,5.0,Cat_7,D
119,Female,Yes,46.0,No,Executive,10.0,Low,5.0,Cat_4,D
120,Male,Yes,80.0,No,Entertainment,8.0,Low,3.0,Cat_4,D
121,Male,Yes,60.0,Yes,Artist,10.0,Average,7.0,,D
122,Male,Yes,53.0,Yes,Executive,5.0,High,3.0,Cat_2,C
123,Male,No,21.0,No,Marketing,1.0,Average,1.0,Cat_3,A
124,Male,Yes,59.0,Yes,Artist,13.0,High,2.0,Cat_5,C
125,Male,No,42.0,Yes,Executive,,High,4.0,Cat_3,B
126,Female,No,39.0,Yes,Executive,7.0,Low,4.0,Cat_4,B
127,Female,No,29.0,Yes,Executive,0.0,Low,1.0,Cat_2,A
128,Male,No,31.0,No,Lawyer,4.0,Low,1.0,Cat_2,A
129,Male,Yes,20.0,No,Doctor,,Average,2.0,Cat_5,A
130,Female,Yes,43.0,,Healthcare,14.0,Low,4.0,Cat_3,C
131,Female,No,35.0,Yes,Doctor,7.0,Average,2.0,Cat_6,B
132,Male,No,33.0,No,Healthcare,4.0,Average,2.0,Cat_2,A
133,Male,Yes,44.0,Yes,Doctor,5.0,Average,3.0,Cat_2,B
134,Male,Yes,55.0,Yes,,14.0,Low,3.0,Cat_7,D
135,Female,Yes,38.0,Yes,Executive,6.0,High,4.0,Cat_2,C
136,Female,Yes,19.0,Yes,Entertainment,3.0,Low,2.0,Cat_7,A
137,Female,No,28.0,No,Artist,1.0,Low,1.0,Cat_3,A
138,Male,No,20.0,No,Artist,2.0,Low,1.0,Cat_1,A
139,Female,No,32.0,Yes,Lawyer,0.0,Low,2.0,Cat_2,A
140,Male,Yes,48.0,,Engineer,5.0,Low,2.0,Cat_2,B
141,Male,Yes,56.0,Yes,Marketing,12.0,Average,7.0,Cat_6,D
142,Female,Yes,48.0,Yes,Healthcare,13.0,Average,2.0,Cat_3,C
143,Male,No,46.0,Yes,Engineer,12.0,High,2.0,Cat_4,C
144,Female,Yes,32.0,No,Engineer,1.0,Low,1.0,Cat_5,A
145,Female,Yes,46.0,Yes,Entertainment,5.0,Average,3.0,Cat_5,B
146,Female,Yes,47.0,No,Entertainment,9.0,Average,4.0,Cat_2,B
147,Female,Yes,75.0,,Artist,11.0,Low,6.0,Cat_4,D
148,Female,No,35.0,Yes,Marketing,,Average,2.0,Cat_4,A
149,Male,Yes,70.0,No,Marketing,12.0,Average,6.0,Cat_7,D
150,Male,No,22.0,Yes,Healthcare,2.0,Low,2.0,Cat_1,A
151,Male,No,21.0,Yes,Artist,4.0,Low,1.0,Cat_4,A
152,Female,No,47.0,Yes,Doctor,8.0,High,,Cat_5,C
153,Female,No,24.0,Yes,Homemaker,1.0,Average,1.0,Cat_1,A
154,Female,No,24.0,No,Entertainment,2.0,Low,1.0,Cat_4,A
155,Male,Yes,70.0,Yes,Homemaker,12.0,Average,7.0,Cat_6,D
156,Female,Yes,43.0,Yes,Doctor,8.0,Average,2.0,Cat_7,C
157,Female,No,27.0,Yes,Marketing,0.0,Low,1.0,Cat_4,A
158,Female,Yes,40.0,No,Homemaker,2.0,Average,,Cat_4,B
159,Male,Yes,45.0,No,Entertainment,,Average,3.0,Cat_7,D
160,Male,Yes,40.0,Yes,Artist,,Low,2.0,Cat_5,B
161,Male,No,22.0,Yes,Lawyer,4.0,Low,1.0,Cat_2,A
162,Male,No,24.0,Yes,Marketing,1.0,Low,2.0,Cat_5,A
163,Female,Yes,40.0,No,Artist,3.0,Average,3.0,,B
164,Male,No,30.0,No,Homemaker,3.0,Average,2.0,Cat_3,A
165,Male,Yes,34.0,No,,1.0,Low,2.0,Cat_3,A
166,Female,No,35.0,No,Artist,4.0,Average,2.0,Cat_6,A
167,Female,Yes,63.0,,Executive,12.0,Low,6.0,Cat_7,D
168,Female,No,23.0,No,Doctor,1.0,Low,2.0,Cat_2,A
169,Male,No,27.0,No,Marketing,0.0,Average,2.0,Cat_1,A
170,Male,Yes,40.0,Yes,Healthcare,13.0,High,,Cat_5,C
171,Male,No,44.0,No,Lawyer,7.0,Average,2.0,Cat_2,B
172,Male,Yes,43.0,Yes,Engineer,3.0,Average,3.0,Cat_3,B
173,Female,Yes,45.0,No,Entertainment,2.0,High,2.0,Cat_3,B
174,Male,No,24.0,Yes,Artist,3.0,Low,,Cat_5,A
175,Female,Yes,40.0,Yes,Healthcare,8.0,High,4.0,Cat_6,C
176,Male,Yes,46.0,No,Entertainment,5.0,Low,2.0,Cat_3,B
177,Male,No,33.0,Yes,Homemaker,0.0,Low,1.0,Cat_3,A
178,Male,No,42.0,Yes,Doctor,12.0,High,3.0,Cat_5,C
179,Female,Yes,77.0,Yes,Executive,14.0,Low,7.0,Cat_1,D
180,Female,Yes,60.0,Yes,Healthcare,10.0,High,3.0,Cat_7,C
181,Male,No,31.0,No,Engineer,8.0,Low,2.0,Cat_1,B
182,Female,No,37.0,No,Homemaker,9.0,High,3.0,Cat_5,B
183,Female,Yes,37.0,,Doctor,3.0,High,2.0,Cat_5,B
184,Female,No,21.0,Yes,Marketing,2.0,Low,1.0,Cat_1,A
185,Male,No,79.0,Yes,Doctor,9.0,Average,4.0,Cat_5,D
186,Female,Yes,63.0,Yes,Lawyer,5.0,High,2.0,Cat_2,C
187,Male,No,25.0,No,Healthcare,2.0,Average,,Cat_4,A
188,Female,Yes,44.0,Yes,Engineer,9.0,High,4.0,Cat_5,C
189,Female,No,64.0,Yes,Engineer,12.0,Average,4.0,Cat_7,D
190,Male,Yes,56.0,Yes,Marketing,8.0,Average,7.0,Cat_1,D
191,Male,Yes,58.0,Yes,Marketing,7.0,High,2.0,Cat_5,C
192,Male,Yes,29.0,Yes,Marketing,2.0,Low,3.0,Cat_4,B
193,Male,No,52.0,Yes,Lawyer,,High,3.0,Cat_5,C
194,Female,No,32.0,No,Entertainment,6.0,Average,2.0,Cat_3,B
195,Male,Yes,38.0,Yes,Artist,3.0,Average,,Cat_4,B
196,Female,No,29.0,Yes,Lawyer,2.0,Average,1.0,Cat_3,A
197,Female,No,77.0,No,Artist,9.0,Low,6.0,Cat_5,D
198,Female,Yes,52.0,,,9.0,High,2.0,Cat_5,C
199,Male,No,22.0,No,Entertainment,3.0,High,2.0,Cat_2,A
200,Female,Yes,62.0,No,Doctor,10.0,Average,4.0,Cat_5,C
201,Female,Yes,37.0,Yes,Artist,8.0,High,2.0,Cat_5,C
202,Female,Yes,59.0,,Lawyer,11.0,High,2.0,Cat_5,C
203,Male,No,35.0,Yes,Artist,3.0,Average,3.0,Cat_3,B
204,Female,Yes,39.0,No,Healthcare,,Average,3.0,Cat_4,B
205,Female,Yes,59.0,Yes,Doctor,6.0,Low,2.0,Cat_6,C
206,Female,No,73.0,Yes,Lawyer,9.0,Average,7.0,Cat_3,D
207,Male,No,32.0,Yes,Doctor,0.0,Average,1.0,Cat_2,A
208,Male,Yes,43.0,Yes,Homemaker,4.0,Low,4.0,Cat_3,B
209,Female,No,21.0,Yes,Marketing,4.0,Low,2.0,Cat_3,A
210,Female,Yes,59.0,No,Marketing,,Average,,Cat_5,D
211,Male,Yes,30.0,No,Lawyer,8.0,Low,3.0,Cat_4,B
212,Female,Yes,62.0,Yes,Artist,,Average,,Cat_5,D
213,Female,No,35.0,No,Doctor,2.0,Low,1.0,Cat_1,A
214,Female,Yes,40.0,No,Entertainment,12.0,High,3.0,Cat_6,C
215,Female,No,46.0,No,Executive,12.0,Average,3.0,Cat_4,D
216,Female,Yes,61.0,Yes,Engineer,14.0,High,2.0,Cat_6,C
217,Male,No,33.0,No,Healthcare,0.0,Average,2.0,Cat_4,A
218,Male,Yes,68.0,Yes,Artist,8.0,Low,5.0,Cat_4,D
219,Male,Yes,51.0,Yes,Homemaker,,Average,4.0,Cat_4,D
220,Male,No,33.0,No,Healthcare,5.0,Average,4.0,Cat_3,B
221,Male,Yes,75.0,Yes,Engineer,12.0,Average,4.0,Cat_6,D
222,Female,Yes,38.0,Yes,Doctor,7.0,High,4.0,Cat_5,C
223,Male,Yes,57.0,Yes,Doctor,11.0,High,3.0,Cat_3,C
224,Female,No,50.0,Yes,Engineer,4.0,Average,3.0,Cat_3,B
225,Male,No,30.0,No,Engineer,0.0,Low,1.0,Cat_2,A
226,Male,Yes,67.0,Yes,Healthcare,10.0,Low,3.0,Cat_5,D
227,Female,No,39.0,No,Artist,4.0,Average,3.0,Cat_7,B
228,Female,No,27.0,Yes,Entertainment,2.0,Average,1.0,Cat_5,A
229,Female,No,59.0,Yes,Engineer,5.0,High,4.0,Cat_2,C
230,Male,No,45.0,Yes,Doctor,10.0,Low,5.0,Cat_6,D
231,Female,Yes,72.0,,Entertainment,,High,4.0,Cat_7,D
232,Male,No,21.0,Yes,Entertainment,3.0,Average,1.0,Cat_3,A
233,Male,No,31.0,No,Lawyer,2.0,Low,1.0,Cat_1,A
234,Male,No,37.0,No,Engineer,3.0,Average,2.0,Cat_4,B
235,Male,No,41.0,No,Doctor,3.0,Average,3.0,Cat_2,B
236,Female,Yes,61.0,Yes,Artist,9.0,Average,7.0,Cat_5,D
237,Female,Yes,79.0,,Homemaker,14.0,High,5.0,Cat_7,D
238,Female,No,25.0,No,Doctor,0.0,Low,2.0,Cat_6,A
239,Female,Yes,37.0,Yes,Lawyer,12.0,High,2.0,Cat_4,C
240,Male,No,56.0,Yes,Healthcare,,High,4.0,Cat_5,C
241,Male,Yes,28.0,Yes,Marketing,3.0,Low,3.0,Cat_3,B
242,Female,No,29.0,Yes,Lawyer,3.0,Low,,Cat_2,A
243,Female,Yes,44.0,Yes,Doctor,11.0,Low,4.0,Cat_6,C
244,Male,Yes,54.0,Yes,Doctor,14.0,High,2.0,Cat_7,C
245,Female,No,33.0,Yes,Artist,3.0,Average,2.0,Cat_6,A
246,Male,Yes,42.0,Yes,Healthcare,13.0,Average,3.0,Cat_1,C
247,Male,Yes,55.0,Yes,Healthcare,9.0,Average,3.0,Cat_7,D
248,Female,No,37.0,No,Executive,5.0,Average,3.0,Cat_1,B
249,Male,Yes,73.0,Yes,Doctor,9.0,Average,7.0,Cat_7,D
250,Female,Yes,48.0,No,Doctor,4.0,Average,2.0,Cat_2,B
251,Female,Yes,59.0,Yes,Lawyer,,High,4.0,Cat_7,C
252,Female,No,60.0,Yes,,13.0,High,3.0,Cat_5,C
253,Female,Yes,46.0,Yes,Executive,8.0,High,3.0,Cat_4,C
254,Male,Yes,48.0,Yes,Executive,9.0,Low,4.0,Cat_6,C
255,Male,No,31.0,No,Lawyer,0.0,Average,2.0,Cat_2,A
256,Female,Yes,53.0,Yes,Engineer,13.0,High,2.0,Cat_1,C
257,Female,No,30.0,No,Engineer,0.0,Average,2.0,Cat_3,A
258,Female,Yes,61.0,Yes,Artist,5.0,Average,2.0,Cat_5,C
259,Female,No,26.0,No,Engineer,1.0,Low,1.0,Cat_4,A
260,Male,No,35.0,No,Healthcare,4.0,Low,2.0,Cat_6,A
261,Male,No,25.0,No,Artist,2.0,Low,1.0,Cat_2,A
262,Female,Yes,50.0,No,Entertainment,7.0,Low,4.0,Cat_6,C
263,Male,Yes,56.0,,Lawyer,13.0,Average,3.0,Cat_1,C
264,Male,Yes,52.0,Yes,Doctor,6.0,High,3.0,Cat_5,C
265,Male,No,33.0,Yes,Entertainment,0.0,Average,2.0,Cat_2,A
266,Male,Yes,47.0,No,Marketing,12.0,Average,7.0,Cat_6,D
267,Male,No,40.0,Yes,Artist,14.0,Average,3.0,Cat_5,C
268,Female,Yes,45.0,Yes,Doctor,8.0,Average,7.0,Cat_6,D
269,Female,Yes,22.0,Yes,Artist,0.0,Low,2.0,Cat_1,A
270,Male,Yes,31.0,No,Doctor,0.0,Low,,Cat_3,A
271,Male,Yes,71.0,Yes,Marketing,13.0,Average,7.0,Cat_6,D
272,Female,Yes,37.0,Yes,Engineer,8.0,High,3.0,Cat_7,C
273,Male,No,66.0,No,Doctor,11.0,Low,5.0,Cat_2,D
274,Female,Yes,44.0,Yes,Doctor,11.0,High,2.0,Cat_7,C
275,Female,Yes,47.0,Yes,Executive,7.0,Low,3.0,Cat_5,C
276,Female,No,34.0,No,Entertainment,3.0,Average,1.0,Cat_2,A
277,Female,Yes,51.0,No,Artist,10.0,Average,4.0,Cat_6,D
278,Female,No,43.0,Yes,Doctor,6.0,High,3.0,Cat_5,B
279,Female,Yes,50.0,Yes,Executive,,Average,4.0,Cat_4,C
280,Female,No,44.0,Yes,Healthcare,7.0,Average,2.0,Cat_3,B
281,Male,,48.0,Yes,Marketing,11.0,Low,5.0,Cat_6,D
282,Male,Yes,79.0,Yes,Homemaker,13.0,Low,5.0,Cat_4,D
283,Female,Yes,36.0,Yes,Executive,11.0,Average,2.0,Cat_5,C
284,Female,Yes,70.0,Yes,Doctor,9.0,Average,3.0,Cat_2,D
285,Male,Yes,55.0,Yes,Executive,13.0,Low,6.0,Cat_7,D
286,Male,Yes,42.0,Yes,Executive,13.0,High,,Cat_6,C
287,Female,,55.0,Yes,Lawyer,12.0,Low,5.0,Cat_7,D
288,Female,Yes,30.0,No,Marketing,0.0,Low,2.0,Cat_2,A
289,Female,Yes,45.0,Yes,Entertainment,14.0,Average,4.0,Cat_5,C
290,Female,No,49.0,Yes,Healthcare,6.0,High,2.0,Cat_5,C
291,Male,Yes,35.0,No,Doctor,9.0,High,3.0,Cat_2,B
292,Male,No,18.0,No,Artist,4.0,Average,1.0,Cat_7,A
293,Female,No,23.0,No,Artist,1.0,Low,1.0,Cat_4,A
294,Female,Yes,41.0,Yes,Doctor,5.0,High,2.0,Cat_5,C
295,Female,No,78.0,No,Doctor,11.0,High,5.0,Cat_7,D
296,Male,Yes,48.0,,Marketing,13.0,High,2.0,Cat_3,C
297,Female,Yes,31.0,Yes,Marketing,3.0,Low,2.0,Cat_3,B
298,Female,Yes,54.0,Yes,Engineer,,High,2.0,Cat_6,C
299,Female,No,18.0,No,Entertainment,2.0,Average,1.0,,A
300,Male,No,18.0,No,Artist,0.0,Low,2.0,Cat_2,A
301,Male,Yes,55.0,Yes,Artist,8.0,High,7.0,Cat_7,D
302,Male,No,26.0,,Entertainment,3.0,Low,2.0,Cat_2,A
303,Female,No,25.0,Yes,Artist,3.0,Average,1.0,Cat_4,A
304,Male,Yes,55.0,Yes,Artist,,High,3.0,Cat_2,D
305,Female,No,28.0,Yes,Engineer,4.0,Average,4.0,Cat_1,B
306,Female,No,41.0,No,Engineer,5.0,Average,4.0,Cat_7,B
307,Male,No,58.0,Yes,Artist,6.0,Low,3.0,Cat_5,C
308,Female,Yes,35.0,,Artist,4.0,Low,2.0,Cat_5,A
309,Male,No,32.0,Yes,Doctor,8.0,Average,4.0,Cat_7,B
310,Male,Yes,24.0,Yes,Marketing,1.0,Average,2.0,Cat_1,A
311,Female,No,23.0,No,Executive,2.0,Low,1.0,Cat_1,A
312,Male,Yes,23.0,Yes,Healthcare,1.0,Average,1.0,Cat_2,A
313,Female,Yes,57.0,Yes,Engineer,8.0,Average,4.0,Cat_5,C
314,Female,No,35.0,No,Marketing,0.0,Average,1.0,Cat_2,A
315,Male,Yes,73.0,Yes,Healthcare,9.0,Average,5.0,Cat_7,D
316,Male,Yes,60.0,Yes,Marketing,14.0,High,3.0,Cat_6,C
317,Male,No,37.0,No,Doctor,5.0,Average,4.0,Cat_1,B
318,Female,Yes,49.0,Yes,Engineer,5.0,High,2.0,Cat_1,C
319,Female,No,36.0,Yes,Doctor,6.0,Low,2.0,Cat_7,B
320,Male,No,21.0,No,Artist,4.0,Average,1.0,Cat_3,A
321,Female,No,33.0,No,Entertainment,3.0,Low,2.0,Cat_2,A
322,Male,Yes,31.0,Yes,Homemaker,2.0,Average,3.0,Cat_3,B
323,Male,No,20.0,No,Homemaker,0.0,Average,1.0,Cat_2,A
324,Male,Yes,20.0,Yes,Executive,0.0,Low,1.0,Cat_7,A
325,Male,Yes,52.0,Yes,Engineer,12.0,Average,3.0,Cat_5,C
326,Male,No,19.0,,Lawyer,0.0,Low,1.0,Cat_1,A
327,Male,Yes,70.0,Yes,Engineer,14.0,Average,7.0,Cat_7,D
328,Female,Yes,19.0,No,Marketing,3.0,Low,2.0,Cat_1,A
329,Male,No,34.0,,Executive,4.0,Low,3.0,Cat_4,B
330,Male,Yes,41.0,Yes,Executive,11.0,Average,3.0,Cat_7,C
331,Female,No,29.0,No,Healthcare,2.0,Low,1.0,Cat_2,A
332,Female,Yes,46.0,Yes,Homemaker,9.0,Low,4.0,Cat_2,C
333,Female,No,37.0,No,Healthcare,6.0,Average,3.0,Cat_7,B
334,Male,Yes,46.0,Yes,Executive,8.0,High,,Cat_6,C
335,Female,No,45.0,Yes,Engineer,7.0,Average,2.0,Cat_5,B
336,Male,Yes,68.0,Yes,Homemaker,9.0,High,6.0,Cat_5,D
337,Male,Yes,34.0,No,Healthcare,8.0,Average,3.0,Cat_6,B
338,Female,No,46.0,Yes,Homemaker,9.0,Low,2.0,Cat_3,B
339,Female,Yes,79.0,Yes,Artist,13.0,Low,6.0,Cat_7,D
340,Female,No,34.0,No,Doctor,2.0,Average,2.0,Cat_1,A
341,Male,No,34.0,Yes,Lawyer,5.0,Low,2.0,Cat_5,B
342,Male,No,22.0,,Executive,4.0,Average,1.0,Cat_2,A
343,Male,Yes,40.0,No,Entertainment,4.0,Average,3.0,Cat_4,B
344,Female,No,64.0,No,Doctor,9.0,Average,,Cat_7,D
345,Male,Yes,41.0,Yes,Engineer,4.0,Average,4.0,Cat_4,B
346,Female,Yes,34.0,Yes,Artist,3.0,Average,4.0,Cat_7,B
347,Male,Yes,60.0,,Marketing,14.0,Low,5.0,Cat_6,D
348,Male,Yes,51.0,Yes,Engineer,14.0,Average,4.0,Cat_6,D
349,Female,No,76.0,Yes,Executive,10.0,High,6.0,Cat_7,D
350,Female,Yes,54.0,No,Executive,,Average,7.0,Cat_5,D
351,Female,No,26.0,Yes,Homemaker,4.0,Low,1.0,Cat_7,A
352,Male,No,31.0,Yes,Engineer,5.0,Average,4.0,Cat_6,B
353,Female,,43.0,No,Entertainment,9.0,Low,4.0,Cat_5,B
354,Male,Yes,43.0,Yes,,,High,2.0,Cat_6,C
355,Male,Yes,31.0,Yes,Lawyer,,Low,3.0,Cat_5,B
356,Male,Yes,54.0,Yes,Lawyer,9.0,High,7.0,Cat_7,D
357,Male,Yes,32.0,No,Engineer,7.0,Low,4.0,Cat_2,B
358,Female,Yes,54.0,Yes,Homemaker,13.0,Low,3.0,Cat_3,D
359,Male,No,33.0,No,Entertainment,2.0,Low,1.0,Cat_5,A
360,Female,No,33.0,No,Homemaker,4.0,Low,1.0,Cat_6,A
361,Female,Yes,42.0,No,Entertainment,4.0,Average,3.0,Cat_4,B
362,Male,Yes,46.0,Yes,Marketing,6.0,Average,3.0,Cat_2,B
363,Female,Yes,63.0,,Lawyer,9.0,Low,4.0,Cat_4,C
364,Male,Yes,36.0,Yes,Homemaker,,Average,2.0,Cat_5,B
365,Male,Yes,41.0,Yes,Lawyer,13.0,Average,4.0,Cat_5,C
366,Female,No,47.0,Yes,Lawyer,3.0,Average,4.0,Cat_3,B
367,Female,Yes,61.0,Yes,Lawyer,9.0,High,3.0,Cat_3,C
368,Male,Yes,54.0,Yes,Executive,13.0,Average,5.0,Cat_7,D
369,Female,Yes,77.0,Yes,Artist,10.0,Average,,Cat_2,D
370,Female,No,47.0,Yes,Artist,2.0,Low,3.0,Cat_1,B
371,Female,No,25.0,No,Marketing,3.0,Low,1.0,Cat_6,A
372,Female,No,18.0,Yes,Healthcare,1.0,Low,1.0,Cat_1,A
373,Male,No,43.0,Yes,Executive,6.0,Average,2.0,,B
374,Female,Yes,36.0,Yes,Artist,7.0,High,3.0,Cat_3,C
375,Female,Yes,57.0,Yes,Doctor,14.0,High,3.0,Cat_6,C
376,Male,No,55.0,Yes,Healthcare,9.0,High,,Cat_5,C
377,Male,Yes,63.0,No,Executive,13.0,High,3.0,Cat_6,D
378,Male,Yes,71.0,No,Marketing,11.0,Low,4.0,Cat_5,D
379,Female,No,31.0,No,Healthcare,3.0,Average,1.0,Cat_3,A
380,Female,Yes,65.0,Yes,Healthcare,12.0,High,2.0,Cat_3,C
381,Female,Yes,48.0,,Healthcare,7.0,Average,2.0,Cat_1,B
382,Male,Yes,70.0,No,Healthcare,14.0,Average,4.0,Cat_7,D
383,Female,Yes,30.0,Yes,Marketing,3.0,Low,2.0,Cat_2,A
384,Male,Yes,33.0,Yes,Marketing,3.0,Average,4.0,Cat_7,B
385,Female,Yes,27.0,Yes,Lawyer,2.0,Low,1.0,Cat_3,A
386,Female,Yes,68.0,Yes,Executive,11.0,Average,4.0,Cat_6,D
387,Male,Yes,59.0,Yes,Lawyer,11.0,High,4.0,Cat_5,C
388,Male,Yes,43.0,Yes,,2.0,Average,4.0,Cat_3,B
389,Male,Yes,46.0,Yes,Lawyer,6.0,Average,3.0,Cat_2,B
390,Female,No,74.0,Yes,Lawyer,9.0,Average,5.0,Cat_4,D
391,Female,Yes,60.0,No,Executive,13.0,High,6.0,Cat_4,D
392,Female,Yes,39.0,Yes,Lawyer,7.0,High,3.0,Cat_3,C
393,Male,Yes,25.0,Yes,Healthcare,0.0,Low,2.0,Cat_3,A
394,Male,No,39.0,Yes,Engineer,10.0,Average,2.0,Cat_5,C
395,Female,,48.0,Yes,Doctor,11.0,High,3.0,Cat_7,C
396,Male,Yes,45.0,Yes,Artist,10.0,High,2.0,Cat_5,C
397,Female,Yes,44.0,Yes,Entertainment,4.0,Average,2.0,Cat_3,B
398,Male,Yes,74.0,Yes,Executive,13.0,Low,3.0,Cat_5,D
399,Female,No,26.0,No,Lawyer,4.0,Average,2.0,Cat_4,A
400,Male,Yes,51.0,,Marketing,8.0,Average,6.0,Cat_1,D
401,Female,Yes,40.0,Yes,Healthcare,5.0,High,2.0,Cat_2,C
402,Female,Yes,26.0,Yes,Engineer,1.0,High,1.0,Cat_3,A
403,Female,Yes,74.0,Yes,Healthcare,12.0,Average,7.0,Cat_7,D
404,Male,No,43.0,Yes,Lawyer,,Average,2.0,Cat_7,C
405,Female,No,47.0,Yes,Engineer,7.0,High,3.0,Cat_2,C
406,Female,No,33.0,Yes,Marketing,5.0,Average,3.0,Cat_5,B
407,Female,No,65.0,Yes,Artist,7.0,High,2.0,Cat_4,C
408,Female,Yes,46.0,No,Executive,9.0,Low,2.0,Cat_1,B
409,Male,Yes,60.0,Yes,Artist,8.0,High,3.0,Cat_5,C
410,Female,No,23.0,Yes,Entertainment,0.0,Low,1.0,Cat_1,A
411,Female,,36.0,Yes,Lawyer,4.0,High,4.0,Cat_4,B
412,Male,No,39.0,Yes,Entertainment,,Low,3.0,Cat_5,C
413,Female,No,61.0,Yes,Entertainment,10.0,Low,2.0,Cat_5,C
414,Male,Yes,49.0,,Executive,13.0,Average,5.0,Cat_7,D
415,Female,Yes,56.0,Yes,Healthcare,5.0,High,2.0,Cat_6,C
416,Female,No,43.0,Yes,Lawyer,7.0,Low,3.0,Cat_5,B
417,Female,Yes,18.0,Yes,Lawyer,4.0,Low,1.0,Cat_1,A
418,Female,Yes,52.0,Yes,Artist,14.0,Low,5.0,Cat_7,D
419,Female,Yes,73.0,Yes,Executive,8.0,Average,,Cat_5,D
420,Female,Yes,49.0,No,Executive,5.0,Average,3.0,Cat_4,B
421,Male,No,26.0,No,Healthcare,0.0,Low,2.0,Cat_4,A
422,Male,Yes,42.0,Yes,Engineer,2.0,Average,2.0,Cat_5,B
423,Male,No,56.0,Yes,Engineer,13.0,Average,7.0,Cat_6,D
424,Male,Yes,49.0,Yes,Lawyer,13.0,High,2.0,Cat_5,C
425,Female,No,45.0,Yes,Executive,3.0,High,2.0,Cat_3,B
426,Male,Yes,70.0,Yes,Doctor,12.0,Average,7.0,Cat_7,D
427,Male,No,24.0,No,Artist,4.0,Low,1.0,Cat_6,A
428,Female,Yes,46.0,No,Lawyer,9.0,Average,2.0,Cat_6,C
429,Male,No,35.0,No,Lawyer,4.0,Average,1.0,Cat_3,A
430,Female,No,40.0,No,Doctor,4.0,Average,4.0,Cat_3,B
431,Female,Yes,38.0,Yes,Artist,13.0,Average,3.0,Cat_7,C
432,Female,Yes,50.0,Yes,Executive,5.0,Low,4.0,Cat_3,B
433,Female,No,22.0,Yes,Homemaker,4.0,Low,2.0,Cat_1,A
434,Male,No,45.0,Yes,Artist,5.0,High,3.0,Cat_4,C
435,Male,No,40.0,Yes,Homemaker,9.0,Low,3.0,Cat_4,B
436,Female,Yes,35.0,Yes,Doctor,7.0,Average,3.0,Cat_5,C
437,Male,Yes,72.0,No,Engineer,9.0,High,4.0,Cat_7,D
438,Male,No,61.0,Yes,Entertainment,10.0,Low,3.0,Cat_7,D
439,Female,No,20.0,Yes,Entertainment,1.0,Average,2.0,Cat_1,A
440,Male,Yes,28.0,Yes,Entertainment,3.0,Average,3.0,Cat_4,B
441,Female,Yes,48.0,No,Homemaker,14.0,Low,6.0,Cat_7,D
442,Male,Yes,37.0,Yes,Engineer,9.0,High,3.0,Cat_6,C
443,Male,Yes,42.0,No,Entertainment,9.0,Average,2.0,Cat_4,B
444,Female,No,33.0,Yes,Engineer,2.0,Average,2.0,Cat_3,B
445,Female,Yes,41.0,Yes,Lawyer,12.0,Average,4.0,Cat_5,C
446,Male,No,36.0,No,Engineer,5.0,High,3.0,Cat_7,C
447,Male,Yes,48.0,Yes,Lawyer,12.0,Average,3.0,Cat_3,D
448,Male,No,27.0,No,Entertainment,1.0,Average,1.0,Cat_1,A
449,Male,,74.0,Yes,Lawyer,11.0,Average,3.0,Cat_4,D
450,Female,Yes,22.0,Yes,Engineer,0.0,Low,1.0,Cat_2,A
451,Male,Yes,37.0,Yes,Entertainment,10.0,High,3.0,Cat_6,C
452,Male,Yes,51.0,Yes,Engineer,11.0,Average,3.0,Cat_1,C
453,Male,Yes,71.0,Yes,Engineer,9.0,High,4.0,Cat_7,D
454,Male,Yes,64.0,No,Marketing,10.0,Average,7.0,Cat_6,D
455,Female,Yes,55.0,No,Doctor,8.0,Low,3.0,Cat_7,D
456,Female,No,28.0,No,Lawyer,1.0,Average,,Cat_6,A
457,Female,Yes,60.0,Yes,Homemaker,8.0,Low,3.0,Cat_6,D
458,Female,No,28.0,No,Artist,2.0,Low,1.0,Cat_2,A
459,Male,Yes,46.0,No,Marketing,,Average,4.0,Cat_2,B
460,Female,Yes,67.0,No,Executive,9.0,Low,4.0,Cat_6,D
461,Male,No,39.0,No,Executive,11.0,High,2.0,Cat_2,C
462,Female,No,57.0,,Artist,7.0,High,2.0,Cat_5,C
463,Female,Yes,59.0,Yes,Executive,11.0,Average,4.0,Cat_3,C
464,Male,No,70.0,Yes,Homemaker,9.0,Low,3.0,Cat_6,D
465,Female,Yes,72.0,No,Marketing,11.0,Low,7.0,Cat_4,D
466,Female,No,19.0,Yes,Homemaker,,Low,1.0,Cat_2,A
467,Female,No,40.0,No,Doctor,,High,3.0,Cat_4,B
468,Female,Yes,46.0,No,Homemaker,9.0,Low,3.0,Cat_1,B
469,Male,Yes,25.0,No,Artist,0.0,Average,1.0,Cat_7,A
470,Male,Yes,42.0,Yes,Doctor,3.0,High,4.0,Cat_5,B
471,Female,No,33.0,No,Engineer,1.0,Low,2.0,Cat_2,A
472,Male,Yes,46.0,No,Doctor,4.0,Average,2.0,Cat_4,B
473,Female,Yes,78.0,Yes,Executive,13.0,Average,6.0,Cat_5,D
474,Male,Yes,65.0,Yes,Entertainment,8.0,Average,4.0,Cat_6,D
475,Male,Yes,31.0,No,Engineer,2.0,Low,3.0,Cat_2,B
476,Male,Yes,58.0,No,Healthcare,10.0,Low,4.0,Cat_2,D
477,Male,Yes,18.0,No,Lawyer,4.0,Low,1.0,Cat_5,A
478,Male,Yes,69.0,Yes,Healthcare,13.0,Low,3.0,Cat_7,D
479,Female,No,43.0,Yes,Engineer,8.0,High,2.0,Cat_6,C
480,Female,Yes,39.0,Yes,Engineer,,Average,3.0,Cat_4,C
481,Male,No,30.0,No,Doctor,1.0,High,1.0,Cat_1,A
482,Female,No,18.0,Yes,Artist,3.0,Low,2.0,Cat_1,A
483,Female,No,26.0,No,Homemaker,4.0,Low,2.0,Cat_2,A
484,Male,No,23.0,Yes,Executive,0.0,Low,2.0,Cat_7,A
485,Male,No,54.0,Yes,Homemaker,10.0,Average,3.0,Cat_1,D
486,Male,Yes,28.0,No,Executive,5.0,Low,3.0,Cat_4,B
487,Male,Yes,56.0,Yes,Lawyer,9.0,Average,3.0,Cat_3,C
488,Female,,64.0,Yes,Executive,10.0,High,3.0,Cat_7,C
489,Female,No,43.0,Yes,Homemaker,5.0,High,2.0,Cat_7,C
490,Female,No,27.0,No,Doctor,1.0,Average,2.0,Cat_2,A
491,Female,No,54.0,Yes,Doctor,14.0,High,3.0,Cat_5,C
492,Female,No,32.0,No,Doctor,4.0,Low,1.0,Cat_4,A
493,Male,No,80.0,Yes,Homemaker,13.0,Average,3.0,Cat_7,D
494,Male,Yes,44.0,Yes,Doctor,14.0,Average,3.0,Cat_2,C
495,Male,No,35.0,No,Executive,4.0,Low,4.0,Cat_1,B
496,Female,Yes,21.0,Yes,Marketing,2.0,Low,2.0,Cat_2,A
497,Male,,64.0,,Executive,12.0,Low,3.0,Cat_7,D
498,Female,No,64.0,Yes,Healthcare,6.0,High,3.0,Cat_7,C
499,Male,Yes,44.0,Yes,Healthcare,,Average,3.0,Cat_7,C
500,Male,Yes,54.0,Yes,Executive,,Average,2.0,Cat_6,C
501,Male,Yes,46.0,No,Homemaker,8.0,Average,5.0,,D
502,Male,Yes,53.0,Yes,Doctor,,High,,Cat_6,D
503,Male,No,33.0,Yes,Healthcare,8.0,Average,3.0,Cat_6,B
504,Male,Yes,41.0,Yes,Artist,6.0,High,2.0,Cat_3,B
505,Female,Yes,53.0,Yes,Doctor,8.0,High,2.0,Cat_5,C
506,Male,No,49.0,Yes,Healthcare,6.0,Average,2.0,Cat_4,B
507,Female,Yes,43.0,No,Lawyer,5.0,Low,3.0,Cat_5,B
508,Female,Yes,41.0,No,Homemaker,9.0,High,2.0,Cat_6,C
509,Male,Yes,60.0,Yes,Lawyer,,High,4.0,Cat_6,C
510,Male,Yes,65.0,Yes,Executive,13.0,Low,6.0,Cat_6,D
511,Male,No,57.0,Yes,Executive,8.0,Average,4.0,Cat_6,D
512,Male,Yes,38.0,No,Marketing,2.0,Average,3.0,Cat_6,B
513,Female,No,30.0,No,Engineer,7.0,Average,3.0,Cat_4,B
514,Male,No,61.0,Yes,Engineer,10.0,High,4.0,Cat_6,C
515,Male,Yes,64.0,Yes,Healthcare,12.0,Low,4.0,Cat_7,D
516,Male,No,48.0,Yes,Healthcare,6.0,Average,4.0,Cat_2,B
517,Female,No,27.0,No,Entertainment,0.0,Low,2.0,Cat_1,A
518,Male,Yes,51.0,Yes,Entertainment,9.0,Low,6.0,Cat_6,D
519,Female,Yes,37.0,Yes,Executive,8.0,High,3.0,Cat_6,C
520,Female,No,20.0,No,Executive,3.0,Low,1.0,Cat_1,A
521,Male,Yes,26.0,No,Artist,2.0,Low,2.0,Cat_1,A
522,Female,Yes,18.0,No,Doctor,4.0,Average,1.0,Cat_3,A
523,Female,Yes,32.0,No,Executive,8.0,Average,3.0,Cat_3,B
524,Female,Yes,38.0,No,Healthcare,6.0,Average,2.0,Cat_3,B
525,Male,Yes,38.0,No,Entertainment,9.0,Average,2.0,Cat_5,B
526,Female,No,26.0,Yes,Homemaker,4.0,Low,1.0,Cat_1,A
527,Female,Yes,60.0,Yes,Doctor,8.0,Average,4.0,Cat_7,D
528,Female,No,33.0,Yes,Artist,4.0,Low,1.0,Cat_1,A
529,Female,Yes,56.0,Yes,,9.0,Average,3.0,Cat_4,C
530,Female,Yes,54.0,Yes,Engineer,8.0,High,2.0,Cat_2,C
531,Female,No,40.0,No,Engineer,,Low,3.0,Cat_4,B
532,Female,Yes,41.0,No,Entertainment,,Low,4.0,Cat_5,B
533,Male,No,29.0,Yes,Healthcare,7.0,High,3.0,Cat_2,B
534,Male,No,27.0,Yes,Entertainment,3.0,Low,1.0,Cat_1,A
535,Male,Yes,71.0,No,Marketing,10.0,Average,6.0,Cat_6,D
536,Female,Yes,78.0,Yes,Executive,10.0,Average,4.0,Cat_7,D
537,Female,Yes,52.0,No,Marketing,10.0,Average,6.0,Cat_4,D
538,Male,Yes,63.0,Yes,Executive,14.0,Average,3.0,Cat_6,D
539,Male,Yes,48.0,Yes,Engineer,5.0,Average,3.0,Cat_6,B
540,Female,Yes,50.0,No,Artist,3.0,Average,4.0,Cat_1,B
541,Male,No,31.0,Yes,Marketing,2.0,Average,1.0,Cat_1,A
542,Male,No,40.0,Yes,Doctor,7.0,Average,,Cat_4,B
543,Female,No,30.0,No,Marketing,0.0,Low,1.0,Cat_3,A
544,Male,Yes,40.0,Yes,Artist,7.0,Average,4.0,Cat_5,B
545,Female,No,28.0,Yes,Engineer,0.0,Low,2.0,Cat_4,A
546,Male,Yes,35.0,No,Homemaker,4.0,Average,2.0,Cat_2,A
547,Female,No,20.0,No,Entertainment,,Average,2.0,Cat_2,A
548,Female,Yes,39.0,Yes,Engineer,6.0,High,4.0,Cat_6,B
549,Female,Yes,37.0,No,Homemaker,3.0,Low,4.0,,B
550,Male,Yes,49.0,Yes,Lawyer,5.0,Average,2.0,Cat_1,B
551,Female,No,39.0,Yes,Healthcare,7.0,Average,4.0,Cat_2,B
552,Male,Yes,70.0,No,Healthcare,9.0,Average,7.0,Cat_4,D
553,Female,Yes,41.0,No,Entertainment,5.0,Average,3.0,Cat_3,B
554,Male,No,32.0,No,Healthcare,0.0,Average,1.0,Cat_2,A
555,Male,Yes,75.0,Yes,Artist,14.0,Average,7.0,Cat_6,D
556,Female,Yes,45.0,Yes,Engineer,7.0,Average,3.0,Cat_1,C
557,Female,No,23.0,No,Marketing,2.0,Low,,Cat_1,A
558,Male,No,24.0,No,Entertainment,1.0,Low,1.0,Cat_1,A
559,Male,Yes,59.0,Yes,Lawyer,12.0,Average,3.0,Cat_1,C
560,Female,No,59.0,Yes,Healthcare,7.0,High,4.0,Cat_1,C
561,Male,No,33.0,Yes,Entertainment,4.0,Low,2.0,Cat_5,A
562,Male,Yes,65.0,No,Doctor,10.0,Average,6.0,Cat_7,D
563,Male,No,45.0,Yes,Engineer,13.0,High,4.0,Cat_1,C
564,Male,No,44.0,Yes,Marketing,8.0,High,3.0,Cat_1,C
565,Female,Yes,71.0,Yes,Engineer,,High,3.0,Cat_7,D
566,Male,Yes,37.0,Yes,Doctor,13.0,High,3.0,Cat_6,C
567,Female,No,54.0,,Engineer,,High,3.0,Cat_5,C
568,Male,Yes,76.0,,Executive,14.0,Average,4.0,Cat_1,D
569,Male,Yes,79.0,No,Artist,14.0,Average,3.0,Cat_6,D
570,Female,Yes,39.0,Yes,Entertainment,8.0,High,2.0,Cat_7,C
571,Male,No,52.0,Yes,Lawyer,10.0,Average,2.0,Cat_4,C
572,Male,No,65.0,Yes,Doctor,13.0,Low,3.0,Cat_5,C
573,Female,Yes,47.0,Yes,Executive,5.0,Low,2.0,Cat_2,B
574,Male,No,53.0,Yes,Homemaker,5.0,High,3.0,Cat_6,C
575,Male,,57.0,Yes,Homemaker,8.0,Low,3.0,Cat_7,D
576,Female,Yes,52.0,Yes,Engineer,13.0,High,4.0,Cat_2,D
577,Male,Yes,34.0,Yes,Engineer,5.0,High,2.0,Cat_3,B
578,Male,No,33.0,No,Homemaker,1.0,Low,1.0,Cat_4,A
579,Female,Yes,62.0,No,Marketing,12.0,Low,3.0,Cat_6,D
580,Male,Yes,40.0,Yes,Engineer,8.0,Average,4.0,Cat_4,B
581,Male,No,37.0,Yes,Healthcare,9.0,Low,2.0,Cat_3,B
582,Male,No,27.0,No,Artist,3.0,High,1.0,Cat_2,A
583,Male,Yes,47.0,Yes,Executive,10.0,High,2.0,Cat_7,C
584,Male,No,21.0,Yes,Artist,1.0,Low,1.0,Cat_5,A
585,Male,No,76.0,Yes,Healthcare,,Average,6.0,Cat_6,D
586,Male,Yes,45.0,Yes,Healthcare,13.0,High,4.0,Cat_5,C
587,Male,,48.0,Yes,Marketing,14.0,Average,4.0,Cat_7,D
588,Female,No,35.0,No,Healthcare,,Low,1.0,Cat_1,A
589,Female,No,64.0,Yes,Engineer,7.0,High,3.0,Cat_5,C
590,Female,Yes,51.0,Yes,Executive,8.0,High,5.0,Cat_2,D
591,Male,Yes,50.0,No,Homemaker,13.0,Low,4.0,Cat_5,D
592,Male,Yes,42.0,Yes,Executive,14.0,High,2.0,,C
593,Male,Yes,72.0,Yes,Engineer,8.0,Low,4.0,Cat_4,D
594,Male,Yes,41.0,Yes,Engineer,6.0,High,4.0,Cat_4,C
595,Female,Yes,45.0,No,Lawyer,11.0,Average,,Cat_1,D
596,Female,Yes,50.0,Yes,Artist,10.0,High,7.0,Cat_7,D
597,Male,No,50.0,Yes,Doctor,12.0,Low,5.0,Cat_6,D
598,Female,No,42.0,Yes,Executive,10.0,High,2.0,Cat_6,C
599,Male,Yes,65.0,,Doctor,13.0,Low,3.0,Cat_3,D
600,Male,No,40.0,Yes,Doctor,2.0,Low,4.0,Cat_1,B
601,Male,Yes,54.0,Yes,Engineer,9.0,High,3.0,Cat_6,C
602,Male,No,18.0,Yes,Entertainment,0.0,Low,2.0,Cat_6,A
603,Male,Yes,72.0,Yes,Healthcare,,Average,4.0,Cat_1,D
604,Male,Yes,57.0,Yes,Doctor,11.0,High,4.0,Cat_6,C
605,Male,No,39.0,,Homemaker,4.0,Average,3.0,Cat_4,B
606,Male,Yes,46.0,Yes,Entertainment,3.0,Average,4.0,Cat_3,B
607,Male,No,27.0,Yes,Homemaker,3.0,Low,2.0,Cat_3,A
608,Female,Yes,31.0,Yes,Executive,8.0,High,4.0,Cat_3,B
609,Male,No,28.0,No,Artist,4.0,Low,2.0,Cat_3,A
610,Male,Yes,30.0,No,Entertainment,0.0,Low,1.0,Cat_4,A
611,Male,No,29.0,No,Executive,2.0,Low,3.0,Cat_5,B
612,Male,Yes,64.0,Yes,Executive,10.0,High,3.0,Cat_6,C
613,Female,No,33.0,Yes,Engineer,4.0,Average,1.0,Cat_5,A
614,Male,Yes,22.0,Yes,Artist,3.0,Average,2.0,Cat_1,A
615,Male,No,33.0,Yes,Engineer,3.0,Average,3.0,Cat_7,B
616,Female,Yes,71.0,Yes,Entertainment,14.0,Average,,Cat_4,D
617,Female,No,55.0,Yes,Marketing,7.0,High,2.0,Cat_6,C
618,Female,No,23.0,Yes,Doctor,3.0,Low,1.0,Cat_2,A
619,Female,Yes,57.0,,Engineer,,Low,2.0,Cat_6,C
620,Female,No,29.0,No,Artist,0.0,Low,2.0,Cat_5,A
621,Male,No,18.0,No,Engineer,2.0,Low,2.0,Cat_1,A
622,Female,No,34.0,Yes,Engineer,1.0,Low,1.0,Cat_5,A
623,Male,Yes,55.0,Yes,Homemaker,13.0,Low,7.0,Cat_1,D
624,Female,Yes,56.0,Yes,Engineer,12.0,Average,,Cat_6,D
625,Female,No,35.0,Yes,Artist,1.0,Low,2.0,Cat_2,A
626,Male,No,18.0,No,Doctor,,Low,2.0,Cat_1,A
627,Female,No,31.0,No,Homemaker,3.0,High,1.0,Cat_1,A
628,Male,No,64.0,Yes,Lawyer,10.0,High,,Cat_2,C
629,Male,No,34.0,Yes,Artist,2.0,Low,2.0,Cat_3,A
630,Male,Yes,63.0,Yes,Homemaker,6.0,High,4.0,Cat_7,C
631,Female,Yes,63.0,Yes,Engineer,13.0,High,3.0,Cat_7,C
632,Male,No,62.0,Yes,Executive,8.0,Average,3.0,Cat_7,D
633,Female,Yes,27.0,No,Engineer,1.0,Low,2.0,Cat_2,A
634,Male,Yes,55.0,Yes,Homemaker,14.0,High,6.0,Cat_6,D
635,Female,No,38.0,No,Executive,4.0,Average,2.0,Cat_1,B
636,Female,Yes,31.0,Yes,Executive,,Average,3.0,Cat_6,B
637,Male,No,34.0,Yes,Homemaker,2.0,Average,4.0,Cat_4,B
638,Male,Yes,71.0,Yes,Artist,9.0,High,3.0,Cat_7,D
639,Female,No,23.0,No,Artist,1.0,Low,1.0,Cat_3,A
640,Female,No,28.0,No,Lawyer,3.0,Average,1.0,Cat_2,A
641,Female,Yes,40.0,No,Artist,3.0,Average,2.0,Cat_4,B
642,Male,No,59.0,No,Artist,12.0,High,7.0,Cat_7,D
643,Female,Yes,18.0,Yes,Healthcare,,Low,1.0,Cat_5,A
644,Male,Yes,42.0,Yes,Executive,7.0,Average,4.0,Cat_3,B
645,Male,,69.0,No,Lawyer,9.0,Average,3.0,Cat_7,D
646,Female,Yes,42.0,,Lawyer,9.0,Low,4.0,Cat_4,B
647,Male,Yes,62.0,Yes,Healthcare,8.0,Average,4.0,Cat_3,D
648,Male,Yes,30.0,Yes,Executive,2.0,Average,2.0,Cat_2,B
649,Male,Yes,28.0,No,Executive,7.0,Average,3.0,Cat_4,B
650,Male,,64.0,Yes,Healthcare,7.0,High,,Cat_5,C
651,Female,No,50.0,Yes,Artist,8.0,Average,4.0,Cat_4,B
652,Female,No,31.0,No,Artist,3.0,Low,1.0,Cat_2,A
653,Male,Yes,44.0,Yes,Doctor,9.0,High,4.0,Cat_7,B
654,Male,Yes,75.0,Yes,Marketing,12.0,Low,5.0,Cat_7,D
655,Female,No,21.0,Yes,Doctor,2.0,Average,2.0,Cat_6,A
656,Male,No,38.0,No,Doctor,11.0,High,3.0,Cat_6,C
657,Male,Yes,33.0,No,Homemaker,1.0,Low,2.0,Cat_2,A
658,Female,Yes,74.0,Yes,Healthcare,13.0,High,6.0,Cat_7,D
659,Female,Yes,47.0,Yes,Doctor,14.0,Low,3.0,Cat_2,D
660,Male,,52.0,Yes,Doctor,10.0,High,3.0,Cat_4,C
661,Female,No,29.0,Yes,Executive,9.0,Average,2.0,Cat_4,B
662,Male,No,38.0,Yes,Doctor,6.0,Average,2.0,Cat_1,B
663,Male,Yes,47.0,No,Engineer,,Average,4.0,Cat_4,B
664,Female,Yes,65.0,Yes,Doctor,8.0,Average,4.0,Cat_5,D
665,Male,No,21.0,Yes,Homemaker,4.0,Low,2.0,Cat_3,A
666,Female,,48.0,Yes,Engineer,9.0,Average,,Cat_4,B
667,Male,Yes,35.0,Yes,Artist,7.0,High,4.0,Cat_7,C
668,Male,No,62.0,No,Entertainment,14.0,Low,5.0,Cat_5,D
669,Female,No,22.0,Yes,Entertainment,4.0,Average,2.0,Cat_6,A
670,Male,Yes,45.0,No,Doctor,2.0,Average,3.0,Cat_4,B
671,Male,Yes,36.0,Yes,Engineer,14.0,High,2.0,Cat_1,C
672,Male,Yes,48.0,Yes,Homemaker,14.0,High,2.0,Cat_5,C
673,Female,Yes,53.0,No,,10.0,Low,5.0,Cat_6,D
674,Male,No,27.0,Yes,Healthcare,3.0,Average,2.0,Cat_6,A
675,Female,No,24.0,No,Healthcare,3.0,Low,1.0,Cat_2,A
676,Male,Yes,28.0,No,Executive,7.0,Low,2.0,Cat_1,B
677,Female,Yes,28.0,No,Executive,7.0,Average,3.0,Cat_5,B
678,Female,Yes,48.0,No,Executive,7.0,High,4.0,Cat_6,C
679,Male,Yes,37.0,Yes,Engineer,12.0,Average,,Cat_6,C
680,Female,No,41.0,Yes,Engineer,7.0,Average,2.0,Cat_3,B
681,Male,Yes,62.0,Yes,Marketing,12.0,High,4.0,Cat_3,C
682,Male,Yes,22.0,Yes,Artist,0.0,Low,2.0,Cat_2,A
683,Male,No,43.0,No,Engineer,6.0,Average,3.0,Cat_2,B
684,Female,No,23.0,No,Artist,2.0,Low,1.0,Cat_4,A
685,Female,Yes,67.0,Yes,Marketing,13.0,Low,7.0,Cat_3,D
686,Male,Yes,58.0,No,Lawyer,11.0,Average,5.0,Cat_2,D
687,Female,No,21.0,Yes,Artist,2.0,High,,Cat_3,A
688,Male,No,26.0,Yes,Entertainment,1.0,Low,1.0,Cat_2,A
689,Female,Yes,49.0,Yes,Lawyer,10.0,Average,6.0,Cat_6,D
690,Male,Yes,48.0,No,Healthcare,,Average,4.0,Cat_4,B
691,Female,Yes,45.0,Yes,Doctor,10.0,Average,2.0,Cat_2,C
692,Male,Yes,36.0,Yes,Healthcare,,Low,3.0,Cat_7,C
693,Male,No,35.0,Yes,Homemaker,2.0,Low,2.0,Cat_5,A
694,Male,Yes,33.0,Yes,Lawyer,8.0,Average,3.0,Cat_3,B
695,Female,Yes,41.0,Yes,Healthcare,6.0,High,3.0,Cat_7,C
696,Female,Yes,65.0,Yes,Entertainment,9.0,High,4.0,Cat_5,C
697,Female,No,51.0,Yes,Lawyer,13.0,High,3.0,Cat_2,C
698,Male,No,28.0,No,Engineer,3.0,Average,4.0,Cat_1,B
699,Female,Yes,46.0,Yes,Doctor,13.0,High,4.0,Cat_5,C
700,Female,Yes,59.0,Yes,Doctor,9.0,Average,3.0,Cat_7,D
701,Male,Yes,39.0,Yes,Executive,4.0,Average,2.0,Cat_4,B
702,Male,No,28.0,No,Executive,,Low,2.0,Cat_2,B
703,Female,No,58.0,Yes,Engineer,14.0,Average,2.0,Cat_6,C
704,Male,Yes,40.0,Yes,Executive,9.0,Average,4.0,Cat_4,B
705,Female,No,31.0,No,Artist,4.0,Average,2.0,Cat_1,A
706,Male,Yes,49.0,Yes,Engineer,14.0,High,4.0,Cat_6,C
707,Female,No,38.0,Yes,Homemaker,2.0,Low,3.0,Cat_3,B
708,Male,No,31.0,Yes,Artist,2.0,Average,2.0,Cat_3,B
709,Female,No,31.0,Yes,Marketing,4.0,Average,2.0,Cat_1,A
710,Male,Yes,67.0,Yes,Executive,12.0,Average,,Cat_2,D
711,Male,No,42.0,Yes,Marketing,,Low,3.0,Cat_5,C
712,Male,Yes,56.0,No,Marketing,,High,3.0,Cat_2,C
713,Female,Yes,57.0,No,Executive,8.0,Average,5.0,Cat_7,D
714,Male,Yes,40.0,No,Entertainment,6.0,High,2.0,Cat_6,C
715,Female,Yes,32.0,No,Marketing,0.0,Low,2.0,Cat_1,A
716,Female,Yes,30.0,Yes,Marketing,3.0,Average,2.0,Cat_2,A
717,Male,No,29.0,No,Artist,4.0,Low,1.0,Cat_5,A
718,Male,Yes,48.0,No,Lawyer,5.0,Low,3.0,Cat_1,B
719,Male,No,26.0,No,Doctor,3.0,Low,1.0,Cat_6,A
720,Male,,66.0,Yes,Artist,12.0,Low,6.0,Cat_6,D
721,Female,Yes,37.0,Yes,Doctor,4.0,Average,3.0,Cat_3,B
722,Male,No,46.0,Yes,Marketing,3.0,Average,2.0,Cat_4,B
723,Male,No,60.0,Yes,Lawyer,13.0,High,3.0,Cat_4,C
724,Female,No,48.0,Yes,Homemaker,,Average,4.0,Cat_4,B
725,Female,Yes,42.0,No,Engineer,7.0,Average,4.0,Cat_2,B
726,Female,Yes,61.0,Yes,Lawyer,7.0,High,2.0,Cat_5,C
727,Male,No,40.0,Yes,Engineer,11.0,High,2.0,Cat_5,C
728,Female,Yes,43.0,Yes,Doctor,7.0,Average,2.0,Cat_1,B
729,Female,No,29.0,No,Entertainment,,Low,2.0,Cat_5,A
730,Female,Yes,76.0,Yes,Marketing,10.0,Low,5.0,Cat_5,D
731,Male,Yes,32.0,No,Artist,,Average,3.0,Cat_5,B
732,Female,No,46.0,No,Homemaker,6.0,Low,2.0,Cat_5,B
733,Male,Yes,54.0,Yes,Doctor,11.0,High,,Cat_3,C
734,Male,Yes,48.0,No,Lawyer,9.0,High,4.0,Cat_6,C
735,Female,Yes,32.0,,Artist,7.0,Average,2.0,Cat_4,B
736,Female,No,35.0,No,Doctor,4.0,Average,,Cat_4,B
737,Male,Yes,73.0,Yes,Healthcare,14.0,Low,6.0,Cat_7,D
738,Male,Yes,29.0,Yes,Healthcare,2.0,Average,1.0,Cat_2,A
739,Male,No,49.0,No,Engineer,5.0,Average,2.0,Cat_5,B
740,Male,Yes,31.0,Yes,Healthcare,7.0,Low,3.0,Cat_5,B
741,Male,No,19.0,,Entertainment,0.0,High,1.0,Cat_7,A
742,Female,No,32.0,Yes,Doctor,0.0,Low,2.0,Cat_3,A
743,Male,Yes,78.0,No,Marketing,12.0,High,7.0,Cat_2,D
744,Male,Yes,59.0,No,Engineer,9.0,Low,4.0,Cat_5,C
745,Female,Yes,36.0,Yes,Lawyer,14.0,High,2.0,Cat_4,C
746,Female,No,20.0,No,Homemaker,1.0,Average,,Cat_1,A
747,Male,Yes,47.0,Yes,Healthcare,14.0,Average,3.0,Cat_7,D
748,Male,No,31.0,No,Entertainment,2.0,Average,,Cat_4,A
749,Male,No,21.0,No,Entertainment,,Low,2.0,Cat_1,A
750,Female,Yes,48.0,No,Healthcare,8.0,Low,7.0,Cat_7,D
751,Female,Yes,48.0,No,Healthcare,7.0,Low,2.0,Cat_2,B
752,Male,No,25.0,No,Entertainment,2.0,Low,1.0,Cat_3,A
753,Male,Yes,77.0,No,Artist,11.0,Average,6.0,Cat_7,D
754,Female,No,57.0,Yes,Entertainment,5.0,Low,3.0,Cat_7,C
755,Male,No,51.0,Yes,Healthcare,9.0,Low,2.0,Cat_6,C
756,Male,Yes,35.0,Yes,Engineer,2.0,Average,1.0,Cat_5,A
757,Female,No,29.0,Yes,Artist,4.0,Average,2.0,Cat_4,A
758,Female,Yes,53.0,No,Executive,6.0,High,3.0,Cat_3,C
759,Male,No,18.0,Yes,Entertainment,2.0,Average,2.0,Cat_5,A
760,Female,Yes,76.0,Yes,Engineer,12.0,Low,5.0,Cat_5,D
761,Female,Yes,44.0,Yes,Engineer,13.0,Average,3.0,Cat_1,C
762,Female,No,22.0,No,Engineer,3.0,Average,1.0,Cat_2,A
763,Male,No,44.0,Yes,Homemaker,7.0,Average,4.0,Cat_5,B
764,Male,No,35.0,Yes,Marketing,0.0,Low,2.0,Cat_4,A
765,Female,Yes,38.0,Yes,Executive,,High,4.0,Cat_4,C
766,Male,Yes,78.0,No,Homemaker,,High,4.0,Cat_2,D
767,Male,No,50.0,No,Engineer,3.0,Average,4.0,Cat_1,B
768,Female,Yes,35.0,Yes,Marketing,7.0,Average,2.0,Cat_6,C
769,Female,No,32.0,Yes,Lawyer,4.0,Low,3.0,Cat_1,B
770,Female,Yes,30.0,No,Engineer,9.0,Average,4.0,Cat_3,B
771,Male,Yes,31.0,No,Executive,6.0,Average,4.0,Cat_2,B
772,Female,No,33.0,Yes,Artist,1.0,Average,1.0,Cat_6,A
773,Male,,24.0,,Engineer,4.0,Low,2.0,Cat_3,A
774,Female,No,33.0,No,Homemaker,2.0,Low,1.0,Cat_2,A
775,Male,,31.0,Yes,Healthcare,3.0,Average,4.0,Cat_4,B
776,Male,Yes,76.0,No,Doctor,8.0,Low,4.0,Cat_5,D
777,Female,No,21.0,Yes,Artist,2.0,Low,2.0,Cat_4,A
778,Male,Yes,32.0,Yes,Executive,5.0,Low,2.0,Cat_3,B
779,Female,No,21.0,No,Healthcare,2.0,Low,1.0,Cat_3,A
780,Male,No,64.0,Yes,Artist,,High,3.0,Cat_6,C
781,Female,Yes,42.0,Yes,Engineer,3.0,Average,2.0,Cat_5,B
782,Male,No,37.0,Yes,Entertainment,,High,2.0,Cat_3,C
783,Female,Yes,27.0,Yes,Artist,1.0,Average,1.0,Cat_4,A
784,Female,Yes,79.0,Yes,Engineer,13.0,Low,5.0,Cat_6,D
785,Male,Yes,45.0,Yes,Marketing,13.0,Low,4.0,Cat_5,D
786,Male,Yes,46.0,No,Artist,8.0,Average,2.0,Cat_3,B
787,Male,No,26.0,No,Lawyer,,Low,1.0,Cat_6,A
788,Female,Yes,34.0,No,Engineer,7.0,High,3.0,Cat_2,B
789,Female,No,62.0,Yes,Healthcare,9.0,Low,6.0,Cat_6,D
790,Female,Yes,52.0,Yes,Marketing,12.0,High,3.0,Cat_5,C
791,Male,No,46.0,Yes,Homemaker,5.0,Low,2.0,Cat_4,B
792,Female,Yes,59.0,Yes,Doctor,7.0,Average,3.0,Cat_7,C
793,Male,Yes,35.0,Yes,Engineer,2.0,Average,2.0,Cat_2,A
794,Female,Yes,40.0,Yes,Doctor,14.0,High,2.0,Cat_3,C
795,Female,Yes,49.0,Yes,Healthcare,2.0,Low,4.0,Cat_3,B
796,Male,Yes,31.0,No,Artist,,Average,4.0,Cat_4,B
797,Female,No,33.0,No,Doctor,5.0,Average,2.0,Cat_5,B
798,Female,Yes,37.0,Yes,Engineer,6.0,High,2.0,Cat_5,C
799,Male,Yes,36.0,No,Homemaker,9.0,Low,2.0,Cat_4,B
800,Female,Yes,55.0,Yes,Lawyer,,Average,,Cat_1,C
801,Male,Yes,43.0,Yes,Homemaker,14.0,High,2.0,Cat_1,C
802,Female,Yes,40.0,,Healthcare,10.0,High,4.0,Cat_6,C
803,Male,No,56.0,No,Lawyer,14.0,Average,6.0,Cat_5,D
804,Male,Yes,56.0,Yes,Executive,5.0,Average,2.0,Cat_3,C
805,Female,No,33.0,No,Healthcare,2.0,Average,1.0,Cat_3,A
806,Female,No,45.0,No,Homemaker,,Low,4.0,Cat_3,B
807,Female,Yes,74.0,Yes,Healthcare,12.0,Average,6.0,Cat_3,D
808,Male,Yes,32.0,No,Healthcare,5.0,Average,4.0,Cat_4,B
809,Male,Yes,47.0,Yes,Entertainment,5.0,Average,2.0,Cat_6,B
810,Male,Yes,72.0,Yes,Artist,10.0,Low,3.0,Cat_5,D
811,Male,No,30.0,No,Healthcare,4.0,Low,1.0,Cat_3,A
812,Male,,38.0,Yes,,7.0,Low,4.0,Cat_2,C
813,Male,No,61.0,No,Executive,8.0,Average,4.0,Cat_7,D
814,Male,No,38.0,Yes,Doctor,9.0,Low,3.0,Cat_4,B
815,Female,No,19.0,Yes,Marketing,2.0,Average,1.0,Cat_3,A
816,Male,No,35.0,No,Entertainment,5.0,Average,2.0,Cat_3,B
817,Female,Yes,50.0,No,Executive,8.0,Average,3.0,Cat_3,B
818,Male,Yes,80.0,Yes,Engineer,13.0,Average,4.0,Cat_7,D
819,Male,No,44.0,Yes,Homemaker,,High,4.0,Cat_5,C
820,Male,Yes,63.0,Yes,Healthcare,8.0,High,4.0,Cat_6,C
821,Male,No,39.0,Yes,Executive,7.0,High,4.0,Cat_2,C
822,Male,No,53.0,Yes,Homemaker,8.0,Low,3.0,Cat_3,D
823,Female,No,38.0,,Executive,14.0,High,4.0,Cat_3,C
824,Female,Yes,74.0,Yes,Artist,,Average,4.0,Cat_5,D
825,Female,No,54.0,Yes,Healthcare,5.0,High,2.0,Cat_1,C
826,Female,No,33.0,Yes,Doctor,9.0,Average,3.0,Cat_2,B
827,Male,No,52.0,Yes,Homemaker,10.0,Average,3.0,Cat_5,C
828,Female,Yes,31.0,Yes,Entertainment,6.0,Average,4.0,Cat_5,B
829,Female,Yes,62.0,No,Entertainment,10.0,High,6.0,,D
830,Male,No,75.0,Yes,Marketing,10.0,High,6.0,Cat_1,D
831,Male,,40.0,Yes,Engineer,3.0,Low,2.0,Cat_3,B
832,Female,No,25.0,Yes,Marketing,0.0,Low,1.0,Cat_2,A
833,Female,No,33.0,No,Marketing,3.0,Average,1.0,Cat_1,A
834,Male,No,33.0,Yes,Entertainment,9.0,High,2.0,Cat_3,B
835,Male,Yes,55.0,Yes,Healthcare,14.0,Average,2.0,Cat_4,C
836,Female,Yes,52.0,Yes,Homemaker,12.0,Average,5.0,Cat_4,D
837,Male,No,18.0,No,Healthcare,1.0,Average,2.0,Cat_1,A
838,Male,Yes,46.0,Yes,,14.0,Average,4.0,Cat_5,C
839,Male,No,26.0,Yes,Engineer,2.0,Average,2.0,Cat_2,A
840,Female,,21.0,Yes,Entertainment,3.0,Average,1.0,Cat_1,A
841,Male,No,26.0,No,Entertainment,0.0,High,2.0,Cat_1,A
842,Female,No,30.0,No,Executive,4.0,Low,1.0,Cat_4,A
843,Male,No,54.0,Yes,Marketing,11.0,Average,7.0,Cat_7,D
844,Male,No,30.0,No,,,Low,1.0,Cat_2,A
845,Female,Yes,52.0,No,Engineer,11.0,Low,,Cat_7,D
846,Male,Yes,60.0,No,Lawyer,12.0,Average,4.0,Cat_7,D
847,Female,Yes,35.0,No,Executive,6.0,Average,2.0,Cat_3,B
848,Male,Yes,78.0,No,Marketing,9.0,Average,7.0,Cat_4,D
849,Male,Yes,56.0,Yes,Doctor,8.0,Low,4.0,Cat_5,C
850,Male,Yes,60.0,Yes,Lawyer,9.0,Average,6.0,Cat_4,D
851,Male,No,29.0,No,Artist,3.0,Low,2.0,Cat_1,A
852,Male,No,32.0,No,Healthcare,2.0,High,1.0,Cat_2,A
853,Male,Yes,50.0,No,Healthcare,9.0,Average,7.0,Cat_7,D
854,Male,No,32.0,Yes,Engineer,9.0,High,2.0,Cat_5,B
855,Female,Yes,35.0,Yes,Healthcare,,High,,Cat_4,C
856,Female,Yes,79.0,Yes,Artist,8.0,Low,4.0,Cat_7,D
857,Female,No,34.0,No,Entertainment,2.0,Average,1.0,Cat_4,A
858,Female,,19.0,No,Artist,2.0,Low,1.0,Cat_1,A
859,Male,No,33.0,Yes,Entertainment,,Average,2.0,Cat_2,B
860,Male,Yes,28.0,No,Entertainment,3.0,Average,3.0,Cat_4,B
861,Female,No,42.0,Yes,Artist,7.0,High,2.0,Cat_7,C
862,Female,Yes,35.0,Yes,Homemaker,6.0,Average,2.0,Cat_6,C
863,Male,Yes,60.0,Yes,Marketing,14.0,Average,3.0,Cat_6,D
864,Male,No,51.0,Yes,Doctor,8.0,Low,3.0,Cat_4,D
865,Female,Yes,38.0,Yes,Marketing,7.0,High,2.0,Cat_5,C
866,Female,Yes,56.0,No,Marketing,9.0,High,4.0,Cat_7,D
867,Male,Yes,51.0,Yes,Homemaker,12.0,Low,6.0,Cat_6,D
868,Male,No,72.0,Yes,Healthcare,12.0,Low,7.0,Cat_6,D
869,Male,Yes,47.0,No,Executive,8.0,Low,2.0,Cat_3,B
870,Female,Yes,69.0,Yes,Homemaker,14.0,Average,4.0,Cat_7,D
871,Male,No,31.0,No,Entertainment,0.0,Low,2.0,Cat_1,A
872,Male,No,39.0,Yes,Executive,5.0,Low,2.0,Cat_4,B
873,Male,Yes,51.0,Yes,Doctor,10.0,Low,6.0,Cat_3,D
874,Male,Yes,48.0,Yes,Engineer,7.0,Average,4.0,Cat_4,B
875,Female,Yes,50.0,Yes,Lawyer,9.0,High,2.0,Cat_5,C
876,Female,Yes,47.0,Yes,Executive,13.0,High,2.0,Cat_5,C
877,Male,Yes,65.0,No,Executive,9.0,High,3.0,Cat_6,C
878,Female,Yes,60.0,Yes,Doctor,8.0,Low,3.0,Cat_7,D
879,Male,No,48.0,Yes,Marketing,2.0,Low,2.0,Cat_4,B
880,Male,Yes,78.0,No,Entertainment,9.0,Average,7.0,Cat_6,D
881,Male,Yes,70.0,Yes,Lawyer,8.0,Low,7.0,Cat_7,D
882,Male,Yes,70.0,Yes,Artist,11.0,High,4.0,Cat_2,D
883,Male,Yes,54.0,Yes,Healthcare,9.0,Average,3.0,Cat_1,D
884,Male,No,35.0,,Doctor,6.0,High,2.0,Cat_5,B
885,Male,Yes,40.0,Yes,Healthcare,7.0,High,4.0,Cat_6,C
886,Male,Yes,53.0,Yes,Doctor,13.0,Low,3.0,,C
887,Male,No,20.0,Yes,Healthcare,4.0,Low,2.0,Cat_5,A
888,Male,Yes,55.0,,Marketing,5.0,High,2.0,Cat_2,C
889,Male,Yes,28.0,No,Executive,8.0,Average,4.0,Cat_5,B
890,Female,No,43.0,No,Doctor,3.0,Average,3.0,Cat_2,B
891,Male,Yes,67.0,Yes,Executive,9.0,Average,6.0,Cat_4,D
892,Female,Yes,35.0,Yes,Entertainment,4.0,Low,,Cat_5,A
893,Male,Yes,51.0,Yes,Entertainment,14.0,Average,,Cat_6,D
894,Female,Yes,43.0,Yes,Doctor,12.0,High,3.0,Cat_4,C
895,Female,Yes,38.0,Yes,Lawyer,12.0,High,4.0,Cat_6,C
896,Male,Yes,34.0,Yes,Doctor,5.0,Low,2.0,Cat_1,B
897,Male,Yes,33.0,No,Marketing,0.0,Average,2.0,Cat_3,A
898,Female,Yes,50.0,,Doctor,7.0,Low,3.0,Cat_2,B
899,Female,No,26.0,Yes,Lawyer,1.0,Low,1.0,Cat_4,A
900,Male,Yes,39.0,No,Engineer,8.0,Average,4.0,Cat_4,B
901,Male,No,31.0,No,Engineer,4.0,Average,2.0,Cat_3,B
902,Male,,35.0,Yes,Artist,8.0,Average,4.0,Cat_1,B
903,Female,No,20.0,No,Artist,4.0,High,2.0,Cat_4,A
904,Male,No,42.0,No,Doctor,8.0,Average,,Cat_4,B
905,Male,No,30.0,Yes,Executive,3.0,Low,2.0,Cat_2,A
906,Female,Yes,34.0,Yes,Engineer,3.0,Average,2.0,Cat_1,B
907,Female,Yes,37.0,Yes,Doctor,,High,4.0,Cat_1,C
908,Male,Yes,63.0,No,Artist,,Low,5.0,Cat_7,D
909,Male,Yes,47.0,Yes,Artist,10.0,Average,5.0,Cat_7,D
910,Female,No,49.0,No,Homemaker,3.0,High,2.0,Cat_2,B
911,Male,Yes,65.0,Yes,Doctor,12.0,Average,2.0,Cat_1,C
912,Male,Yes,37.0,,Marketing,11.0,High,3.0,Cat_4,C
913,Male,No,18.0,No,Artist,4.0,High,1.0,Cat_3,A
914,Male,Yes,38.0,No,Entertainment,,High,3.0,Cat_2,B
915,Female,Yes,55.0,Yes,Engineer,5.0,High,3.0,,C
916,Male,Yes,75.0,Yes,Entertainment,12.0,Low,6.0,Cat_1,D
917,Female,No,19.0,Yes,Engineer,1.0,Average,2.0,Cat_2,A
918,Female,Yes,22.0,Yes,Artist,3.0,Low,2.0,Cat_6,A
919,Male,No,22.0,Yes,Artist,1.0,Average,2.0,Cat_7,A
920,Male,No,27.0,No,Entertainment,3.0,Average,2.0,Cat_2,A
921,Female,Yes,41.0,Yes,Entertainment,9.0,Low,3.0,Cat_2,B
922,Male,No,23.0,No,Artist,0.0,Low,1.0,Cat_1,A
923,Male,No,49.0,Yes,Executive,6.0,Average,2.0,Cat_3,B
924,Male,No,18.0,No,Doctor,,Average,2.0,Cat_4,A
925,Male,Yes,21.0,Yes,Lawyer,3.0,Low,2.0,Cat_1,A
926,Male,No,43.0,Yes,Executive,,Average,3.0,Cat_3,B
927,Female,Yes,30.0,No,Artist,7.0,Low,3.0,Cat_4,B
928,Female,Yes,69.0,No,Executive,14.0,Average,5.0,Cat_2,D
929,Male,Yes,47.0,Yes,Doctor,10.0,Low,4.0,Cat_6,C
930,Female,No,58.0,,Homemaker,12.0,Average,5.0,Cat_4,D
931,Male,No,52.0,Yes,Engineer,8.0,High,3.0,Cat_1,C
932,Male,No,53.0,Yes,Homemaker,9.0,High,3.0,Cat_5,D
933,Male,Yes,22.0,No,Entertainment,1.0,Average,1.0,,A
934,Male,Yes,56.0,Yes,Homemaker,13.0,Low,7.0,Cat_4,D
935,Male,Yes,36.0,Yes,Executive,9.0,High,4.0,Cat_5,C
936,Female,,56.0,No,Homemaker,9.0,Low,6.0,Cat_7,D
937,Male,Yes,50.0,No,Homemaker,9.0,Average,3.0,Cat_3,B
938,Male,Yes,31.0,Yes,Homemaker,5.0,Average,3.0,Cat_3,B
939,Female,Yes,61.0,Yes,Homemaker,8.0,High,4.0,Cat_5,C
940,Female,No,23.0,No,Homemaker,1.0,Low,1.0,Cat_5,A
941,Female,No,23.0,Yes,Healthcare,1.0,Low,2.0,Cat_2,A
942,Female,No,21.0,Yes,Artist,1.0,Average,2.0,Cat_3,A
943,Female,Yes,50.0,Yes,Artist,14.0,High,4.0,Cat_5,C
944,Female,No,27.0,No,Healthcare,3.0,Low,2.0,Cat_2,A
945,Female,No,30.0,Yes,Entertainment,4.0,Low,2.0,Cat_1,A
946,Female,No,34.0,No,Lawyer,2.0,Low,2.0,Cat_1,B
947,Male,No,28.0,No,Artist,1.0,Low,,Cat_2,A
948,Female,Yes,59.0,No,Engineer,12.0,Low,5.0,Cat_7,D
949,Male,Yes,41.0,Yes,Homemaker,13.0,High,3.0,Cat_6,C
950,Male,Yes,21.0,Yes,Executive,,Low,2.0,Cat_2,A
951,Female,Yes,62.0,Yes,Engineer,14.0,High,4.0,Cat_5,C
952,Female,Yes,40.0,Yes,Healthcare,12.0,High,3.0,Cat_1,C
953,Female,No,22.0,No,Artist,,Low,1.0,Cat_1,A
954,Female,No,34.0,No,Artist,0.0,Low,2.0,Cat_2,A
955,Female,Yes,34.0,No,Doctor,3.0,Average,2.0,Cat_5,B
956,Male,No,42.0,Yes,Doctor,9.0,Average,3.0,Cat_4,B
957,Female,Yes,71.0,Yes,Executive,8.0,High,5.0,Cat_7,D
958,Male,Yes,65.0,Yes,Doctor,9.0,High,3.0,Cat_1,C
959,Male,No,26.0,No,Entertainment,1.0,Average,2.0,Cat_3,A
960,Female,No,29.0,No,Entertainment,1.0,Low,1.0,Cat_1,A
961,Male,Yes,50.0,No,Homemaker,4.0,High,3.0,Cat_3,B
962,Female,Yes,28.0,No,Engineer,0.0,Low,1.0,Cat_1,A
963,Male,Yes,23.0,No,Marketing,0.0,Low,2.0,Cat_3,A
964,Male,Yes,64.0,Yes,Engineer,14.0,High,4.0,Cat_5,C
965,Female,Yes,49.0,Yes,Executive,5.0,High,2.0,Cat_6,C
966,Female,Yes,64.0,Yes,Doctor,12.0,Average,4.0,Cat_2,C
967,Female,No,34.0,No,Artist,1.0,Low,2.0,Cat_1,A
968,Male,Yes,72.0,No,Artist,10.0,Low,7.0,Cat_6,D
969,Male,Yes,59.0,Yes,Marketing,9.0,High,4.0,Cat_6,C
970,Female,No,27.0,No,Entertainment,3.0,Low,2.0,Cat_3,A
971,Male,No,29.0,Yes,Lawyer,0.0,Average,2.0,Cat_1,A
972,Male,Yes,70.0,Yes,Marketing,10.0,Low,5.0,Cat_6,D
973,Male,Yes,52.0,No,Healthcare,,Average,4.0,Cat_1,D
974,Male,Yes,50.0,Yes,Doctor,5.0,High,2.0,Cat_5,C
975,Female,Yes,32.0,No,Entertainment,3.0,High,4.0,Cat_4,B
976,Male,Yes,58.0,No,Entertainment,10.0,High,6.0,Cat_7,D
977,Male,Yes,49.0,Yes,Doctor,8.0,Average,5.0,Cat_6,D
978,Male,No,24.0,No,Entertainment,2.0,Low,2.0,Cat_1,A
979,Female,No,41.0,No,Executive,2.0,Average,3.0,Cat_7,B
980,Male,No,39.0,Yes,Executive,2.0,High,,Cat_4,B
981,Female,No,20.0,No,Entertainment,1.0,Low,1.0,Cat_2,A
982,Male,Yes,55.0,Yes,Lawyer,9.0,High,7.0,Cat_5,D
983,Male,Yes,41.0,No,Healthcare,7.0,High,3.0,Cat_5,C
984,Female,Yes,27.0,No,Healthcare,2.0,Low,1.0,Cat_3,A
985,Female,No,19.0,No,Entertainment,0.0,Low,1.0,Cat_4,A
986,Male,No,47.0,Yes,,8.0,Average,4.0,Cat_3,B
987,Male,No,24.0,Yes,Artist,0.0,Low,1.0,Cat_1,A
988,Male,Yes,67.0,Yes,Marketing,8.0,High,4.0,Cat_7,D
989,Female,No,33.0,No,Engineer,1.0,Low,2.0,Cat_7,A
990,Female,Yes,39.0,No,Executive,6.0,Low,4.0,Cat_4,B
991,Female,Yes,36.0,Yes,,7.0,Average,3.0,Cat_4,B
992,Male,Yes,47.0,No,Marketing,13.0,Low,7.0,Cat_6,D
993,Female,No,30.0,No,Engineer,3.0,Low,2.0,Cat_2,A
994,Female,Yes,45.0,Yes,Homemaker,12.0,High,4.0,Cat_6,C
995,Male,Yes,46.0,No,Engineer,,High,5.0,Cat_7,D
996,Female,No,54.0,Yes,Lawyer,7.0,Average,3.0,Cat_3,C
997,Female,Yes,33.0,Yes,Executive,6.0,High,,Cat_3,B
998,Male,No,27.0,Yes,Marketing,2.0,Low,1.0,Cat_2,A
999,Male,No,37.0,Yes,Engineer,12.0,High,2.0,Cat_6,C
1000,Male,No,73.0,Yes,Engineer,10.0,Low,6.0,Cat_7,D
1001,Male,No,33.0,Yes,Engineer,8.0,Low,3.0,Cat_5,B
1002,Male,,18.0,No,Artist,0.0,Low,2.0,Cat_1,A
1003,Female,No,34.0,No,Homemaker,1.0,Low,2.0,Cat_2,A
1004,Male,Yes,42.0,No,Lawyer,5.0,Low,2.0,Cat_5,B
1005,Male,No,42.0,Yes,Engineer,9.0,High,3.0,Cat_6,C
1006,Male,Yes,36.0,Yes,Marketing,8.0,Low,4.0,Cat_3,B
1007,Female,No,18.0,Yes,Doctor,0.0,Average,2.0,Cat_3,A
1008,Male,Yes,73.0,No,Homemaker,12.0,Average,6.0,Cat_4,D
1009,Female,Yes,20.0,No,Marketing,2.0,Low,2.0,Cat_4,A
1010,Male,No,29.0,No,Artist,,Average,2.0,Cat_2,A
1011,Female,No,32.0,Yes,Marketing,,Low,1.0,Cat_1,A
1012,Female,No,46.0,Yes,Healthcare,8.0,High,2.0,Cat_1,B
1013,Male,Yes,46.0,Yes,Engineer,11.0,High,2.0,Cat_6,C
1014,Male,Yes,61.0,No,Doctor,9.0,High,4.0,Cat_1,C
1015,Female,Yes,49.0,No,Homemaker,11.0,Low,4.0,Cat_7,D
1016,Female,No,22.0,No,Homemaker,2.0,Low,2.0,Cat_5,A
1017,Female,Yes,56.0,Yes,Healthcare,11.0,Average,4.0,Cat_6,D
1018,Female,Yes,36.0,Yes,Engineer,10.0,High,4.0,Cat_4,C
1019,Female,No,34.0,No,Artist,1.0,Low,2.0,Cat_2,A
1020,Female,Yes,57.0,Yes,Lawyer,13.0,Average,3.0,Cat_1,C
1021,Male,Yes,57.0,Yes,Marketing,11.0,Low,3.0,Cat_7,D
1022,Male,No,26.0,Yes,Marketing,4.0,Average,2.0,Cat_2,A
1023,Male,No,39.0,Yes,Doctor,4.0,Average,2.0,Cat_4,B
1024,Female,No,28.0,Yes,Artist,4.0,Low,2.0,Cat_1,A
1025,Female,No,45.0,No,Engineer,,High,4.0,Cat_6,C
1026,Male,No,49.0,No,Lawyer,2.0,High,4.0,Cat_6,B
1027,Female,Yes,36.0,Yes,Executive,14.0,High,3.0,Cat_4,C
1028,Female,No,34.0,Yes,Entertainment,2.0,Low,1.0,Cat_5,A
1029,Male,Yes,47.0,Yes,Healthcare,7.0,High,4.0,Cat_5,C
1030,Male,Yes,67.0,No,Engineer,,Low,4.0,Cat_3,D
1031,Male,,55.0,Yes,Engineer,9.0,High,2.0,Cat_6,C
1032,Female,No,34.0,Yes,Entertainment,3.0,Average,1.0,Cat_6,A
1033,Male,Yes,45.0,Yes,Lawyer,9.0,Average,6.0,Cat_6,D
1034,Male,No,30.0,Yes,Homemaker,2.0,Average,2.0,Cat_6,A
1035,Male,No,48.0,Yes,Artist,4.0,Low,3.0,Cat_1,B
1036,Female,No,35.0,No,Healthcare,,Low,2.0,Cat_2,A
1037,Female,Yes,54.0,Yes,Engineer,5.0,High,4.0,Cat_5,C
1038,Male,Yes,45.0,Yes,Engineer,13.0,Average,4.0,Cat_6,C
1039,Female,Yes,28.0,Yes,Homemaker,9.0,Average,3.0,Cat_1,B
1040,Male,No,19.0,No,Entertainment,3.0,Low,2.0,Cat_7,A
1041,Male,Yes,54.0,Yes,Marketing,8.0,Average,3.0,Cat_4,C
1042,Female,Yes,28.0,Yes,Executive,3.0,Average,2.0,Cat_2,A
1043,Male,Yes,76.0,No,Doctor,9.0,Low,6.0,Cat_7,D
1044,Female,Yes,57.0,No,Executive,13.0,Low,6.0,Cat_6,D
1045,Female,No,41.0,Yes,Artist,7.0,Average,2.0,Cat_4,C
1046,Male,Yes,31.0,Yes,Entertainment,9.0,High,4.0,Cat_3,B
1047,Female,Yes,39.0,No,Healthcare,8.0,Average,4.0,Cat_3,C
1048,Female,Yes,43.0,Yes,Doctor,3.0,High,3.0,Cat_3,B
1049,Male,Yes,40.0,Yes,Engineer,5.0,Average,3.0,Cat_3,B
1050,Female,Yes,53.0,Yes,Executive,9.0,High,2.0,Cat_4,C
1051,Male,Yes,39.0,Yes,Marketing,14.0,High,4.0,Cat_6,C
1052,Male,Yes,45.0,Yes,Engineer,6.0,Low,2.0,Cat_2,C
1053,Female,Yes,70.0,No,Engineer,13.0,Low,6.0,Cat_3,D
1054,Male,Yes,72.0,Yes,Artist,9.0,Low,5.0,Cat_5,D
1055,Male,No,18.0,Yes,Healthcare,4.0,Low,2.0,Cat_2,A
1056,Female,Yes,47.0,Yes,Marketing,9.0,Low,6.0,Cat_5,D
1057,Male,Yes,66.0,Yes,Executive,10.0,Low,5.0,Cat_6,D
1058,Female,Yes,25.0,No,Executive,4.0,Average,2.0,Cat_4,A
1059,Female,Yes,31.0,Yes,Entertainment,3.0,Average,2.0,Cat_2,B
1060,Female,No,47.0,Yes,Engineer,7.0,Average,4.0,Cat_2,B
1061,Female,Yes,41.0,Yes,Entertainment,2.0,Low,4.0,Cat_2,B
1062,Male,Yes,44.0,Yes,Lawyer,7.0,Average,4.0,Cat_5,B
1063,Female,Yes,42.0,Yes,Doctor,9.0,Average,2.0,Cat_4,C
1064,Male,No,62.0,Yes,Healthcare,12.0,Low,5.0,Cat_7,D
1065,Female,Yes,68.0,No,Engineer,13.0,Average,5.0,Cat_7,D
1066,Female,No,18.0,No,Executive,4.0,High,,Cat_1,A
1067,Female,Yes,53.0,No,Lawyer,9.0,Low,5.0,Cat_6,D
1068,Female,No,22.0,Yes,Homemaker,0.0,Low,2.0,Cat_2,A
1069,Female,Yes,22.0,No,Artist,2.0,Low,1.0,Cat_1,A
1070,Male,Yes,53.0,Yes,Healthcare,7.0,High,3.0,Cat_4,C
1071,Male,Yes,29.0,Yes,Homemaker,9.0,Average,4.0,Cat_4,B
1072,Male,Yes,68.0,No,Executive,10.0,Average,6.0,Cat_7,D
1073,Male,No,28.0,No,Entertainment,4.0,Low,2.0,Cat_1,A
1074,Male,Yes,61.0,Yes,Healthcare,14.0,Average,5.0,Cat_7,D
1075,Male,No,36.0,No,Executive,6.0,Low,2.0,Cat_5,B
1076,Male,No,59.0,Yes,Healthcare,,High,3.0,Cat_6,C
1077,Male,Yes,60.0,No,Engineer,9.0,Average,6.0,Cat_6,D
1078,Female,Yes,48.0,Yes,Executive,7.0,Average,4.0,Cat_4,B
1079,Male,No,42.0,Yes,Engineer,6.0,Average,2.0,Cat_4,B
1080,Male,Yes,22.0,No,Marketing,2.0,Low,1.0,Cat_3,A
1081,Male,Yes,73.0,No,Entertainment,8.0,Average,6.0,Cat_1,D
1082,Female,Yes,61.0,,Lawyer,11.0,High,3.0,,C
1083,Male,No,50.0,No,Artist,5.0,Low,3.0,Cat_2,B
1084,Male,Yes,29.0,Yes,Healthcare,4.0,Average,2.0,Cat_2,B
1085,Female,Yes,45.0,No,Marketing,7.0,Average,4.0,Cat_1,B
1086,Female,Yes,46.0,Yes,Doctor,,High,2.0,Cat_5,C
1087,Female,No,30.0,Yes,Doctor,2.0,Low,2.0,Cat_1,A
1088,Female,No,18.0,No,Executive,2.0,Average,2.0,Cat_2,A
1089,Male,Yes,27.0,No,Engineer,1.0,Low,2.0,Cat_5,A
1090,Male,Yes,56.0,Yes,Engineer,8.0,High,2.0,Cat_2,C
1091,Male,No,40.0,No,Executive,5.0,Low,2.0,Cat_1,B
1092,Female,Yes,34.0,No,Homemaker,8.0,Average,4.0,Cat_1,B
1093,Male,Yes,46.0,Yes,Lawyer,13.0,Low,3.0,Cat_6,D
1094,Male,No,53.0,Yes,Doctor,8.0,High,2.0,Cat_5,C
1095,Male,Yes,59.0,No,Lawyer,13.0,High,6.0,Cat_5,D
1096,Female,Yes,48.0,Yes,Healthcare,,Average,5.0,Cat_5,D
1097,Female,No,35.0,Yes,Healthcare,2.0,Average,2.0,Cat_1,A
1098,Female,Yes,80.0,Yes,Artist,8.0,High,5.0,Cat_7,D
1099,Female,No,27.0,No,Entertainment,1.0,Low,1.0,Cat_1,A
1100,Female,No,26.0,Yes,Artist,3.0,Average,1.0,Cat_1,A
1101,Male,Yes,48.0,,Executive,7.0,Average,4.0,Cat_6,C
1102,Male,Yes,50.0,Yes,Lawyer,8.0,Low,6.0,Cat_5,D
1103,Female,No,25.0,No,Healthcare,4.0,Average,1.0,Cat_5,A
1104,Female,No,18.0,Yes,Entertainment,1.0,Low,1.0,Cat_1,A
1105,Female,Yes,47.0,Yes,Homemaker,2.0,High,2.0,Cat_5,B
1106,Female,No,50.0,Yes,Homemaker,11.0,High,4.0,Cat_7,C
1107,Male,No,43.0,Yes,Executive,3.0,Average,2.0,Cat_4,B
1108,Male,Yes,35.0,Yes,Lawyer,5.0,Average,2.0,Cat_7,C
1109,Male,No,40.0,No,Entertainment,5.0,Average,2.0,Cat_5,B
1110,Male,Yes,29.0,No,Entertainment,9.0,Low,4.0,Cat_1,B
1111,Female,Yes,30.0,Yes,Doctor,6.0,High,2.0,Cat_3,B
1112,Female,,43.0,No,Homemaker,3.0,Average,2.0,Cat_3,B
1113,Female,No,41.0,Yes,Engineer,7.0,Average,2.0,Cat_4,B
1114,Male,Yes,47.0,Yes,Executive,9.0,Average,2.0,Cat_6,C
1115,Female,Yes,41.0,Yes,Engineer,11.0,High,3.0,Cat_2,C
1116,Male,,36.0,Yes,Engineer,12.0,Low,3.0,Cat_6,C
1117,Male,Yes,63.0,Yes,Marketing,13.0,Average,3.0,Cat_7,D
1118,Male,Yes,54.0,Yes,Executive,12.0,High,4.0,Cat_7,C
1119,Male,No,25.0,No,Engineer,3.0,Average,1.0,Cat_6,A
1120,Male,No,39.0,Yes,Entertainment,8.0,Low,3.0,Cat_4,B
1121,Female,,29.0,,Engineer,1.0,Low,1.0,Cat_2,A
1122,Male,,27.0,No,Marketing,0.0,Low,1.0,Cat_2,A
1123,Female,Yes,46.0,No,,12.0,High,3.0,Cat_5,C
1124,Male,Yes,46.0,Yes,Healthcare,14.0,High,3.0,Cat_5,C
1125,Male,Yes,47.0,Yes,Healthcare,8.0,Average,5.0,Cat_2,D
1126,Male,Yes,46.0,Yes,Marketing,9.0,Low,6.0,Cat_7,D
1127,Female,Yes,30.0,,Marketing,9.0,Average,4.0,Cat_2,B
1128,Female,Yes,21.0,Yes,Entertainment,1.0,Average,2.0,Cat_6,A
1129,Female,No,52.0,Yes,Marketing,11.0,High,2.0,Cat_4,C
1130,Female,Yes,37.0,Yes,Executive,9.0,Low,2.0,Cat_7,C
1131,Male,No,28.0,,Doctor,9.0,Average,3.0,Cat_5,B
1132,Male,Yes,27.0,No,Healthcare,3.0,Low,1.0,Cat_3,A
1133,Male,Yes,51.0,Yes,Executive,12.0,High,3.0,Cat_6,C
1134,Male,Yes,40.0,Yes,Doctor,4.0,Average,2.0,,B
1135,Female,No,33.0,Yes,Doctor,4.0,High,1.0,Cat_4,A
1136,Female,Yes,36.0,Yes,Entertainment,5.0,Low,2.0,Cat_2,B
1137,Male,,78.0,No,Engineer,8.0,Low,6.0,Cat_6,D
1138,Male,No,41.0,Yes,Healthcare,5.0,Average,3.0,Cat_3,B
1139,Male,Yes,71.0,Yes,Homemaker,8.0,Average,3.0,Cat_7,D
1140,Female,Yes,49.0,Yes,Lawyer,7.0,Average,3.0,Cat_7,B
1141,Female,Yes,53.0,Yes,Marketing,12.0,Average,5.0,Cat_6,D
1142,Female,Yes,64.0,No,Executive,7.0,High,2.0,Cat_6,C
1143,Male,Yes,33.0,No,Artist,,Average,2.0,Cat_7,A
1144,Female,No,23.0,No,Entertainment,3.0,Low,1.0,Cat_2,A
1145,Male,Yes,43.0,Yes,Lawyer,14.0,Average,3.0,Cat_5,C
1146,Female,No,19.0,No,Lawyer,2.0,Low,1.0,,A
1147,Female,Yes,57.0,No,Artist,9.0,Average,5.0,Cat_4,D
1148,Male,Yes,39.0,No,Doctor,9.0,High,4.0,Cat_7,B
1149,Male,Yes,49.0,Yes,Marketing,6.0,High,2.0,Cat_7,C
1150,Female,No,49.0,No,Entertainment,6.0,High,3.0,Cat_3,B
1151,Male,Yes,57.0,Yes,Doctor,6.0,Average,2.0,Cat_5,C
1152,Female,No,41.0,Yes,Doctor,14.0,Average,4.0,Cat_2,C
1153,Male,No,54.0,Yes,Engineer,5.0,High,2.0,Cat_5,C
1154,Female,Yes,36.0,Yes,Doctor,12.0,Average,3.0,Cat_1,C
1155,Female,No,27.0,No,Homemaker,,Average,2.0,Cat_2,A
1156,Male,Yes,76.0,Yes,Homemaker,9.0,Low,6.0,Cat_5,D
1157,Female,No,28.0,Yes,Engineer,0.0,Low,1.0,Cat_7,A
1158,Female,Yes,39.0,Yes,Artist,2.0,Low,3.0,Cat_6,B
1159,Male,Yes,80.0,No,Marketing,13.0,Average,3.0,Cat_7,D
1160,Male,No,31.0,No,Engineer,3.0,Low,2.0,Cat_2,A
1161,Male,Yes,30.0,Yes,Engineer,,Average,3.0,Cat_4,B
1162,Female,Yes,74.0,No,Executive,14.0,Low,3.0,Cat_6,D
1163,Female,No,21.0,Yes,Marketing,4.0,Average,2.0,Cat_1,A
1164,Female,No,40.0,,Healthcare,9.0,Low,4.0,Cat_3,B
1165,Male,Yes,18.0,Yes,Entertainment,1.0,Average,2.0,Cat_2,A
1166,Female,Yes,67.0,Yes,Homemaker,14.0,Average,3.0,,D
1167,Male,No,26.0,Yes,Lawyer,2.0,Low,1.0,Cat_1,A
1168,Male,Yes,26.0,Yes,Executive,0.0,Low,1.0,Cat_3,A
1169,Male,Yes,65.0,Yes,Executive,6.0,Average,3.0,Cat_5,C
1170,Male,Yes,56.0,No,Marketing,,Low,,Cat_6,C
1171,Female,No,23.0,No,Healthcare,1.0,Low,2.0,Cat_5,A
1172,Female,Yes,58.0,Yes,Doctor,6.0,High,2.0,Cat_5,C
1173,Male,Yes,62.0,Yes,Executive,12.0,Low,6.0,Cat_6,D
1174,Female,Yes,56.0,Yes,Doctor,9.0,Average,7.0,Cat_7,D
1175,Male,Yes,41.0,Yes,Engineer,8.0,Low,4.0,Cat_4,B
1176,Female,No,31.0,No,Lawyer,0.0,Low,2.0,Cat_1,A
1177,Male,Yes,68.0,No,Engineer,11.0,High,3.0,Cat_5,D
1178,Male,No,60.0,No,Healthcare,8.0,High,3.0,Cat_5,C
1179,Male,No,27.0,Yes,Executive,4.0,Average,1.0,Cat_3,A
1180,Female,No,34.0,Yes,Artist,3.0,Average,1.0,Cat_2,A
1181,Female,Yes,53.0,Yes,Executive,11.0,High,4.0,Cat_7,C
1182,Female,No,22.0,No,,4.0,Low,2.0,Cat_4,A
1183,Male,No,28.0,No,Lawyer,2.0,Average,1.0,Cat_1,A
1184,Male,No,34.0,Yes,Executive,6.0,Average,4.0,Cat_2,B
1185,Female,Yes,75.0,Yes,Doctor,14.0,Low,5.0,Cat_7,D
1186,Female,No,25.0,Yes,,,Low,2.0,Cat_4,A
1187,Female,Yes,56.0,,Executive,8.0,High,4.0,Cat_5,C
1188,Male,No,37.0,No,Healthcare,5.0,Low,2.0,Cat_4,B
1189,Female,No,28.0,No,Artist,4.0,Low,2.0,Cat_5,A
1190,Female,No,37.0,Yes,Engineer,5.0,Low,3.0,Cat_5,B
1191,Female,No,36.0,Yes,Homemaker,7.0,Average,3.0,Cat_4,B
1192,Female,No,30.0,No,Homemaker,0.0,High,1.0,Cat_6,A
1193,Female,No,27.0,Yes,Homemaker,,Low,2.0,Cat_6,A
1194,Male,Yes,62.0,Yes,Doctor,13.0,Low,5.0,Cat_4,D
1195,Male,Yes,21.0,No,Engineer,3.0,Average,2.0,Cat_5,A
1196,Male,No,27.0,No,Entertainment,3.0,Low,2.0,Cat_4,A
1197,Female,No,33.0,Yes,Entertainment,3.0,Low,,Cat_1,A
1198,Male,No,49.0,Yes,Doctor,10.0,Low,4.0,,C
1199,Male,Yes,80.0,Yes,Engineer,8.0,Low,7.0,Cat_7,D
1200,Female,No,71.0,Yes,Homemaker,10.0,Average,4.0,Cat_2,D
1201,Female,No,40.0,Yes,Artist,2.0,Low,2.0,Cat_4,B
1202,Female,No,62.0,Yes,Lawyer,14.0,Average,6.0,Cat_7,D
1203,Female,Yes,51.0,No,Executive,10.0,High,2.0,Cat_5,C
1204,Male,Yes,72.0,Yes,Marketing,11.0,Average,7.0,Cat_4,D
1205,Male,Yes,69.0,Yes,Engineer,10.0,Average,7.0,Cat_3,D
1206,Female,No,25.0,No,Healthcare,3.0,Low,2.0,Cat_3,A
1207,Female,Yes,49.0,No,Doctor,9.0,Low,2.0,Cat_6,C
1208,Male,No,34.0,Yes,Artist,9.0,High,2.0,Cat_3,B
1209,Female,,54.0,Yes,Engineer,14.0,Low,4.0,Cat_6,D
1210,Male,Yes,22.0,No,Homemaker,1.0,Average,1.0,Cat_2,A
1211,Male,Yes,72.0,Yes,Doctor,14.0,Low,7.0,Cat_5,D
1212,Male,No,43.0,Yes,Lawyer,5.0,Average,2.0,Cat_1,B
1213,Male,Yes,60.0,Yes,Doctor,12.0,High,6.0,Cat_6,D
1214,Male,Yes,51.0,Yes,Marketing,13.0,Average,6.0,Cat_3,D
1215,Male,Yes,55.0,No,Doctor,14.0,High,6.0,Cat_6,D
1216,Male,No,34.0,Yes,Homemaker,0.0,Low,2.0,Cat_4,A
1217,Male,Yes,64.0,Yes,Engineer,10.0,Average,7.0,Cat_2,D
1218,Female,Yes,20.0,Yes,Healthcare,3.0,Average,2.0,Cat_1,A
1219,Male,No,44.0,Yes,Healthcare,4.0,Average,4.0,Cat_6,B
1220,Female,Yes,60.0,Yes,Doctor,6.0,High,2.0,Cat_3,C
1221,Male,No,27.0,No,Artist,0.0,Low,,Cat_3,A
1222,Female,No,35.0,Yes,,3.0,Average,3.0,Cat_2,B
1223,Male,No,27.0,Yes,Artist,,Average,1.0,Cat_4,A
1224,Female,Yes,48.0,Yes,Homemaker,10.0,Low,6.0,Cat_2,D
1225,Female,Yes,42.0,Yes,Lawyer,5.0,High,2.0,Cat_4,C
1226,Female,No,28.0,Yes,Engineer,3.0,Average,1.0,Cat_2,A
1227,Female,Yes,66.0,No,Homemaker,,High,5.0,Cat_4,D
1228,Male,Yes,47.0,No,Healthcare,9.0,High,3.0,Cat_6,B
1229,Male,No,31.0,No,Marketing,3.0,Average,2.0,Cat_1,A
1230,Female,No,59.0,No,Engineer,14.0,High,4.0,Cat_7,C
1231,Female,Yes,18.0,Yes,Executive,4.0,Low,,Cat_1,A
1232,Female,Yes,41.0,Yes,Lawyer,13.0,High,3.0,Cat_5,C
1233,Female,Yes,38.0,Yes,Entertainment,10.0,High,3.0,Cat_6,C
1234,Female,No,22.0,Yes,Entertainment,3.0,Low,1.0,Cat_2,A
1235,Male,No,27.0,No,Healthcare,3.0,Average,1.0,Cat_1,A
1236,Male,Yes,44.0,Yes,Executive,11.0,Average,3.0,Cat_4,C
1237,Male,No,45.0,Yes,Executive,10.0,High,3.0,Cat_7,D
1238,Male,Yes,47.0,No,Engineer,10.0,Low,7.0,Cat_3,D
1239,Female,Yes,38.0,Yes,Executive,5.0,Low,3.0,Cat_6,C
1240,Male,Yes,46.0,No,Entertainment,6.0,Low,2.0,,B
1241,Female,Yes,36.0,No,Executive,3.0,Low,4.0,Cat_4,B
1242,Female,No,30.0,No,Entertainment,1.0,Average,1.0,Cat_4,A
1243,Female,No,50.0,Yes,Engineer,6.0,High,3.0,Cat_5,C
1244,Female,No,20.0,No,Healthcare,0.0,Low,2.0,Cat_2,A
1245,Female,No,53.0,Yes,Engineer,11.0,High,2.0,Cat_2,C
1246,Female,No,47.0,,Engineer,5.0,High,4.0,Cat_4,C
1247,Female,No,18.0,No,Artist,,Low,2.0,Cat_2,A
1248,Male,Yes,37.0,Yes,Healthcare,10.0,High,4.0,Cat_5,C
1249,Female,No,44.0,Yes,Homemaker,6.0,Average,4.0,Cat_2,B
1250,Male,No,24.0,Yes,Homemaker,1.0,High,1.0,Cat_1,A
1251,Female,Yes,34.0,Yes,Marketing,3.0,Low,1.0,Cat_3,A
1252,Male,No,59.0,Yes,Homemaker,8.0,High,3.0,Cat_6,D
1253,Female,Yes,48.0,Yes,Entertainment,,High,2.0,Cat_5,C
1254,Female,No,39.0,Yes,Artist,,Average,2.0,Cat_3,B
1255,Male,Yes,66.0,Yes,Doctor,13.0,Low,6.0,Cat_7,D
1256,Female,,54.0,Yes,Doctor,,High,2.0,Cat_2,C
1257,Male,Yes,51.0,No,Executive,12.0,Low,3.0,Cat_7,D
1258,Female,No,23.0,No,Healthcare,,Low,1.0,,A
1259,Male,Yes,62.0,No,Healthcare,9.0,Average,4.0,Cat_4,D
1260,Male,Yes,57.0,Yes,Engineer,12.0,High,4.0,Cat_6,C
1261,Male,Yes,50.0,Yes,Homemaker,6.0,Average,2.0,Cat_4,B
1262,Female,No,49.0,Yes,Marketing,14.0,Average,4.0,Cat_6,D
1263,Female,No,33.0,No,Artist,2.0,Average,1.0,Cat_7,A
1264,Female,No,63.0,Yes,Doctor,12.0,Average,3.0,Cat_1,C
1265,Female,No,72.0,Yes,Executive,11.0,High,4.0,Cat_6,D
1266,Female,Yes,50.0,Yes,Healthcare,5.0,Average,3.0,Cat_5,B
1267,Male,Yes,62.0,No,Homemaker,12.0,High,4.0,Cat_7,D
1268,Male,Yes,46.0,Yes,Healthcare,8.0,Low,2.0,Cat_6,B
1269,Female,No,34.0,No,Artist,2.0,Low,1.0,Cat_6,A
1270,Female,No,31.0,Yes,Entertainment,2.0,Low,2.0,Cat_2,A
1271,Female,No,24.0,Yes,Engineer,3.0,Low,,Cat_2,A
1272,Female,No,18.0,Yes,Homemaker,1.0,Low,1.0,Cat_1,A
1273,Male,Yes,42.0,No,Artist,4.0,Low,,Cat_2,B
1274,Male,No,32.0,No,Entertainment,4.0,Low,2.0,Cat_4,A
1275,Female,No,22.0,Yes,Engineer,0.0,Low,1.0,Cat_3,A
1276,Male,No,20.0,Yes,Entertainment,4.0,Low,1.0,Cat_4,A
1277,Male,Yes,60.0,Yes,Homemaker,14.0,Low,4.0,Cat_6,D
1278,Male,No,42.0,Yes,Marketing,9.0,Average,2.0,Cat_4,B
1279,Female,Yes,68.0,Yes,Entertainment,11.0,Low,,Cat_4,D
1280,Male,No,38.0,Yes,Doctor,,High,2.0,Cat_6,C
1281,Male,No,68.0,No,Executive,11.0,Low,5.0,Cat_1,D
1282,Male,No,52.0,Yes,Marketing,8.0,Average,3.0,Cat_5,C
1283,Female,Yes,71.0,Yes,Healthcare,10.0,Low,4.0,Cat_4,D
1284,Male,No,24.0,No,Doctor,1.0,Low,1.0,Cat_1,A
1285,Female,,33.0,Yes,Healthcare,7.0,Average,3.0,Cat_1,B
1286,Male,Yes,65.0,Yes,Executive,9.0,High,3.0,Cat_6,C
1287,Male,Yes,45.0,No,Executive,14.0,Low,3.0,Cat_6,D
1288,Female,Yes,59.0,Yes,Homemaker,,High,4.0,Cat_4,C
1289,Male,No,28.0,No,Artist,5.0,Average,,Cat_6,B
1290,Female,Yes,46.0,Yes,Homemaker,8.0,Low,2.0,Cat_3,B
1291,Female,No,20.0,Yes,Entertainment,0.0,Low,2.0,Cat_6,A
1292,Male,Yes,50.0,Yes,Healthcare,13.0,High,4.0,Cat_6,D
1293,Male,Yes,50.0,Yes,Healthcare,2.0,Low,2.0,Cat_4,B
1294,Male,No,35.0,No,Engineer,1.0,Low,2.0,Cat_2,A
1295,Female,No,77.0,No,Artist,,Low,4.0,Cat_3,D
1296,Female,Yes,46.0,Yes,Executive,8.0,High,4.0,Cat_2,C
1297,Male,No,35.0,No,Lawyer,5.0,Average,2.0,Cat_4,B
1298,Male,Yes,43.0,Yes,Artist,2.0,Average,2.0,Cat_5,B
1299,Male,Yes,45.0,Yes,Engineer,11.0,Low,3.0,Cat_6,C
1300,Male,No,45.0,No,Artist,8.0,Average,4.0,Cat_3,B
1301,Male,Yes,44.0,Yes,Engineer,2.0,Low,2.0,Cat_7,B
1302,Male,No,21.0,No,Executive,2.0,High,1.0,Cat_1,A
1303,Male,Yes,56.0,Yes,Engineer,11.0,Low,5.0,Cat_7,D
1304,Female,Yes,39.0,Yes,Executive,2.0,High,2.0,Cat_7,B
1305,Female,Yes,78.0,Yes,Healthcare,12.0,Average,3.0,Cat_7,D
1306,Male,Yes,64.0,Yes,Lawyer,13.0,High,3.0,Cat_2,C
1307,Male,Yes,69.0,Yes,Marketing,14.0,Average,5.0,Cat_7,D
1308,Female,Yes,26.0,No,Entertainment,3.0,Average,1.0,Cat_5,A
1309,Female,No,33.0,No,Healthcare,2.0,Average,1.0,Cat_2,A
1310,Male,Yes,37.0,No,Entertainment,7.0,High,3.0,Cat_5,C
1311,Female,No,30.0,Yes,Healthcare,3.0,Low,1.0,Cat_3,A
1312,Female,No,62.0,Yes,Engineer,10.0,Average,3.0,Cat_7,D
1313,Female,Yes,25.0,No,Artist,3.0,Low,2.0,Cat_5,A
1314,Female,Yes,80.0,Yes,Lawyer,9.0,High,4.0,Cat_5,D
1315,Female,No,51.0,Yes,Engineer,11.0,High,3.0,Cat_4,C
1316,Male,Yes,49.0,Yes,Marketing,11.0,Average,7.0,Cat_7,D
1317,Male,Yes,43.0,Yes,Homemaker,5.0,Average,3.0,Cat_5,B
1318,Female,Yes,40.0,No,Lawyer,14.0,High,4.0,Cat_6,C
1319,Male,Yes,63.0,No,Entertainment,11.0,High,4.0,Cat_1,D
1320,Male,No,31.0,No,Homemaker,1.0,Low,1.0,Cat_2,A
1321,Male,Yes,74.0,No,,14.0,High,3.0,Cat_7,D
1322,Female,,65.0,Yes,Engineer,10.0,Average,3.0,Cat_6,D
1323,Male,Yes,54.0,Yes,Executive,5.0,High,3.0,Cat_3,C
1324,Female,Yes,43.0,Yes,Lawyer,2.0,Average,,Cat_2,B
1325,Female,Yes,51.0,Yes,Engineer,10.0,Average,7.0,Cat_6,D
1326,Male,Yes,57.0,Yes,Executive,8.0,High,2.0,Cat_5,C
1327,Male,,53.0,No,Healthcare,8.0,Low,4.0,Cat_7,D
1328,Male,Yes,46.0,Yes,Engineer,4.0,Average,3.0,Cat_3,B
1329,Male,No,54.0,Yes,Executive,13.0,High,2.0,Cat_6,C
1330,Female,Yes,40.0,No,Healthcare,5.0,High,3.0,Cat_2,B
1331,Female,Yes,53.0,Yes,Executive,7.0,High,4.0,Cat_7,C
1332,Male,Yes,44.0,Yes,Marketing,,High,2.0,Cat_1,C
1333,Female,Yes,59.0,Yes,Engineer,11.0,Average,5.0,Cat_5,D
1334,Female,Yes,51.0,,Entertainment,11.0,High,5.0,Cat_7,D
1335,Male,No,33.0,Yes,Engineer,9.0,Average,2.0,Cat_3,B
1336,Male,Yes,53.0,Yes,Healthcare,12.0,Average,6.0,Cat_7,D
1337,Female,Yes,61.0,Yes,Marketing,12.0,Average,6.0,Cat_7,D
1338,Male,,64.0,No,Homemaker,10.0,Average,7.0,Cat_7,D
1339,Male,Yes,32.0,No,Homemaker,3.0,Average,3.0,Cat_1,B
1340,Male,No,34.0,No,Doctor,3.0,Average,1.0,Cat_2,A
1341,Female,Yes,29.0,Yes,Artist,,Low,4.0,Cat_2,B
1342,Male,Yes,65.0,Yes,Lawyer,9.0,Low,3.0,Cat_7,D
1343,Male,Yes,50.0,Yes,Entertainment,7.0,Average,2.0,,B
1344,Male,Yes,51.0,No,Engineer,7.0,High,3.0,Cat_3,C
1345,Male,Yes,46.0,No,Entertainment,9.0,Low,3.0,Cat_5,B
1346,Female,No,28.0,Yes,Lawyer,4.0,Average,1.0,Cat_2,A
1347,Female,Yes,52.0,Yes,Engineer,6.0,High,2.0,Cat_3,C
1348,Female,No,34.0,No,Healthcare,2.0,Average,2.0,Cat_2,A
1349,Male,Yes,55.0,No,Executive,10.0,Low,4.0,Cat_7,D
1350,Male,Yes,65.0,No,Artist,8.0,Average,6.0,Cat_7,D
1351,Male,Yes,44.0,Yes,Healthcare,,Average,4.0,Cat_6,C
1352,Male,Yes,44.0,No,Marketing,8.0,High,3.0,Cat_5,C
1353,Female,No,42.0,No,Lawyer,8.0,Average,4.0,Cat_6,B
1354,Male,No,22.0,No,Entertainment,2.0,Low,2.0,Cat_2,A
1355,Female,No,58.0,Yes,Executive,7.0,Low,2.0,Cat_5,C
1356,Male,Yes,43.0,Yes,Lawyer,,High,3.0,Cat_6,C
1357,Female,Yes,74.0,,Marketing,14.0,Low,5.0,Cat_4,D
1358,Female,Yes,35.0,Yes,Entertainment,5.0,High,3.0,Cat_3,B
1359,Male,No,19.0,No,Executive,1.0,Average,1.0,Cat_3,A
1360,Male,No,32.0,Yes,Executive,5.0,Low,3.0,Cat_5,B
1361,Male,,49.0,Yes,Executive,10.0,Average,3.0,Cat_5,C
1362,Female,No,33.0,Yes,Doctor,,Low,3.0,Cat_3,B
1363,Male,Yes,73.0,Yes,Healthcare,10.0,Low,7.0,Cat_1,D
1364,Female,No,53.0,Yes,Executive,14.0,Average,3.0,,D
1365,Female,Yes,51.0,,Engineer,7.0,Low,4.0,Cat_3,C
1366,Male,No,41.0,Yes,Engineer,13.0,Low,4.0,Cat_6,C
1367,Male,Yes,73.0,Yes,Artist,11.0,Low,4.0,,D
1368,Male,No,41.0,No,Healthcare,2.0,Average,3.0,Cat_4,B
1369,Female,Yes,49.0,Yes,Marketing,8.0,Low,4.0,Cat_6,D
1370,Male,No,40.0,,Executive,7.0,Average,4.0,Cat_2,B
1371,Male,Yes,68.0,Yes,Executive,14.0,Average,6.0,Cat_4,D
1372,Male,Yes,75.0,Yes,Lawyer,10.0,Average,7.0,Cat_7,D
1373,Male,Yes,52.0,No,Executive,,Average,5.0,Cat_7,D
1374,Male,No,33.0,No,Marketing,1.0,Low,2.0,Cat_2,A
1375,Female,No,19.0,No,Healthcare,0.0,Low,1.0,Cat_1,A
1376,Male,Yes,49.0,Yes,,14.0,High,2.0,Cat_5,C
1377,Female,Yes,35.0,Yes,Executive,4.0,High,2.0,Cat_3,B
1378,Female,No,22.0,No,Lawyer,0.0,Average,2.0,Cat_2,A
1379,Male,Yes,34.0,Yes,Executive,3.0,Low,2.0,Cat_2,B
1380,Male,No,32.0,Yes,Executive,1.0,Low,1.0,Cat_2,A
1381,Male,Yes,33.0,No,Doctor,8.0,Average,3.0,Cat_4,B
1382,Female,Yes,77.0,,Executive,9.0,Average,3.0,Cat_6,D
1383,Female,Yes,21.0,Yes,Engineer,2.0,Low,2.0,Cat_6,A
1384,Female,No,18.0,Yes,Entertainment,0.0,Average,2.0,Cat_3,A
1385,Male,Yes,63.0,Yes,Homemaker,8.0,Average,5.0,,D
1386,Female,,44.0,Yes,Executive,10.0,High,2.0,Cat_4,C
1387,Female,Yes,65.0,Yes,Doctor,9.0,Low,6.0,Cat_7,D
1388,Male,No,66.0,Yes,Engineer,10.0,Low,7.0,Cat_2,D
1389,Female,Yes,63.0,Yes,Homemaker,5.0,Average,3.0,Cat_4,C
1390,Female,No,25.0,No,Artist,1.0,Low,1.0,Cat_1,A
1391,Female,Yes,58.0,No,Homemaker,8.0,Average,3.0,Cat_7,D
1392,Male,No,67.0,No,Executive,14.0,Average,3.0,Cat_6,D
1393,Female,Yes,40.0,Yes,Engineer,6.0,Low,3.0,Cat_5,C
1394,Male,No,24.0,Yes,Artist,3.0,Low,1.0,Cat_1,A
1395,Male,Yes,46.0,Yes,Healthcare,4.0,Average,2.0,Cat_5,B
1396,Male,Yes,44.0,Yes,Artist,13.0,High,2.0,Cat_6,C
1397,Male,No,30.0,,Artist,2.0,Low,2.0,Cat_2,A
1398,Female,Yes,52.0,Yes,Doctor,6.0,Average,3.0,Cat_6,C
1399,Male,No,26.0,,Marketing,1.0,Low,1.0,Cat_4,A
1400,Female,No,64.0,No,Engineer,13.0,Average,2.0,Cat_6,C
1401,Female,Yes,35.0,Yes,Entertainment,,Low,1.0,Cat_4,A
1402,Male,No,30.0,Yes,Lawyer,2.0,High,1.0,Cat_7,A
1403,Male,No,18.0,No,Homemaker,1.0,Average,2.0,Cat_5,A
1404,Male,No,28.0,Yes,Healthcare,0.0,Low,1.0,Cat_4,A
1405,Female,Yes,74.0,No,Entertainment,9.0,Average,4.0,Cat_7,D
1406,Male,No,37.0,Yes,Healthcare,5.0,Average,4.0,Cat_5,B
1407,Female,No,25.0,Yes,Healthcare,1.0,Average,1.0,Cat_1,A
1408,Male,Yes,47.0,No,Engineer,2.0,Average,4.0,Cat_5,B
1409,Female,Yes,59.0,,Engineer,10.0,High,3.0,Cat_7,C
1410,Male,No,19.0,No,Executive,0.0,Low,1.0,Cat_2,A
1411,Male,Yes,25.0,Yes,,4.0,Low,2.0,Cat_2,A
1412,Female,No,30.0,Yes,Healthcare,2.0,Average,4.0,Cat_2,B
1413,Male,Yes,44.0,No,Entertainment,3.0,Low,2.0,Cat_4,B
1414,Female,Yes,19.0,No,Doctor,4.0,Low,,Cat_3,A
1415,Female,No,31.0,No,Doctor,1.0,Average,1.0,Cat_3,A
1416,Male,No,28.0,Yes,Marketing,5.0,Average,3.0,Cat_3,B
1417,Male,No,35.0,Yes,Entertainment,11.0,High,3.0,Cat_5,C
1418,Male,Yes,35.0,Yes,Homemaker,8.0,Average,3.0,Cat_1,B
1419,Female,Yes,34.0,No,Homemaker,7.0,Average,4.0,Cat_5,B
1420,Female,No,26.0,,Healthcare,4.0,Low,2.0,Cat_1,A
1421,Male,Yes,37.0,Yes,Homemaker,8.0,Low,4.0,Cat_4,B
1422,Female,Yes,35.0,No,Doctor,4.0,Average,2.0,Cat_4,B
1423,Female,Yes,69.0,Yes,Artist,8.0,Average,6.0,Cat_7,D
1424,Female,No,38.0,Yes,Lawyer,5.0,High,2.0,Cat_6,C
1425,Male,Yes,72.0,Yes,Healthcare,10.0,High,5.0,Cat_1,D
1426,Female,Yes,43.0,Yes,Doctor,6.0,High,2.0,Cat_5,C
1427,Female,No,49.0,No,Executive,7.0,Average,4.0,Cat_4,B
1428,Female,No,52.0,Yes,Engineer,6.0,High,,Cat_6,C
1429,Male,Yes,64.0,Yes,Executive,13.0,Low,4.0,Cat_6,C
1430,Male,No,38.0,Yes,Lawyer,9.0,High,4.0,Cat_7,C
1431,Male,Yes,66.0,No,Doctor,9.0,Average,7.0,Cat_5,D
1432,Female,Yes,47.0,Yes,Marketing,14.0,Low,4.0,Cat_7,D
1433,Female,No,41.0,Yes,Doctor,13.0,High,4.0,Cat_5,C
1434,Female,No,49.0,No,Entertainment,9.0,Low,4.0,Cat_7,D
1435,Male,No,23.0,No,Healthcare,2.0,Low,1.0,Cat_2,A
1436,Male,Yes,35.0,Yes,Engineer,10.0,Average,2.0,Cat_5,C
1437,Male,No,50.0,No,Healthcare,4.0,Average,2.0,Cat_4,B
1438,Male,Yes,42.0,Yes,Executive,6.0,High,4.0,Cat_6,C
1439,Female,No,49.0,Yes,Doctor,8.0,Average,3.0,Cat_3,B
1440,Female,No,49.0,Yes,Artist,10.0,Average,3.0,Cat_4,C
1441,Male,Yes,63.0,Yes,Artist,8.0,Average,4.0,Cat_7,D
1442,Male,No,50.0,Yes,Healthcare,12.0,High,3.0,Cat_3,C
1443,Male,Yes,69.0,Yes,,9.0,Low,6.0,,D
1444,Female,Yes,35.0,Yes,Lawyer,4.0,Average,3.0,Cat_3,B
1445,Male,Yes,71.0,No,Homemaker,12.0,Average,4.0,Cat_7,D
1446,Male,Yes,31.0,Yes,Engineer,8.0,Average,3.0,Cat_4,B
1447,Male,Yes,62.0,Yes,Healthcare,9.0,High,4.0,Cat_3,C
1448,Female,Yes,42.0,Yes,Doctor,,Average,2.0,Cat_2,B
1449,Male,Yes,74.0,Yes,Executive,,Average,4.0,Cat_3,D
1450,Female,No,26.0,No,Doctor,3.0,Low,2.0,Cat_6,A
1451,Male,No,60.0,Yes,Homemaker,11.0,Average,3.0,Cat_7,D
1452,Male,No,63.0,Yes,Artist,14.0,Average,5.0,Cat_7,D
1453,Female,Yes,63.0,Yes,Executive,11.0,High,4.0,,C
1454,Male,No,70.0,Yes,Healthcare,10.0,Low,6.0,Cat_2,D
1455,Female,No,30.0,No,Doctor,,Low,2.0,Cat_7,A
1456,Male,No,19.0,No,Healthcare,0.0,Low,2.0,Cat_5,A
1457,Male,Yes,25.0,,,1.0,Average,1.0,Cat_4,A
1458,Male,No,47.0,Yes,Artist,7.0,Low,3.0,Cat_4,B
1459,Female,No,46.0,Yes,Doctor,13.0,Low,7.0,Cat_7,D
1460,Female,Yes,35.0,No,Healthcare,9.0,Average,2.0,Cat_4,B
1461,Male,Yes,40.0,No,Homemaker,10.0,High,3.0,Cat_3,C
1462,Male,Yes,57.0,No,Executive,8.0,High,2.0,Cat_1,C
1463,Female,No,34.0,No,Artist,1.0,Low,2.0,Cat_1,A
1464,Male,Yes,30.0,No,Entertainment,2.0,High,2.0,Cat_3,B
1465,Male,No,30.0,No,Homemaker,2.0,Low,2.0,Cat_4,A
1466,Female,No,34.0,No,Doctor,4.0,Average,1.0,Cat_2,A
1467,Male,Yes,76.0,No,Doctor,14.0,Low,4.0,Cat_2,D
1468,Female,,53.0,No,Executive,11.0,Average,6.0,Cat_6,D
1469,Female,No,46.0,Yes,Lawyer,10.0,High,3.0,Cat_6,C
1470,Male,Yes,80.0,Yes,Healthcare,8.0,Average,7.0,Cat_7,D
1471,Female,No,58.0,Yes,Healthcare,5.0,High,4.0,Cat_2,C
1472,Male,Yes,60.0,Yes,Healthcare,14.0,Average,4.0,Cat_7,D
1473,Male,No,22.0,No,Artist,1.0,High,2.0,Cat_1,A
1474,Male,Yes,54.0,Yes,Healthcare,13.0,High,4.0,Cat_3,C
1475,Male,Yes,33.0,No,Executive,9.0,High,3.0,Cat_3,B
1476,Male,Yes,29.0,Yes,Artist,2.0,High,4.0,Cat_4,B
1477,Male,Yes,31.0,Yes,Homemaker,2.0,Average,2.0,Cat_3,B
1478,Female,No,61.0,No,Executive,9.0,Low,7.0,Cat_3,D
1479,Female,Yes,51.0,Yes,Executive,12.0,High,3.0,Cat_7,C
1480,Male,Yes,48.0,Yes,Engineer,3.0,Average,3.0,Cat_4,B
1481,Male,No,27.0,No,Artist,0.0,Low,2.0,Cat_2,A
1482,Female,Yes,75.0,Yes,Healthcare,9.0,Low,5.0,Cat_5,D
1483,Female,Yes,71.0,,Homemaker,14.0,Average,5.0,Cat_3,D
1484,Female,Yes,44.0,Yes,Marketing,3.0,Average,4.0,Cat_2,B
1485,Female,No,42.0,No,Healthcare,5.0,Low,3.0,Cat_3,B
1486,Male,No,21.0,No,Homemaker,,Low,2.0,Cat_1,A
1487,Male,Yes,43.0,Yes,Doctor,14.0,Average,4.0,Cat_6,C
1488,Female,No,46.0,Yes,Engineer,10.0,Average,2.0,Cat_2,C
1489,Female,Yes,56.0,Yes,Healthcare,8.0,High,2.0,Cat_7,C
1490,Male,Yes,38.0,Yes,Entertainment,5.0,Average,2.0,Cat_4,C
1491,Female,Yes,35.0,Yes,Marketing,5.0,Average,4.0,Cat_2,B
1492,Male,No,26.0,No,Homemaker,,Average,2.0,Cat_5,A
1493,Female,Yes,58.0,Yes,Executive,10.0,Low,3.0,Cat_6,D
1494,Male,Yes,63.0,Yes,Doctor,12.0,High,3.0,Cat_5,C
1495,Male,Yes,42.0,No,Healthcare,9.0,Average,4.0,Cat_3,B
1496,Female,Yes,65.0,Yes,Doctor,,High,2.0,Cat_1,C
1497,Male,Yes,45.0,Yes,Lawyer,14.0,High,3.0,Cat_5,C
1498,Male,No,27.0,,Engineer,3.0,Low,2.0,Cat_1,A
1499,Female,No,48.0,No,Healthcare,9.0,Low,4.0,Cat_4,D
1500,Female,Yes,52.0,Yes,Marketing,13.0,Average,6.0,Cat_7,D
1501,Male,Yes,32.0,No,Homemaker,,High,2.0,Cat_2,A
1502,Female,No,35.0,No,Doctor,2.0,Low,2.0,Cat_7,A
1503,Male,No,44.0,Yes,Entertainment,5.0,Average,4.0,Cat_6,C
1504,Male,No,29.0,No,Marketing,2.0,Average,2.0,Cat_5,A
1505,Male,No,26.0,,Lawyer,3.0,Low,1.0,Cat_1,A
1506,Female,No,27.0,No,Entertainment,3.0,Average,1.0,Cat_3,A
1507,Male,Yes,18.0,No,Entertainment,2.0,Low,2.0,Cat_5,A
1508,Male,No,49.0,Yes,Engineer,9.0,Low,4.0,Cat_1,B
1509,Female,Yes,56.0,,,11.0,High,4.0,Cat_1,D
1510,Female,Yes,34.0,Yes,Doctor,2.0,Average,1.0,Cat_2,A
1511,Female,No,26.0,Yes,Marketing,,Low,1.0,Cat_1,A
1512,Female,No,26.0,No,Engineer,1.0,Low,1.0,Cat_7,A
1513,Male,Yes,75.0,No,Marketing,12.0,Low,6.0,Cat_4,D
1514,Male,Yes,40.0,Yes,Executive,9.0,Low,3.0,Cat_3,B
1515,Male,Yes,39.0,No,Healthcare,8.0,Average,,Cat_4,B
1516,Female,No,21.0,No,Engineer,4.0,Low,2.0,Cat_5,A
1517,Male,No,42.0,Yes,Marketing,8.0,High,3.0,Cat_5,C
1518,Male,No,45.0,No,Executive,3.0,High,3.0,Cat_2,B
1519,Female,No,42.0,No,Healthcare,7.0,Average,2.0,Cat_3,B
1520,Female,No,48.0,Yes,Homemaker,6.0,Low,3.0,Cat_4,B
1521,Male,Yes,21.0,No,Artist,4.0,Average,,Cat_1,A
1522,Male,No,29.0,Yes,Entertainment,2.0,Low,2.0,Cat_1,A
1523,Female,Yes,71.0,No,Healthcare,8.0,Low,6.0,Cat_4,D
1524,Female,No,37.0,Yes,Healthcare,14.0,Average,3.0,Cat_6,C
1525,Female,Yes,65.0,Yes,Engineer,13.0,High,4.0,Cat_6,C
1526,Male,No,18.0,Yes,Entertainment,4.0,Low,,Cat_1,A
1527,Female,Yes,30.0,Yes,Doctor,2.0,Average,4.0,Cat_3,B
1528,Female,,23.0,No,Artist,1.0,Low,,Cat_2,A
1529,Female,No,34.0,No,Entertainment,4.0,Low,2.0,Cat_1,A
1530,Female,No,44.0,Yes,Homemaker,9.0,Low,3.0,Cat_5,B
1531,Female,Yes,29.0,No,Engineer,2.0,Average,,Cat_4,B
1532,Male,Yes,61.0,No,Engineer,12.0,Low,3.0,Cat_3,D
1533,Male,No,34.0,No,Entertainment,3.0,Low,2.0,Cat_3,A
1534,Female,Yes,29.0,Yes,Marketing,3.0,Average,4.0,Cat_2,B
1535,Male,No,72.0,Yes,Engineer,8.0,High,7.0,,D
1536,Male,Yes,29.0,No,,5.0,Average,2.0,Cat_4,B
1537,Female,Yes,56.0,Yes,Healthcare,13.0,Average,7.0,Cat_3,D
1538,Female,No,27.0,No,Artist,4.0,Low,2.0,Cat_4,A
1539,Male,Yes,37.0,No,Marketing,6.0,Average,4.0,Cat_4,B
1540,Female,No,29.0,Yes,Healthcare,3.0,High,1.0,Cat_4,A
1541,Male,No,40.0,Yes,Executive,5.0,High,2.0,Cat_4,C
1542,Male,Yes,51.0,Yes,Artist,10.0,High,4.0,Cat_5,C
1543,Female,No,28.0,No,Artist,0.0,Low,2.0,Cat_2,A
1544,Female,Yes,64.0,Yes,Artist,14.0,Low,7.0,Cat_7,D
1545,Female,No,78.0,No,Healthcare,,Average,5.0,Cat_5,D
1546,Male,No,65.0,No,Entertainment,6.0,High,2.0,Cat_5,C
1547,Male,No,26.0,Yes,Homemaker,2.0,Low,2.0,Cat_6,A
1548,Male,No,27.0,No,,2.0,Low,1.0,Cat_4,A
1549,Female,No,45.0,Yes,Executive,7.0,Average,2.0,Cat_1,C
1550,Female,No,26.0,No,Homemaker,3.0,Low,2.0,Cat_2,A
1551,Male,No,47.0,Yes,Homemaker,2.0,Average,4.0,Cat_4,B
1552,Female,,31.0,No,Lawyer,6.0,Average,3.0,Cat_4,B
1553,Male,Yes,35.0,No,Artist,2.0,Low,4.0,Cat_3,B
1554,Male,Yes,49.0,Yes,Lawyer,7.0,Low,4.0,Cat_4,B
1555,Male,Yes,50.0,No,Entertainment,5.0,Low,3.0,Cat_1,B
1556,Female,Yes,38.0,Yes,Healthcare,13.0,High,3.0,Cat_6,C
1557,Female,No,26.0,Yes,Healthcare,4.0,Average,2.0,Cat_2,A
1558,Male,Yes,63.0,No,Homemaker,9.0,Average,6.0,Cat_6,D
1559,Male,Yes,23.0,Yes,Entertainment,3.0,Low,1.0,Cat_1,A
1560,Male,Yes,56.0,No,Engineer,12.0,Low,3.0,Cat_6,C
1561,Male,Yes,59.0,Yes,Executive,5.0,High,3.0,Cat_6,C
1562,Male,Yes,43.0,No,Executive,9.0,High,3.0,Cat_4,B
1563,Female,No,33.0,Yes,Lawyer,5.0,Average,2.0,Cat_5,B
1564,Male,Yes,51.0,Yes,Lawyer,12.0,High,3.0,Cat_4,C
1565,Male,Yes,34.0,No,Lawyer,8.0,Average,3.0,Cat_4,B
1566,Male,No,28.0,Yes,Artist,3.0,Average,1.0,Cat_3,A
1567,Male,,55.0,Yes,Lawyer,9.0,High,2.0,Cat_6,C
1568,Male,No,52.0,Yes,Doctor,12.0,High,4.0,Cat_6,C
1569,Male,Yes,58.0,No,Homemaker,8.0,Average,7.0,Cat_5,D
1570,Male,No,39.0,Yes,Executive,9.0,Average,3.0,Cat_3,B
1571,Male,Yes,46.0,Yes,Engineer,14.0,Low,4.0,Cat_1,C
1572,Female,Yes,58.0,Yes,Executive,5.0,High,4.0,Cat_4,C
1573,Male,,25.0,Yes,Entertainment,2.0,Low,2.0,Cat_6,A
1574,Female,Yes,51.0,Yes,Healthcare,14.0,Low,2.0,Cat_6,C
1575,Male,No,39.0,No,Artist,5.0,Average,2.0,Cat_3,B
1576,Female,,46.0,No,Lawyer,4.0,Low,2.0,Cat_5,B
1577,Male,Yes,50.0,No,Marketing,12.0,Average,3.0,Cat_5,D
1578,Female,Yes,41.0,Yes,Entertainment,10.0,Average,4.0,Cat_1,C
1579,Female,No,62.0,Yes,Homemaker,11.0,Low,7.0,Cat_2,D
1580,Male,Yes,49.0,Yes,Doctor,11.0,Low,5.0,Cat_7,D
1581,Female,Yes,20.0,No,Lawyer,,Average,2.0,Cat_7,A
1582,Male,,78.0,No,Entertainment,9.0,Low,7.0,Cat_7,D
1583,Male,Yes,78.0,Yes,Artist,,Average,3.0,Cat_7,D
1584,Female,Yes,46.0,Yes,Artist,12.0,Low,7.0,Cat_6,D
1585,Male,Yes,32.0,No,Doctor,,Low,3.0,Cat_1,B
1586,Male,Yes,78.0,Yes,Healthcare,,Average,7.0,Cat_3,D
1587,Male,No,58.0,Yes,Marketing,11.0,Low,6.0,Cat_3,D
1588,Male,Yes,73.0,No,Entertainment,13.0,Low,5.0,Cat_3,D
1589,Female,Yes,53.0,Yes,Engineer,12.0,Average,4.0,Cat_6,C
1590,Female,No,72.0,No,Homemaker,14.0,Low,3.0,Cat_4,D
1591,Male,Yes,74.0,Yes,Doctor,11.0,Average,3.0,Cat_4,D
1592,Male,Yes,46.0,Yes,Engineer,14.0,High,3.0,Cat_6,C
1593,Male,Yes,49.0,Yes,Executive,11.0,High,2.0,Cat_3,C
1594,Male,Yes,36.0,Yes,Healthcare,4.0,High,3.0,Cat_1,B
1595,Female,Yes,50.0,Yes,Executive,7.0,Average,3.0,Cat_3,B
1596,Male,Yes,69.0,Yes,Executive,9.0,High,3.0,Cat_7,D
1597,Male,Yes,43.0,Yes,Doctor,14.0,High,4.0,Cat_2,C
1598,Male,Yes,58.0,Yes,Marketing,13.0,High,5.0,Cat_6,D
1599,Male,No,53.0,Yes,Engineer,10.0,Average,2.0,Cat_6,C
1600,Female,Yes,57.0,Yes,Doctor,,High,3.0,Cat_5,C
1601,Male,Yes,62.0,Yes,Lawyer,,Average,,Cat_7,D
1602,Male,No,34.0,Yes,,4.0,Average,2.0,Cat_2,A
1603,Female,No,60.0,Yes,Lawyer,10.0,Average,7.0,Cat_5,D
1604,Female,No,60.0,Yes,Healthcare,7.0,High,4.0,Cat_1,C
1605,Female,Yes,51.0,Yes,Executive,6.0,High,2.0,Cat_2,C
1606,Female,No,38.0,No,Engineer,4.0,Low,3.0,Cat_5,B
1607,Male,Yes,50.0,,Marketing,10.0,Average,6.0,Cat_7,D
1608,Female,Yes,43.0,Yes,Doctor,9.0,High,2.0,Cat_6,C
1609,Male,Yes,62.0,No,,9.0,Average,4.0,Cat_2,D
1610,Female,No,35.0,No,Homemaker,2.0,Average,,Cat_4,B
1611,Male,Yes,78.0,No,Entertainment,14.0,Low,7.0,Cat_7,D
1612,Female,No,65.0,Yes,Lawyer,,Average,2.0,Cat_1,C
1613,Female,No,31.0,Yes,Executive,5.0,Low,3.0,Cat_4,B
1614,Male,No,40.0,No,Marketing,14.0,High,4.0,Cat_5,C
1615,Female,No,38.0,Yes,Lawyer,3.0,Average,4.0,Cat_4,B
1616,Male,Yes,46.0,Yes,Entertainment,8.0,Average,7.0,Cat_2,D
1617,Male,Yes,21.0,No,Healthcare,2.0,Low,,Cat_3,A
1618,Female,No,18.0,Yes,Artist,0.0,Low,1.0,Cat_2,A
1619,Female,No,41.0,No,Marketing,9.0,Average,4.0,Cat_4,B
1620,Male,No,61.0,Yes,Engineer,9.0,Average,4.0,Cat_6,C
1621,Male,Yes,73.0,Yes,Executive,13.0,High,7.0,,D
1622,Female,Yes,63.0,Yes,,9.0,Average,6.0,Cat_7,D
1623,Male,Yes,74.0,Yes,Homemaker,12.0,High,4.0,Cat_7,D
1624,Female,No,46.0,Yes,Lawyer,12.0,High,7.0,Cat_2,D
1625,Male,Yes,68.0,No,Marketing,10.0,Average,6.0,Cat_5,D
1626,Male,Yes,64.0,Yes,Homemaker,,Low,3.0,Cat_7,D
1627,Male,No,45.0,Yes,Marketing,11.0,High,4.0,Cat_5,C
1628,Female,,47.0,Yes,Doctor,5.0,High,2.0,Cat_6,B
1629,Female,Yes,44.0,No,Doctor,6.0,Average,3.0,Cat_2,B
1630,Female,Yes,55.0,Yes,Executive,9.0,High,2.0,Cat_5,C
1631,Male,Yes,59.0,No,Doctor,6.0,High,4.0,Cat_3,C
1632,Female,Yes,63.0,Yes,Artist,13.0,Average,6.0,Cat_4,D
1633,Female,Yes,22.0,Yes,Artist,4.0,Average,1.0,Cat_3,A
1634,Male,Yes,22.0,No,Marketing,3.0,Average,1.0,Cat_1,A
1635,Female,No,60.0,Yes,Executive,13.0,Low,4.0,Cat_5,C
1636,Male,Yes,58.0,Yes,Engineer,12.0,Average,6.0,Cat_3,D
1637,Male,Yes,76.0,Yes,Lawyer,9.0,Average,6.0,Cat_3,D
1638,Female,No,43.0,Yes,Doctor,2.0,Average,2.0,Cat_4,B
1639,Male,Yes,54.0,Yes,Lawyer,7.0,Average,3.0,Cat_4,C
1640,Female,,32.0,No,Lawyer,5.0,Average,4.0,Cat_3,B
1641,Male,Yes,65.0,No,Engineer,10.0,Low,5.0,Cat_7,D
1642,Female,No,48.0,No,Executive,6.0,Average,2.0,Cat_4,B
1643,Male,No,22.0,No,Healthcare,1.0,Average,2.0,Cat_2,A
1644,Male,Yes,58.0,Yes,Homemaker,9.0,High,6.0,Cat_7,D
1645,Male,Yes,46.0,No,Marketing,13.0,High,2.0,Cat_6,C
1646,Male,Yes,35.0,Yes,Executive,7.0,High,2.0,Cat_1,C
1647,Male,No,22.0,Yes,Healthcare,3.0,Low,2.0,Cat_4,A
1648,Female,Yes,29.0,No,Engineer,1.0,Low,2.0,Cat_3,A
1649,Male,No,26.0,No,Entertainment,3.0,Average,2.0,Cat_3,A
1650,Female,Yes,54.0,Yes,Engineer,10.0,High,2.0,Cat_7,C
1651,Male,Yes,74.0,Yes,Homemaker,9.0,Low,6.0,Cat_3,D
1652,Male,No,31.0,No,Entertainment,0.0,Low,1.0,Cat_5,A
1653,Male,Yes,49.0,No,Engineer,,Low,7.0,Cat_7,D
1654,Female,Yes,45.0,No,Doctor,6.0,Average,4.0,Cat_5,C
1655,Female,Yes,19.0,Yes,Artist,1.0,Low,1.0,Cat_5,A
1656,Male,Yes,68.0,,Entertainment,12.0,Average,5.0,Cat_6,D
1657,Male,Yes,60.0,Yes,Entertainment,10.0,High,3.0,Cat_5,C
1658,Female,No,39.0,Yes,Doctor,10.0,High,3.0,Cat_6,C
1659,Male,No,44.0,No,Healthcare,4.0,Average,4.0,Cat_4,B
1660,Female,No,20.0,Yes,Homemaker,,Low,1.0,Cat_2,A
1661,Male,No,36.0,Yes,Executive,8.0,High,2.0,Cat_2,C
1662,Female,Yes,60.0,No,Lawyer,11.0,High,5.0,,D
1663,Male,Yes,43.0,Yes,Lawyer,8.0,Average,4.0,Cat_4,B
1664,Male,Yes,70.0,Yes,Lawyer,14.0,Average,7.0,Cat_5,D
1665,Male,Yes,46.0,Yes,Homemaker,,High,3.0,Cat_5,C
1666,Male,Yes,64.0,No,Engineer,,Low,3.0,Cat_7,D
1667,Female,Yes,28.0,No,Homemaker,5.0,Average,3.0,Cat_3,B
1668,Male,Yes,68.0,Yes,Executive,,High,4.0,Cat_6,D
1669,Female,No,30.0,,Doctor,4.0,Average,1.0,Cat_2,A
1670,Female,No,42.0,Yes,Entertainment,13.0,High,3.0,,C
1671,Female,Yes,47.0,Yes,Executive,14.0,Average,4.0,Cat_7,C
1672,Female,Yes,52.0,Yes,Executive,,Low,6.0,Cat_6,D
1673,Male,Yes,56.0,Yes,Lawyer,10.0,High,4.0,Cat_6,C
1674,Male,Yes,50.0,Yes,Engineer,2.0,Average,3.0,Cat_6,B
1675,Female,Yes,65.0,Yes,Executive,5.0,Average,4.0,Cat_6,C
1676,Female,Yes,55.0,No,Engineer,13.0,Low,,Cat_6,D
1677,Female,Yes,19.0,No,Artist,,Low,2.0,Cat_4,A
1678,Male,No,23.0,No,Artist,,Low,1.0,Cat_2,A
1679,Female,No,29.0,No,Doctor,,Low,2.0,Cat_2,A
1680,Female,No,35.0,,Homemaker,,Low,1.0,Cat_2,A
1681,Female,Yes,49.0,Yes,Doctor,12.0,High,3.0,Cat_7,C
1682,Male,Yes,47.0,Yes,Engineer,10.0,High,2.0,Cat_7,C
1683,Female,Yes,47.0,Yes,Healthcare,2.0,Average,2.0,Cat_4,B
1684,Male,Yes,45.0,No,Marketing,2.0,Average,3.0,Cat_5,B
1685,Female,Yes,64.0,Yes,Entertainment,11.0,Average,3.0,Cat_7,D
1686,Male,,26.0,Yes,Artist,2.0,Low,1.0,Cat_1,A
1687,Male,Yes,19.0,Yes,Homemaker,0.0,Average,2.0,Cat_2,A
1688,Male,,45.0,No,Entertainment,4.0,Average,4.0,Cat_4,B
1689,Male,No,32.0,Yes,Doctor,9.0,High,3.0,Cat_3,B
1690,Male,No,46.0,Yes,,5.0,High,2.0,Cat_3,C
1691,Female,No,50.0,No,Executive,7.0,Average,3.0,Cat_2,B
1692,Male,No,20.0,No,Entertainment,,Low,1.0,Cat_5,A
1693,Female,No,24.0,Yes,Entertainment,4.0,High,2.0,Cat_3,A
1694,Female,No,45.0,Yes,Healthcare,8.0,Low,2.0,Cat_4,B
1695,Male,Yes,73.0,Yes,Engineer,11.0,Average,7.0,Cat_7,D
1696,Male,No,26.0,No,Doctor,3.0,High,1.0,Cat_2,A
1697,Male,Yes,35.0,Yes,Healthcare,7.0,Average,4.0,Cat_3,B
1698,Female,Yes,79.0,No,Lawyer,14.0,Average,7.0,Cat_7,D
1699,Male,Yes,61.0,Yes,Executive,,High,3.0,Cat_6,C
1700,Female,Yes,43.0,Yes,Lawyer,7.0,High,3.0,Cat_4,C
1701,Male,No,41.0,Yes,Entertainment,11.0,Average,3.0,Cat_6,C
1702,Female,No,30.0,Yes,Healthcare,0.0,Low,2.0,Cat_7,A
1703,Female,No,19.0,Yes,Artist,3.0,Low,2.0,Cat_4,A
1704,Male,Yes,35.0,Yes,Artist,7.0,High,4.0,Cat_7,C
1705,Female,Yes,48.0,No,Entertainment,5.0,Average,4.0,Cat_2,B
1706,Male,No,30.0,Yes,Engineer,2.0,Low,1.0,Cat_2,A
1707,Female,Yes,32.0,,Doctor,,Average,4.0,Cat_1,B
1708,Male,No,21.0,Yes,Executive,0.0,Low,2.0,Cat_1,A
1709,Female,No,58.0,Yes,Artist,13.0,High,2.0,Cat_1,C
1710,Male,No,20.0,No,Entertainment,2.0,Low,2.0,Cat_2,A
1711,Female,No,22.0,No,Executive,1.0,High,2.0,Cat_1,A
1712,Female,No,20.0,No,Engineer,2.0,High,2.0,Cat_1,A
1713,Male,Yes,26.0,No,Artist,2.0,Low,1.0,Cat_1,A
1714,Female,Yes,76.0,No,Doctor,9.0,Low,3.0,Cat_1,D
1715,Male,Yes,42.0,Yes,Executive,9.0,Low,2.0,Cat_1,B
1716,Male,Yes,36.0,No,Executive,7.0,High,3.0,Cat_2,C
1717,Female,No,34.0,Yes,Executive,7.0,Low,2.0,Cat_3,B
1718,Female,No,43.0,No,Executive,3.0,Average,3.0,Cat_4,B
1719,Female,Yes,49.0,No,Marketing,8.0,Low,2.0,Cat_4,B
1720,Female,No,30.0,No,Executive,0.0,Low,2.0,Cat_1,A
1721,Male,No,28.0,No,Engineer,3.0,Average,3.0,Cat_6,B
1722,Male,Yes,42.0,No,Lawyer,3.0,Average,2.0,Cat_4,B
1723,Female,No,33.0,No,Engineer,2.0,Low,2.0,Cat_1,A
1724,Male,Yes,67.0,Yes,Executive,12.0,Low,5.0,Cat_6,D
1725,Female,Yes,73.0,Yes,Doctor,13.0,Average,4.0,,D
1726,Male,Yes,65.0,Yes,Engineer,12.0,Average,5.0,Cat_2,D
1727,Female,Yes,78.0,Yes,Entertainment,11.0,Low,6.0,Cat_7,D
1728,Male,Yes,55.0,Yes,Engineer,11.0,Average,3.0,Cat_7,D
1729,Female,Yes,76.0,Yes,Marketing,9.0,High,6.0,Cat_7,D
1730,Female,,35.0,No,Homemaker,3.0,Low,2.0,Cat_2,A
1731,Male,No,47.0,Yes,Healthcare,8.0,High,2.0,Cat_5,C
1732,Male,No,38.0,Yes,Engineer,9.0,Low,2.0,Cat_4,B
1733,Male,No,18.0,No,Homemaker,2.0,Low,2.0,Cat_2,A
1734,Male,Yes,69.0,Yes,Homemaker,10.0,Low,6.0,Cat_7,D
1735,Female,No,46.0,No,Entertainment,8.0,Average,3.0,Cat_4,B
1736,Male,No,76.0,Yes,Artist,12.0,High,6.0,Cat_7,D
1737,Male,Yes,44.0,Yes,Healthcare,13.0,Average,3.0,Cat_5,C
1738,Female,No,35.0,No,Entertainment,3.0,Low,,Cat_2,A
1739,Female,Yes,50.0,No,Healthcare,5.0,Average,3.0,Cat_1,B
1740,Male,Yes,35.0,No,Marketing,9.0,Low,3.0,Cat_3,B
1741,Female,No,42.0,Yes,Marketing,8.0,High,2.0,Cat_4,B
1742,Female,Yes,65.0,Yes,Lawyer,10.0,Low,2.0,Cat_3,C
1743,Male,Yes,48.0,No,Doctor,7.0,Low,4.0,Cat_3,B
1744,Female,No,37.0,Yes,Lawyer,4.0,Low,4.0,Cat_5,B
1745,Female,Yes,79.0,Yes,Healthcare,13.0,Average,4.0,Cat_4,D
1746,Female,No,47.0,No,Engineer,8.0,Average,4.0,Cat_2,B
1747,Female,,31.0,Yes,Lawyer,4.0,Low,1.0,Cat_1,A
1748,Male,Yes,41.0,Yes,Lawyer,10.0,Average,,Cat_2,C
1749,Female,Yes,78.0,No,Entertainment,8.0,Average,3.0,Cat_4,D
1750,Female,Yes,40.0,No,Executive,5.0,Low,4.0,Cat_7,B
1751,Male,Yes,28.0,Yes,Artist,7.0,Average,4.0,Cat_3,B
1752,Male,Yes,53.0,Yes,Executive,8.0,Average,3.0,Cat_5,C
1753,Male,No,29.0,Yes,Engineer,,Low,4.0,Cat_5,B
1754,Male,Yes,22.0,No,Marketing,0.0,High,2.0,Cat_1,A
1755,Male,Yes,78.0,Yes,Doctor,11.0,Low,3.0,Cat_7,D
1756,Female,Yes,28.0,Yes,Artist,5.0,Average,,Cat_3,B
1757,Female,No,32.0,No,Artist,2.0,Average,2.0,Cat_4,A
1758,Female,No,28.0,No,Engineer,7.0,High,4.0,Cat_2,B
1759,Male,No,27.0,,Healthcare,4.0,Low,1.0,Cat_3,A
1760,Male,Yes,29.0,No,Homemaker,2.0,Low,2.0,Cat_1,A
1761,Male,Yes,76.0,Yes,Artist,10.0,Low,7.0,Cat_7,D
1762,Female,Yes,37.0,Yes,Lawyer,2.0,Low,4.0,Cat_5,B
1763,Female,Yes,43.0,No,Entertainment,,Average,2.0,Cat_2,B
1764,Female,Yes,61.0,Yes,Lawyer,9.0,High,2.0,Cat_5,C
1765,Male,Yes,52.0,No,Lawyer,10.0,High,4.0,Cat_6,C
1766,Male,,61.0,Yes,Homemaker,14.0,Average,5.0,Cat_5,D
1767,Male,Yes,58.0,Yes,Entertainment,11.0,High,3.0,Cat_5,C
1768,Female,Yes,60.0,No,Marketing,11.0,High,3.0,Cat_7,D
1769,Male,No,31.0,No,Engineer,1.0,Average,2.0,Cat_7,A
1770,Female,Yes,62.0,No,Artist,11.0,High,4.0,Cat_3,C
1771,Male,Yes,73.0,Yes,,8.0,Average,7.0,Cat_6,D
1772,Male,,32.0,No,Homemaker,4.0,Average,2.0,Cat_1,A
1773,Male,No,19.0,Yes,Marketing,4.0,Low,2.0,Cat_2,A
1774,Female,Yes,53.0,Yes,Homemaker,12.0,High,4.0,Cat_3,C
1775,Male,Yes,46.0,No,Doctor,6.0,High,2.0,Cat_3,C
1776,Female,Yes,77.0,Yes,Marketing,8.0,Average,5.0,Cat_7,D
1777,Female,Yes,63.0,Yes,Executive,5.0,Average,3.0,Cat_6,C
1778,Male,Yes,59.0,No,Healthcare,9.0,Average,3.0,Cat_1,C
1779,Female,Yes,49.0,Yes,Executive,13.0,Average,2.0,Cat_3,C
1780,Female,No,49.0,No,Lawyer,6.0,Average,3.0,Cat_5,B
1781,Female,Yes,38.0,No,Healthcare,11.0,Average,2.0,Cat_5,C
1782,Male,Yes,41.0,Yes,Marketing,,High,,Cat_6,C
1783,Female,Yes,34.0,Yes,Healthcare,4.0,Low,2.0,Cat_3,A
1784,Female,Yes,29.0,Yes,Healthcare,6.0,Average,2.0,Cat_6,B
1785,Male,No,20.0,No,Entertainment,,Low,1.0,Cat_1,A
1786,Male,No,24.0,No,Entertainment,0.0,Low,,Cat_1,A
1787,Male,Yes,31.0,No,Entertainment,8.0,Average,4.0,Cat_4,B
1788,Male,Yes,43.0,Yes,Executive,7.0,High,2.0,Cat_5,C
1789,Female,Yes,62.0,No,Healthcare,11.0,Average,4.0,Cat_1,D
1790,Female,Yes,35.0,Yes,Homemaker,4.0,Low,1.0,Cat_2,A
1791,Female,No,23.0,Yes,Artist,0.0,Average,1.0,Cat_3,A
1792,Male,Yes,65.0,No,Engineer,9.0,Low,3.0,Cat_7,D
1793,Female,Yes,34.0,No,Artist,8.0,Average,4.0,Cat_4,B
1794,Female,Yes,60.0,Yes,Healthcare,9.0,Average,4.0,,C
1795,Female,No,65.0,Yes,Executive,5.0,High,3.0,Cat_7,C
1796,Male,Yes,80.0,No,Healthcare,10.0,Low,5.0,Cat_3,D
1797,Male,No,57.0,Yes,Entertainment,8.0,High,3.0,Cat_5,C
1798,Male,No,27.0,No,Marketing,,Low,1.0,Cat_6,A
1799,Female,Yes,24.0,No,Homemaker,3.0,Low,2.0,Cat_3,A
1800,Female,Yes,45.0,Yes,Executive,5.0,Average,4.0,Cat_7,B
1801,Female,No,44.0,Yes,Executive,7.0,Average,3.0,Cat_5,C
1802,Female,No,53.0,Yes,Marketing,,Low,4.0,Cat_6,D
1803,Female,Yes,55.0,Yes,Homemaker,13.0,High,4.0,Cat_3,C
1804,Male,Yes,47.0,Yes,Engineer,7.0,High,,Cat_5,C
1805,Male,,44.0,Yes,Artist,7.0,Average,3.0,Cat_5,C
1806,Male,Yes,47.0,No,Healthcare,7.0,Low,3.0,Cat_4,B
1807,Male,Yes,41.0,Yes,Engineer,9.0,High,2.0,Cat_5,B
1808,Female,Yes,49.0,Yes,Artist,8.0,Average,5.0,Cat_6,D
1809,Male,Yes,60.0,Yes,Healthcare,5.0,High,3.0,Cat_5,C
1810,Female,No,42.0,No,Homemaker,7.0,Low,3.0,Cat_1,B
1811,Male,,75.0,Yes,Artist,13.0,Average,3.0,Cat_5,D
1812,Female,Yes,20.0,No,,,Average,1.0,Cat_3,A
1813,Male,No,48.0,Yes,Executive,5.0,Average,2.0,Cat_3,C
1814,Female,Yes,60.0,No,Doctor,11.0,High,2.0,Cat_2,C
1815,Female,Yes,34.0,Yes,Entertainment,7.0,Low,2.0,Cat_4,B
1816,Male,Yes,65.0,Yes,Homemaker,9.0,Average,5.0,Cat_6,D
1817,Female,No,47.0,No,Lawyer,11.0,Average,3.0,Cat_4,C
1818,Male,No,45.0,No,Engineer,6.0,High,3.0,Cat_5,C
1819,Male,No,28.0,No,Executive,4.0,Low,1.0,Cat_5,A
1820,Male,No,69.0,Yes,Artist,8.0,Average,7.0,Cat_2,D
1821,Female,Yes,23.0,Yes,Executive,0.0,Low,1.0,Cat_2,A
1822,Female,Yes,57.0,No,Engineer,12.0,High,4.0,Cat_5,C
1823,Female,No,32.0,Yes,Entertainment,3.0,Low,,Cat_5,A
1824,Male,No,32.0,Yes,Homemaker,2.0,Average,2.0,Cat_3,A
1825,Male,No,26.0,No,Marketing,0.0,Low,,Cat_2,A
1826,Male,No,57.0,Yes,Lawyer,6.0,Average,4.0,Cat_7,C
1827,Female,No,24.0,Yes,Doctor,3.0,Low,1.0,Cat_2,A
1828,Female,Yes,35.0,Yes,Homemaker,9.0,Average,4.0,Cat_3,B
1829,Female,Yes,64.0,Yes,Doctor,10.0,High,2.0,Cat_5,C
1830,Male,Yes,46.0,Yes,Artist,13.0,High,4.0,Cat_6,D
1831,Female,Yes,66.0,Yes,Doctor,14.0,Low,6.0,Cat_6,D
1832,Female,No,32.0,Yes,Artist,4.0,Low,1.0,Cat_3,A
1833,Male,Yes,78.0,No,Executive,13.0,Average,5.0,Cat_4,D
1834,Female,Yes,28.0,Yes,Homemaker,4.0,Low,1.0,Cat_3,A
1835,Female,No,24.0,No,Artist,2.0,Low,1.0,Cat_4,A
1836,Male,Yes,72.0,No,Marketing,13.0,Low,5.0,Cat_6,D
1837,Male,No,38.0,Yes,Artist,8.0,High,4.0,Cat_2,C
1838,Female,Yes,53.0,No,Homemaker,12.0,High,2.0,Cat_6,C
1839,Female,Yes,45.0,Yes,Lawyer,5.0,Average,2.0,Cat_7,C
1840,Male,Yes,57.0,Yes,Engineer,8.0,Average,4.0,Cat_7,C
1841,Female,No,24.0,No,Marketing,3.0,Low,1.0,Cat_2,A
1842,Male,No,26.0,No,Marketing,0.0,Low,1.0,Cat_4,A
1843,Male,No,40.0,Yes,Healthcare,4.0,Average,2.0,Cat_3,B
1844,Female,Yes,64.0,No,,9.0,High,6.0,Cat_2,D
1845,Female,No,29.0,No,Marketing,3.0,Average,1.0,Cat_6,A
1846,Male,No,25.0,Yes,Artist,3.0,Low,1.0,Cat_1,A
1847,Female,No,29.0,Yes,Executive,4.0,Average,2.0,Cat_2,B
1848,Female,No,53.0,Yes,Executive,14.0,Average,7.0,Cat_6,D
1849,Male,Yes,49.0,,Marketing,10.0,Average,4.0,Cat_7,D
1850,Female,Yes,18.0,Yes,Marketing,4.0,Low,1.0,Cat_4,A
1851,Male,No,37.0,Yes,Healthcare,,High,3.0,Cat_3,C
1852,Female,Yes,31.0,Yes,Marketing,7.0,Average,4.0,Cat_3,B
1853,Female,Yes,49.0,No,Executive,9.0,Low,2.0,Cat_2,B
1854,Female,No,45.0,Yes,Executive,10.0,Average,3.0,,C
1855,Male,No,21.0,No,Marketing,2.0,Low,,Cat_2,A
1856,Male,No,18.0,No,Artist,1.0,Low,2.0,Cat_4,A
1857,Female,Yes,32.0,Yes,Doctor,8.0,Low,4.0,Cat_7,B
1858,Female,Yes,39.0,No,Lawyer,4.0,Average,4.0,Cat_2,B
1859,Male,Yes,23.0,Yes,Marketing,1.0,Low,1.0,Cat_2,A
1860,Female,No,33.0,Yes,Entertainment,3.0,High,2.0,Cat_2,A
1861,Female,No,32.0,No,Doctor,4.0,Low,1.0,Cat_4,A
1862,Male,Yes,60.0,No,Executive,13.0,Average,4.0,Cat_5,D
1863,Female,Yes,23.0,No,Healthcare,,Average,2.0,Cat_1,A
1864,Male,Yes,74.0,Yes,Healthcare,11.0,Low,3.0,Cat_5,D
1865,Male,No,40.0,Yes,Executive,7.0,Low,3.0,Cat_4,B
1866,Female,Yes,29.0,No,Entertainment,4.0,Low,2.0,Cat_2,A
1867,Male,Yes,53.0,Yes,Artist,11.0,Average,7.0,Cat_7,D
1868,Male,No,63.0,Yes,Lawyer,8.0,Average,6.0,Cat_7,D
1869,Female,Yes,27.0,Yes,Artist,2.0,Average,1.0,Cat_1,A
1870,Female,,21.0,Yes,Homemaker,0.0,Low,2.0,Cat_3,A
1871,Female,Yes,32.0,Yes,Executive,4.0,Average,4.0,Cat_3,B
1872,Male,No,45.0,No,Artist,9.0,Average,2.0,Cat_4,B
1873,Male,No,32.0,,,4.0,Low,2.0,Cat_1,A
1874,Male,Yes,43.0,Yes,Engineer,10.0,High,2.0,Cat_5,C
1875,Male,Yes,39.0,,Entertainment,7.0,High,2.0,Cat_1,B
1876,Male,No,54.0,Yes,Lawyer,8.0,Low,3.0,Cat_5,D
1877,Male,Yes,58.0,No,Homemaker,,Average,7.0,Cat_3,D
1878,Female,Yes,49.0,Yes,Homemaker,12.0,Low,4.0,Cat_1,D
1879,Female,No,28.0,Yes,Entertainment,4.0,Low,1.0,Cat_4,A
1880,Female,Yes,62.0,Yes,Doctor,5.0,Average,2.0,Cat_4,C
1881,Female,Yes,65.0,Yes,Engineer,13.0,High,4.0,Cat_5,C
1882,Male,Yes,48.0,Yes,Executive,10.0,Average,7.0,Cat_6,D
1883,Female,No,32.0,No,Entertainment,1.0,Low,2.0,Cat_3,A
1884,Female,No,64.0,No,Homemaker,14.0,Average,7.0,Cat_6,D
1885,Male,Yes,47.0,No,Homemaker,14.0,Average,3.0,Cat_3,D
1886,Male,No,31.0,No,Homemaker,0.0,Low,2.0,Cat_1,A
1887,Male,No,28.0,Yes,Engineer,6.0,High,2.0,Cat_1,B
1888,Male,Yes,75.0,No,Healthcare,13.0,Low,5.0,Cat_6,D
1889,Female,No,30.0,No,Engineer,0.0,Average,1.0,Cat_6,A
1890,Male,No,50.0,Yes,Executive,8.0,High,3.0,Cat_1,B
1891,Female,No,48.0,Yes,Artist,2.0,Average,2.0,Cat_4,B
1892,Female,Yes,47.0,No,Healthcare,14.0,Low,6.0,Cat_7,D
1893,Female,Yes,37.0,Yes,Executive,7.0,High,3.0,Cat_5,C
1894,Female,Yes,51.0,Yes,,8.0,Low,7.0,Cat_6,D
1895,Female,No,19.0,No,Healthcare,0.0,Low,1.0,Cat_2,A
1896,Male,Yes,26.0,No,Artist,3.0,Low,1.0,Cat_2,A
1897,Female,No,50.0,Yes,Engineer,11.0,High,3.0,Cat_5,C
1898,Female,Yes,68.0,Yes,Entertainment,12.0,Average,5.0,Cat_6,D
1899,Male,No,20.0,No,Homemaker,1.0,Average,1.0,Cat_6,A
1900,Female,Yes,22.0,No,Engineer,0.0,Low,1.0,Cat_5,A
1901,Male,Yes,39.0,Yes,Engineer,10.0,Average,,Cat_7,C
1902,Female,No,49.0,No,Entertainment,2.0,Low,2.0,Cat_4,B
1903,Male,Yes,54.0,Yes,Doctor,10.0,High,4.0,Cat_1,C
1904,Female,No,31.0,Yes,Executive,5.0,Average,4.0,Cat_3,B
1905,Male,No,29.0,Yes,Lawyer,4.0,Low,1.0,Cat_4,A
1906,Male,No,21.0,No,Lawyer,,Low,1.0,Cat_5,A
1907,Female,Yes,39.0,No,Artist,6.0,Low,4.0,Cat_4,B
1908,Male,Yes,76.0,Yes,Executive,11.0,Average,4.0,Cat_7,D
1909,Female,Yes,36.0,No,Executive,2.0,Average,3.0,Cat_4,B
1910,Male,Yes,67.0,Yes,Healthcare,8.0,Low,3.0,Cat_5,D
1911,Female,No,50.0,Yes,Engineer,2.0,Low,4.0,Cat_4,B
1912,Male,Yes,49.0,Yes,Executive,10.0,Average,3.0,Cat_7,C
1913,Female,Yes,40.0,Yes,Lawyer,,High,3.0,Cat_7,C
1914,Male,Yes,56.0,Yes,Engineer,,Low,4.0,Cat_6,D
1915,Female,Yes,42.0,Yes,Executive,11.0,Average,4.0,Cat_3,C
1916,Female,No,46.0,Yes,Lawyer,14.0,Low,4.0,Cat_7,D
1917,Female,Yes,49.0,No,Entertainment,10.0,Low,7.0,Cat_3,D
1918,Male,No,34.0,Yes,Lawyer,1.0,Low,1.0,Cat_6,A
1919,Male,Yes,35.0,Yes,Executive,8.0,High,2.0,Cat_5,C
1920,Female,No,47.0,Yes,Engineer,2.0,Average,2.0,Cat_4,B
1921,Male,No,24.0,Yes,,4.0,Average,2.0,Cat_2,A
1922,Female,No,72.0,Yes,Healthcare,,Average,7.0,Cat_6,D
1923,Male,No,61.0,Yes,Entertainment,14.0,Low,4.0,Cat_4,D
1924,Female,Yes,26.0,,Engineer,1.0,High,2.0,Cat_5,A
1925,Female,No,76.0,Yes,Healthcare,10.0,Average,7.0,Cat_6,D
1926,Male,Yes,61.0,Yes,Executive,14.0,Low,3.0,Cat_5,C
1927,Female,No,50.0,Yes,Marketing,5.0,High,4.0,Cat_1,B
1928,Male,Yes,64.0,Yes,Artist,6.0,Average,3.0,Cat_1,C
1929,Male,No,45.0,Yes,Entertainment,6.0,High,2.0,Cat_4,B
1930,Male,Yes,69.0,Yes,Marketing,10.0,Average,4.0,Cat_5,D
1931,Female,Yes,57.0,Yes,Executive,,Low,6.0,Cat_7,D
1932,Female,No,55.0,Yes,Artist,9.0,Average,6.0,Cat_7,D
1933,Female,Yes,46.0,No,Healthcare,14.0,High,,Cat_3,C
1934,Male,Yes,46.0,No,Lawyer,6.0,Low,3.0,Cat_5,B
1935,Male,No,32.0,Yes,Homemaker,3.0,Low,1.0,Cat_1,A
1936,Female,No,26.0,Yes,Lawyer,2.0,Average,2.0,Cat_3,A
1937,Male,No,58.0,No,Lawyer,8.0,Low,6.0,Cat_2,D
1938,Female,Yes,73.0,Yes,Artist,8.0,Low,5.0,Cat_2,D
1939,Male,Yes,52.0,Yes,Engineer,,High,3.0,Cat_5,C
1940,Male,No,50.0,Yes,Engineer,13.0,High,2.0,Cat_5,C
1941,Female,Yes,53.0,No,Artist,14.0,Average,6.0,Cat_4,D
1942,Male,No,70.0,Yes,Homemaker,,Average,6.0,Cat_5,D
1943,Female,Yes,41.0,Yes,Engineer,6.0,Average,2.0,Cat_6,C
1944,Female,Yes,36.0,No,Lawyer,9.0,Average,2.0,Cat_4,B
1945,Male,No,41.0,Yes,Entertainment,6.0,Average,2.0,Cat_3,B
1946,Male,Yes,65.0,Yes,Executive,13.0,High,3.0,Cat_5,C
1947,Female,,75.0,Yes,Executive,13.0,Average,6.0,Cat_2,D
1948,Female,Yes,55.0,Yes,Engineer,13.0,Average,5.0,Cat_6,D
1949,Male,Yes,47.0,No,Healthcare,5.0,Average,2.0,Cat_5,C
1950,Female,No,23.0,No,Artist,1.0,Low,2.0,Cat_2,A
1951,Male,No,64.0,Yes,Marketing,13.0,High,3.0,Cat_6,C
1952,Female,No,44.0,Yes,Marketing,9.0,Average,2.0,Cat_4,B
1953,Male,Yes,64.0,Yes,Doctor,14.0,Average,4.0,Cat_6,D
1954,Male,Yes,76.0,Yes,Artist,8.0,Low,5.0,Cat_7,D
1955,Female,No,28.0,No,Engineer,4.0,Low,1.0,Cat_7,A
1956,Male,Yes,69.0,Yes,Homemaker,11.0,Low,3.0,Cat_6,D
1957,Male,No,36.0,Yes,Healthcare,5.0,Average,3.0,Cat_4,B
1958,Female,Yes,27.0,No,Entertainment,0.0,Low,2.0,Cat_7,A
1959,Male,Yes,30.0,Yes,Homemaker,8.0,Average,3.0,Cat_4,B
1960,Female,No,18.0,No,Artist,0.0,Low,,Cat_1,A
1961,Male,No,26.0,Yes,Healthcare,3.0,Low,2.0,Cat_1,A
1962,Female,No,25.0,Yes,Doctor,1.0,Low,2.0,Cat_1,A
1963,Male,No,19.0,Yes,,4.0,Average,2.0,Cat_2,A
1964,Male,No,25.0,Yes,Homemaker,2.0,Average,2.0,Cat_4,A
1965,Male,No,28.0,No,Marketing,4.0,Low,1.0,Cat_3,A
1966,Female,Yes,73.0,Yes,Marketing,,Low,6.0,Cat_7,D
1967,Female,Yes,78.0,No,Homemaker,11.0,Average,4.0,Cat_4,D
1968,Female,No,60.0,Yes,Entertainment,9.0,Average,6.0,Cat_6,D
1969,Male,Yes,26.0,No,Marketing,3.0,Average,1.0,Cat_1,A
1970,Female,No,51.0,Yes,Healthcare,,High,4.0,Cat_5,C
1971,Female,Yes,75.0,Yes,Homemaker,9.0,Average,7.0,Cat_7,D
1972,Female,Yes,35.0,Yes,Engineer,7.0,High,2.0,Cat_1,C
1973,Female,Yes,35.0,No,Doctor,8.0,Average,2.0,Cat_1,C
1974,Male,Yes,62.0,No,Executive,14.0,Average,5.0,Cat_7,D
1975,Male,Yes,66.0,No,Homemaker,8.0,Low,7.0,Cat_7,D
1976,Male,No,55.0,Yes,Lawyer,9.0,Average,3.0,Cat_5,C
1977,Female,No,71.0,Yes,Marketing,10.0,High,4.0,Cat_6,D
1978,Female,Yes,53.0,Yes,Executive,13.0,High,4.0,Cat_6,C
1979,Female,No,24.0,Yes,Entertainment,0.0,Low,1.0,Cat_2,A
1980,Male,Yes,43.0,Yes,Entertainment,3.0,Average,3.0,Cat_6,B
1981,Female,No,33.0,No,Entertainment,1.0,Low,1.0,Cat_2,A
1982,Male,,58.0,Yes,Homemaker,13.0,High,2.0,Cat_4,C
1983,Female,Yes,57.0,Yes,Engineer,,High,7.0,Cat_6,D
1984,Male,Yes,79.0,No,Artist,14.0,Low,6.0,Cat_3,D
1985,Female,Yes,48.0,Yes,Lawyer,8.0,Average,2.0,Cat_6,C
1986,Female,No,27.0,No,Artist,0.0,Average,1.0,Cat_3,A
1987,Female,Yes,48.0,Yes,Healthcare,12.0,High,3.0,Cat_4,C
1988,Female,Yes,37.0,Yes,Doctor,4.0,Average,2.0,Cat_7,B
1989,Female,No,45.0,,Engineer,9.0,Average,3.0,Cat_3,C
1990,Male,Yes,66.0,No,Homemaker,13.0,Low,3.0,Cat_3,D
1991,Male,Yes,35.0,Yes,Doctor,8.0,Average,3.0,Cat_6,C
1992,Male,Yes,65.0,No,Doctor,8.0,Low,5.0,Cat_1,D
1993,Male,No,37.0,Yes,Executive,7.0,Low,2.0,Cat_6,C
1994,Male,Yes,76.0,Yes,Lawyer,11.0,Average,,Cat_7,D
1995,Female,No,31.0,No,Lawyer,1.0,Low,2.0,Cat_2,A
1996,Male,No,19.0,No,Doctor,3.0,High,2.0,Cat_1,A
1997,Male,Yes,61.0,No,Engineer,10.0,Low,4.0,Cat_7,D
1998,Male,No,29.0,No,Engineer,1.0,Low,1.0,Cat_1,A
1999,Female,Yes,54.0,No,Doctor,7.0,High,2.0,Cat_4,C
2000,Female,Yes,30.0,No,Executive,0.0,Average,2.0,Cat_6,A
2001,Male,Yes,69.0,Yes,Homemaker,11.0,High,7.0,Cat_6,D
2002,Female,Yes,23.0,No,Artist,0.0,Low,2.0,Cat_2,A
2003,Male,Yes,46.0,No,Entertainment,9.0,Average,3.0,Cat_4,B
2004,Male,Yes,69.0,No,Marketing,9.0,High,5.0,Cat_3,D
2005,Female,No,25.0,Yes,Homemaker,2.0,Average,2.0,Cat_1,A
2006,Male,Yes,31.0,No,,8.0,Low,4.0,Cat_1,B
2007,Male,No,48.0,Yes,Healthcare,6.0,Average,4.0,Cat_4,B
2008,Male,No,26.0,No,Healthcare,0.0,Average,1.0,Cat_1,A
2009,Female,Yes,68.0,Yes,Marketing,11.0,High,7.0,Cat_5,D
2010,Male,No,25.0,Yes,Entertainment,1.0,Low,1.0,Cat_4,A
2011,Male,,71.0,Yes,Healthcare,10.0,Low,3.0,Cat_6,D
2012,Male,No,40.0,Yes,Doctor,7.0,Average,4.0,Cat_3,B
2013,Male,Yes,60.0,No,Doctor,6.0,High,4.0,Cat_2,C
2014,Female,Yes,56.0,No,Engineer,13.0,High,2.0,Cat_2,C
2015,Male,Yes,38.0,Yes,Engineer,6.0,High,4.0,Cat_7,C
2016,Female,Yes,51.0,Yes,Healthcare,12.0,Low,4.0,Cat_1,C
2017,Male,Yes,80.0,No,Homemaker,,Low,4.0,Cat_6,D
2018,Male,No,36.0,Yes,Lawyer,5.0,Average,4.0,Cat_2,B
2019,Male,No,25.0,Yes,Homemaker,,Low,2.0,Cat_1,A
2020,Female,No,30.0,No,Engineer,4.0,Average,,Cat_5,A
2021,Female,No,26.0,Yes,Artist,2.0,Low,2.0,Cat_1,A
2022,Male,No,29.0,No,Executive,7.0,High,4.0,Cat_5,B
2023,Male,Yes,70.0,No,Engineer,10.0,High,7.0,Cat_7,D
2024,Female,Yes,22.0,Yes,Artist,3.0,Average,2.0,Cat_1,A
2025,Male,Yes,45.0,No,Executive,3.0,Low,4.0,Cat_1,B
2026,Female,Yes,28.0,No,Doctor,4.0,Average,2.0,Cat_2,A
2027,Male,No,40.0,Yes,Artist,8.0,High,2.0,Cat_1,B
2028,Male,No,48.0,Yes,Homemaker,6.0,Average,,Cat_2,B
2029,Male,Yes,75.0,Yes,Healthcare,,Average,5.0,Cat_5,D
2030,Female,No,21.0,No,Artist,,High,2.0,Cat_4,A
2031,Female,No,35.0,No,Artist,4.0,Average,1.0,Cat_4,A
2032,Male,No,18.0,No,Homemaker,4.0,Low,2.0,Cat_1,A
2033,Female,,24.0,Yes,Entertainment,1.0,Low,1.0,Cat_3,A
2034,Male,No,35.0,No,Artist,2.0,Average,1.0,Cat_2,A
2035,Female,No,23.0,No,Artist,1.0,Low,2.0,Cat_2,A
2036,Female,Yes,47.0,Yes,Healthcare,7.0,Average,2.0,Cat_4,C
2037,Male,Yes,38.0,No,Healthcare,5.0,Low,3.0,Cat_3,B
2038,Female,,30.0,No,Engineer,2.0,Low,2.0,Cat_2,A
2039,Male,No,46.0,No,Marketing,11.0,High,2.0,Cat_5,C
2040,Male,Yes,30.0,Yes,Entertainment,,Average,4.0,Cat_1,B
2041,Female,Yes,58.0,Yes,Doctor,8.0,High,2.0,Cat_1,C
2042,Male,Yes,65.0,Yes,Engineer,14.0,Average,4.0,Cat_6,C
2043,Female,Yes,45.0,Yes,Entertainment,14.0,Low,,Cat_4,D
2044,Male,Yes,44.0,No,Healthcare,4.0,Low,2.0,Cat_3,B
2045,Female,Yes,71.0,Yes,Lawyer,,Low,6.0,Cat_7,D
2046,Male,No,23.0,Yes,Entertainment,0.0,Low,,Cat_5,A
2047,Male,No,31.0,Yes,Healthcare,0.0,Average,2.0,Cat_1,A
2048,Female,No,36.0,Yes,Healthcare,,Average,4.0,Cat_5,B
2049,Male,,37.0,Yes,Lawyer,9.0,Average,2.0,Cat_3,C
2050,Male,Yes,39.0,Yes,Healthcare,12.0,High,3.0,Cat_7,C
2051,Male,Yes,33.0,No,,2.0,Average,1.0,Cat_1,A
2052,Female,Yes,31.0,Yes,Doctor,2.0,Average,4.0,Cat_5,B
2053,Male,Yes,29.0,Yes,Engineer,3.0,Low,2.0,Cat_4,B
2054,Female,No,56.0,No,Lawyer,9.0,Low,2.0,Cat_5,C
2055,Female,No,36.0,No,Lawyer,12.0,High,2.0,Cat_5,C
2056,Female,Yes,32.0,Yes,Artist,3.0,Low,1.0,Cat_2,A
2057,Female,No,35.0,No,Engineer,0.0,Low,1.0,Cat_1,A
2058,Male,No,41.0,No,Healthcare,5.0,Average,3.0,Cat_5,B
2059,Female,Yes,32.0,Yes,Doctor,3.0,Average,2.0,Cat_1,B
2060,Female,Yes,45.0,No,Executive,9.0,Average,3.0,Cat_3,B
2061,Male,Yes,66.0,No,Lawyer,12.0,Low,5.0,Cat_6,D
2062,Female,Yes,57.0,No,Healthcare,12.0,Low,,Cat_7,C
2063,Female,Yes,31.0,No,Entertainment,0.0,Low,2.0,Cat_2,A
2064,Male,Yes,45.0,Yes,Engineer,8.0,Average,3.0,Cat_4,C
2065,Female,Yes,57.0,No,Lawyer,10.0,High,4.0,Cat_5,C
2066,Male,No,66.0,No,Marketing,12.0,Average,6.0,Cat_7,D
2067,Female,No,20.0,No,Healthcare,3.0,Low,2.0,Cat_2,A
2068,Male,,51.0,Yes,Entertainment,7.0,Average,4.0,Cat_6,C
2069,Female,No,33.0,No,Entertainment,5.0,High,3.0,Cat_7,B
2070,Female,Yes,64.0,Yes,Doctor,11.0,Average,,Cat_5,C
2071,Female,No,31.0,No,Executive,0.0,Average,1.0,Cat_1,A
2072,Female,Yes,63.0,Yes,Doctor,14.0,High,2.0,Cat_5,C
2073,Male,Yes,57.0,No,Entertainment,9.0,Average,3.0,Cat_7,D
2074,Female,No,19.0,No,Doctor,0.0,Low,2.0,Cat_1,A
2075,Female,Yes,62.0,Yes,Executive,14.0,High,2.0,Cat_4,C
2076,Male,Yes,50.0,No,Engineer,3.0,Average,3.0,Cat_4,B
2077,Female,No,35.0,Yes,Entertainment,3.0,High,3.0,Cat_1,B
2078,Male,Yes,58.0,Yes,Doctor,7.0,High,2.0,Cat_3,C
2079,Male,Yes,55.0,Yes,Lawyer,8.0,Low,2.0,Cat_6,C
2080,Female,Yes,65.0,Yes,Executive,12.0,High,4.0,Cat_3,C
2081,Female,Yes,67.0,No,Homemaker,11.0,Low,3.0,Cat_6,D
2082,Female,No,48.0,No,Lawyer,,Average,4.0,Cat_1,B
2083,Female,Yes,61.0,No,,10.0,Average,3.0,Cat_2,D
2084,Male,No,18.0,Yes,Engineer,3.0,Average,1.0,Cat_3,A
2085,Female,Yes,74.0,Yes,Executive,9.0,Average,6.0,Cat_6,D
2086,Female,Yes,46.0,No,Entertainment,13.0,Low,7.0,Cat_6,D
2087,Male,Yes,36.0,Yes,Homemaker,4.0,Low,2.0,Cat_5,B
2088,Male,No,45.0,Yes,Healthcare,5.0,Average,2.0,Cat_3,B
2089,Male,No,29.0,No,Healthcare,3.0,Low,2.0,Cat_7,A
2090,Male,Yes,40.0,Yes,Lawyer,7.0,High,4.0,Cat_4,C
2091,Male,No,43.0,No,Executive,8.0,Average,2.0,Cat_5,B
2092,Male,Yes,57.0,Yes,Doctor,9.0,Average,7.0,Cat_5,D
2093,Male,No,53.0,Yes,Executive,13.0,High,,Cat_5,C
2094,Male,No,37.0,Yes,Executive,9.0,Average,3.0,Cat_6,C
2095,Male,Yes,65.0,Yes,Engineer,10.0,Average,3.0,Cat_7,C
2096,Male,Yes,45.0,No,Doctor,11.0,Average,5.0,Cat_5,D
2097,Female,No,21.0,Yes,Entertainment,4.0,Low,1.0,Cat_4,A
2098,Female,No,31.0,No,Engineer,2.0,Average,1.0,Cat_4,A
2099,Female,No,41.0,Yes,Homemaker,4.0,Average,3.0,Cat_4,B
2100,Male,No,39.0,No,Executive,14.0,High,2.0,Cat_6,C
2101,Female,Yes,38.0,No,Artist,9.0,Average,2.0,Cat_2,B
2102,Female,No,34.0,No,Marketing,9.0,Average,3.0,Cat_1,B
2103,Female,No,19.0,Yes,Artist,3.0,Average,2.0,Cat_7,A
2104,Male,No,25.0,Yes,Marketing,3.0,Average,1.0,Cat_1,A
2105,Male,No,25.0,Yes,Artist,3.0,Low,1.0,Cat_2,A
2106,Male,No,25.0,No,Entertainment,2.0,Low,2.0,Cat_1,A
2107,Male,Yes,29.0,Yes,Executive,3.0,Low,1.0,Cat_5,A
2108,Female,Yes,46.0,No,Engineer,,Average,6.0,Cat_2,D
2109,Male,Yes,32.0,No,Lawyer,4.0,Average,4.0,Cat_3,B
2110,Female,Yes,42.0,Yes,Healthcare,,High,4.0,Cat_5,C
2111,Male,No,32.0,Yes,Entertainment,5.0,Average,4.0,Cat_4,B
2112,Female,No,32.0,No,Entertainment,0.0,Low,2.0,Cat_3,A
2113,Male,No,27.0,No,Homemaker,1.0,Low,1.0,Cat_3,A
2114,Male,No,31.0,No,Entertainment,,Average,1.0,Cat_2,A
2115,Female,Yes,54.0,Yes,Homemaker,7.0,Average,,Cat_7,C
2116,Male,Yes,52.0,No,Healthcare,10.0,Low,3.0,Cat_4,D
2117,Female,No,25.0,Yes,Entertainment,1.0,Average,1.0,Cat_3,A
2118,Female,Yes,58.0,No,Executive,13.0,Average,4.0,Cat_7,D
2119,Female,No,24.0,No,Artist,1.0,Low,2.0,Cat_4,A
2120,Male,Yes,45.0,No,Engineer,10.0,High,,Cat_2,C
2121,Male,No,44.0,Yes,Entertainment,10.0,High,3.0,Cat_5,C
2122,Female,No,47.0,No,Engineer,9.0,Low,2.0,Cat_3,B
2123,Female,Yes,66.0,Yes,Marketing,13.0,Low,3.0,Cat_6,D
2124,Male,Yes,49.0,Yes,Entertainment,5.0,Average,4.0,Cat_3,B
2125,Female,No,31.0,No,Lawyer,3.0,Average,1.0,Cat_2,A
2126,Female,Yes,49.0,Yes,Doctor,11.0,Low,4.0,Cat_4,C
2127,Female,Yes,51.0,Yes,Executive,5.0,Average,4.0,Cat_2,C
2128,Male,Yes,34.0,No,Entertainment,4.0,Average,1.0,Cat_6,A
2129,Female,No,37.0,Yes,Executive,6.0,Low,2.0,Cat_2,B
2130,Female,Yes,27.0,Yes,Artist,0.0,Average,2.0,Cat_2,A
2131,Male,No,59.0,Yes,Doctor,14.0,Low,3.0,Cat_4,C
2132,Female,No,36.0,No,Homemaker,5.0,Average,4.0,Cat_2,B
2133,Male,Yes,46.0,Yes,Marketing,3.0,Average,4.0,Cat_2,B
2134,Male,Yes,62.0,Yes,Marketing,11.0,Low,7.0,Cat_6,D
2135,Female,Yes,36.0,No,Executive,5.0,High,3.0,Cat_5,B
2136,Female,No,18.0,No,Homemaker,1.0,Low,2.0,Cat_3,A
2137,Male,No,21.0,Yes,Artist,2.0,Low,2.0,Cat_1,A
2138,Male,No,33.0,Yes,Engineer,2.0,Low,1.0,Cat_2,A
2139,Male,Yes,68.0,No,Doctor,14.0,Average,6.0,Cat_7,D
2140,Male,No,34.0,Yes,,7.0,Average,4.0,Cat_4,B
2141,Female,Yes,61.0,Yes,Engineer,12.0,Low,2.0,Cat_6,C
2142,Male,Yes,49.0,Yes,Executive,,High,4.0,Cat_6,C
2143,Male,Yes,54.0,Yes,Artist,12.0,Average,6.0,Cat_6,D
2144,Male,Yes,77.0,Yes,Healthcare,11.0,High,5.0,Cat_6,D
2145,Female,Yes,57.0,Yes,Executive,12.0,High,,Cat_3,C
2146,Female,Yes,36.0,No,Executive,9.0,Average,4.0,Cat_5,B
2147,Female,Yes,62.0,Yes,Executive,,High,3.0,Cat_3,C
2148,Male,Yes,78.0,No,Doctor,13.0,Average,4.0,Cat_7,D
2149,Male,No,37.0,No,Lawyer,11.0,High,4.0,Cat_6,C
2150,Male,No,61.0,Yes,Doctor,9.0,Low,3.0,Cat_1,D
2151,Male,Yes,47.0,Yes,Lawyer,14.0,Low,3.0,,D
2152,Female,No,31.0,No,Artist,2.0,Low,2.0,Cat_3,A
2153,Female,No,44.0,No,Doctor,5.0,Average,4.0,Cat_3,B
2154,Male,Yes,64.0,Yes,Marketing,8.0,High,3.0,Cat_7,C
2155,Female,No,34.0,No,Engineer,3.0,Average,2.0,Cat_5,A
2156,Female,No,34.0,No,Engineer,0.0,Average,1.0,Cat_1,A
2157,Female,Yes,32.0,No,Artist,2.0,Low,1.0,Cat_6,A
2158,Female,Yes,80.0,No,Engineer,13.0,Low,4.0,Cat_6,D
2159,Female,Yes,41.0,Yes,Entertainment,,Average,3.0,Cat_3,B
2160,Male,Yes,50.0,Yes,Engineer,,High,4.0,Cat_2,C
2161,Male,No,21.0,No,Artist,4.0,Low,2.0,Cat_3,A
2162,Male,No,38.0,No,Homemaker,7.0,Average,4.0,Cat_4,B
2163,Female,No,23.0,No,Doctor,0.0,Low,,Cat_2,A
2164,Male,No,19.0,Yes,Artist,2.0,Low,2.0,Cat_3,A
2165,Male,Yes,78.0,Yes,Doctor,11.0,Average,4.0,Cat_6,D
2166,Female,Yes,31.0,Yes,Artist,3.0,Average,1.0,Cat_1,A
2167,Male,Yes,43.0,No,Executive,2.0,Low,4.0,Cat_5,B
2168,Male,Yes,35.0,Yes,Homemaker,3.0,Low,4.0,Cat_4,B
2169,Male,No,25.0,No,Artist,4.0,Low,1.0,Cat_1,A
2170,Male,No,28.0,Yes,Homemaker,0.0,Average,2.0,Cat_1,A
2171,Female,Yes,49.0,Yes,Doctor,9.0,Average,3.0,Cat_5,B
2172,Female,Yes,61.0,Yes,Engineer,14.0,Average,6.0,Cat_7,D
2173,Female,No,33.0,No,Healthcare,,Low,4.0,Cat_5,B
2174,Male,Yes,42.0,No,Lawyer,,High,3.0,,C
2175,Male,Yes,60.0,No,Executive,10.0,Average,3.0,Cat_7,D
2176,Female,Yes,32.0,No,Doctor,5.0,High,3.0,Cat_4,B
2177,Female,No,71.0,No,Healthcare,13.0,Average,5.0,Cat_6,D
2178,Male,No,46.0,No,Doctor,4.0,Average,2.0,Cat_5,B
2179,Female,No,31.0,Yes,Homemaker,3.0,Low,1.0,Cat_7,A
2180,Male,Yes,77.0,Yes,Executive,10.0,Low,3.0,Cat_1,D
2181,Female,No,18.0,No,Entertainment,0.0,Low,2.0,Cat_1,A
2182,Male,Yes,35.0,No,Entertainment,,Low,1.0,Cat_1,A
2183,Female,Yes,38.0,Yes,Artist,,Average,4.0,Cat_1,B
2184,Male,No,20.0,Yes,Engineer,2.0,Average,2.0,Cat_1,A
2185,Male,Yes,57.0,No,Artist,11.0,High,,Cat_5,D
2186,Male,No,48.0,Yes,Marketing,12.0,Average,5.0,Cat_6,D
2187,Female,Yes,45.0,No,Engineer,8.0,High,3.0,Cat_6,C
2188,Female,Yes,55.0,No,Lawyer,10.0,High,3.0,Cat_5,C
2189,Male,Yes,34.0,Yes,Homemaker,2.0,Average,4.0,Cat_3,B
2190,Male,No,18.0,No,Healthcare,2.0,Low,1.0,Cat_1,A
2191,Male,Yes,56.0,Yes,Executive,10.0,High,6.0,Cat_7,D
2192,Male,No,33.0,No,Lawyer,1.0,Average,2.0,Cat_1,A
2193,Male,Yes,77.0,No,Marketing,9.0,Low,5.0,Cat_5,D
2194,Female,No,54.0,Yes,Marketing,13.0,High,4.0,Cat_1,C
2195,Female,Yes,58.0,Yes,Doctor,12.0,High,3.0,Cat_2,C
2196,Female,No,32.0,No,Executive,1.0,Average,1.0,Cat_3,A
2197,Male,Yes,41.0,Yes,Engineer,12.0,High,2.0,Cat_5,C
2198,Male,Yes,36.0,,Executive,6.0,Average,4.0,Cat_6,C
2199,Female,No,46.0,Yes,Engineer,7.0,Average,4.0,Cat_5,B
2200,Female,No,63.0,Yes,Executive,5.0,High,2.0,Cat_3,C
2201,Female,Yes,46.0,Yes,Healthcare,14.0,High,4.0,Cat_4,C
2202,Female,Yes,56.0,Yes,Doctor,8.0,Average,2.0,Cat_6,C
2203,Female,No,21.0,,Executive,1.0,Average,2.0,Cat_1,A
2204,Female,No,31.0,Yes,Homemaker,3.0,Low,2.0,Cat_2,A
2205,Male,Yes,24.0,No,Homemaker,2.0,Average,2.0,Cat_7,A
2206,Male,Yes,49.0,,Executive,5.0,High,4.0,Cat_3,B
2207,Female,Yes,30.0,Yes,Entertainment,5.0,Average,3.0,Cat_4,B
2208,Female,Yes,57.0,Yes,Healthcare,14.0,High,5.0,Cat_7,D
2209,Female,No,43.0,Yes,Entertainment,6.0,High,3.0,Cat_1,C
2210,Male,Yes,19.0,No,,4.0,Low,2.0,Cat_5,A
2211,Female,Yes,62.0,No,Executive,8.0,High,4.0,Cat_6,C
2212,Female,No,35.0,No,Engineer,5.0,High,2.0,Cat_1,B
2213,Male,Yes,35.0,Yes,Artist,,High,2.0,Cat_6,B
2214,Male,Yes,40.0,Yes,Healthcare,,Average,2.0,Cat_4,B
2215,Male,Yes,22.0,No,Marketing,0.0,High,1.0,Cat_3,A
2216,Female,Yes,49.0,No,Homemaker,3.0,Average,4.0,Cat_4,B
2217,Male,No,18.0,Yes,Homemaker,3.0,Low,1.0,Cat_2,A
2218,Male,Yes,69.0,Yes,Entertainment,10.0,Low,3.0,Cat_4,D
2219,Female,Yes,50.0,Yes,Engineer,8.0,Average,3.0,Cat_2,B
2220,Female,Yes,36.0,Yes,Doctor,8.0,Average,2.0,Cat_1,C
2221,Male,Yes,47.0,Yes,Entertainment,4.0,Average,3.0,Cat_3,B
2222,Female,Yes,38.0,Yes,Lawyer,,High,2.0,Cat_2,C
2223,Female,No,19.0,Yes,Homemaker,4.0,Low,2.0,Cat_2,A
2224,Male,No,50.0,Yes,Doctor,5.0,High,4.0,Cat_5,C
2225,Female,No,30.0,No,Entertainment,2.0,High,1.0,Cat_2,A
2226,Female,Yes,37.0,No,Executive,6.0,High,4.0,Cat_6,C
2227,Male,Yes,61.0,No,Executive,12.0,Low,6.0,Cat_6,D
2228,Male,Yes,37.0,Yes,Doctor,11.0,Low,3.0,Cat_6,C
2229,Male,Yes,50.0,Yes,Executive,7.0,Average,2.0,Cat_4,B
2230,Male,No,35.0,,Entertainment,4.0,Low,1.0,Cat_4,A
2231,Male,No,67.0,Yes,Lawyer,11.0,Average,7.0,Cat_6,D
2232,Female,No,29.0,Yes,Entertainment,3.0,Low,1.0,Cat_1,A
2233,Female,,22.0,Yes,Lawyer,2.0,Low,1.0,Cat_1,A
2234,Male,Yes,48.0,Yes,Marketing,8.0,Average,2.0,Cat_6,B
2235,Male,Yes,28.0,Yes,Healthcare,9.0,Average,2.0,,B
2236,Female,No,68.0,Yes,Lawyer,11.0,Average,6.0,Cat_3,D
2237,Male,Yes,31.0,Yes,Executive,2.0,Average,2.0,Cat_3,B
2238,Female,Yes,50.0,Yes,Healthcare,14.0,Low,5.0,Cat_7,D
2239,Female,Yes,23.0,No,Artist,0.0,Average,1.0,Cat_7,A
2240,Male,Yes,33.0,Yes,Healthcare,8.0,Low,2.0,Cat_3,B
2241,Male,Yes,43.0,No,Engineer,6.0,Average,2.0,Cat_2,B
2242,Male,Yes,78.0,Yes,Homemaker,14.0,Low,4.0,Cat_7,D
2243,Male,Yes,50.0,No,Marketing,8.0,Average,6.0,Cat_2,D
2244,Male,Yes,46.0,Yes,Homemaker,5.0,Low,2.0,,C
2245,Male,No,46.0,,Engineer,5.0,Average,4.0,Cat_5,B
2246,Male,No,19.0,Yes,Entertainment,1.0,Low,1.0,Cat_3,A
2247,Female,Yes,58.0,Yes,Healthcare,14.0,High,3.0,Cat_6,C
2248,Male,Yes,48.0,No,Homemaker,6.0,Average,2.0,Cat_4,B
2249,Male,Yes,63.0,Yes,Engineer,12.0,Average,5.0,Cat_7,D
2250,Female,Yes,23.0,Yes,Engineer,4.0,Average,1.0,Cat_6,A
2251,Male,Yes,55.0,Yes,Marketing,10.0,Low,5.0,Cat_6,D
2252,Female,Yes,39.0,,Entertainment,9.0,High,3.0,Cat_6,C
2253,Female,,30.0,Yes,Entertainment,6.0,Average,3.0,Cat_5,B
2254,Female,No,27.0,No,Executive,3.0,Low,1.0,Cat_1,A
2255,Male,No,36.0,Yes,Artist,,High,3.0,Cat_5,C
2256,Male,No,64.0,Yes,Doctor,7.0,High,3.0,Cat_5,C
2257,Female,Yes,41.0,Yes,Executive,,Average,4.0,Cat_3,C
2258,Male,Yes,76.0,Yes,Lawyer,14.0,Low,3.0,Cat_2,D
2259,Male,,23.0,No,Doctor,1.0,Low,1.0,Cat_6,A
2260,Female,No,18.0,No,Marketing,1.0,Average,1.0,Cat_4,A
2261,Male,Yes,37.0,No,Entertainment,7.0,Low,4.0,Cat_6,B
2262,Male,Yes,41.0,No,Lawyer,7.0,Low,3.0,Cat_3,B
2263,Male,Yes,59.0,Yes,Executive,11.0,Average,4.0,Cat_4,C
2264,Female,Yes,60.0,Yes,Executive,11.0,Average,4.0,Cat_6,C
2265,Male,No,53.0,Yes,Marketing,8.0,Average,5.0,Cat_6,D
2266,Male,No,80.0,Yes,Homemaker,10.0,High,4.0,Cat_6,D
2267,Female,No,28.0,No,Executive,3.0,Average,2.0,Cat_2,A
2268,Male,No,33.0,Yes,Homemaker,9.0,Average,2.0,Cat_5,B
2269,Female,No,45.0,Yes,Executive,12.0,High,3.0,Cat_6,C
2270,Male,Yes,55.0,Yes,Marketing,12.0,Low,3.0,Cat_7,D
2271,Male,Yes,35.0,Yes,Executive,6.0,Average,4.0,Cat_1,B
2272,Female,No,33.0,No,Entertainment,2.0,Low,1.0,,A
2273,Female,No,60.0,Yes,Engineer,13.0,Average,4.0,Cat_6,C
2274,Male,No,64.0,Yes,Homemaker,14.0,High,4.0,Cat_5,D
2275,Male,No,29.0,Yes,Entertainment,4.0,Low,1.0,Cat_2,A
2276,Male,No,28.0,Yes,Entertainment,2.0,Average,2.0,Cat_6,B
2277,Male,,23.0,No,Executive,4.0,Average,1.0,Cat_2,A
2278,Male,,45.0,,Executive,5.0,High,3.0,Cat_6,C
2279,Female,No,62.0,Yes,Doctor,7.0,Low,4.0,Cat_4,C
2280,Female,Yes,77.0,Yes,Artist,9.0,Low,3.0,Cat_7,D
2281,Female,Yes,25.0,No,Artist,1.0,Low,2.0,Cat_6,A
2282,Female,Yes,32.0,No,Healthcare,6.0,Low,4.0,Cat_6,B
2283,Male,Yes,46.0,Yes,Doctor,10.0,High,4.0,Cat_5,C
2284,Male,Yes,66.0,Yes,Entertainment,12.0,Average,4.0,Cat_7,D
2285,Female,Yes,76.0,Yes,Lawyer,14.0,Average,4.0,Cat_6,D
2286,Female,No,35.0,Yes,Healthcare,7.0,Low,4.0,Cat_4,B
2287,Male,Yes,42.0,Yes,Entertainment,7.0,High,3.0,Cat_6,C
2288,Male,No,25.0,No,Entertainment,0.0,Average,2.0,Cat_7,A
2289,Male,No,34.0,Yes,Entertainment,6.0,Low,2.0,Cat_5,B
2290,Female,No,24.0,Yes,Artist,0.0,Low,1.0,Cat_4,A
2291,Male,Yes,45.0,No,Marketing,14.0,Average,3.0,Cat_7,D
2292,Female,Yes,38.0,No,Marketing,5.0,High,2.0,Cat_2,B
2293,Female,No,50.0,Yes,Lawyer,10.0,Average,4.0,Cat_3,C
2294,Female,No,35.0,No,Marketing,4.0,High,2.0,Cat_3,B
2295,Male,No,41.0,No,Marketing,,Average,2.0,Cat_5,B
2296,Male,Yes,61.0,No,Engineer,9.0,High,,Cat_7,C
2297,Female,Yes,62.0,Yes,Healthcare,7.0,Average,2.0,Cat_5,C
2298,Female,Yes,40.0,Yes,Engineer,9.0,High,2.0,Cat_5,C
2299,Female,Yes,58.0,Yes,Executive,6.0,High,3.0,Cat_7,C
2300,Female,No,22.0,Yes,Homemaker,1.0,Low,1.0,Cat_1,A
2301,Female,No,25.0,Yes,Homemaker,3.0,Low,1.0,Cat_2,A
2302,Female,No,31.0,No,Executive,2.0,Low,1.0,Cat_1,A
2303,Male,No,40.0,Yes,Doctor,13.0,High,,Cat_6,C
2304,Male,No,26.0,Yes,Entertainment,3.0,Low,1.0,Cat_7,A
2305,Female,Yes,27.0,No,Entertainment,1.0,Low,1.0,Cat_1,A
2306,Female,Yes,50.0,No,Engineer,2.0,Average,2.0,Cat_4,B
2307,Male,Yes,33.0,Yes,Entertainment,5.0,Low,3.0,Cat_4,B
2308,Male,No,23.0,No,Marketing,0.0,Low,1.0,Cat_1,A
2309,Female,Yes,30.0,Yes,Artist,4.0,Low,4.0,Cat_4,B
2310,Male,No,33.0,No,Executive,4.0,Average,4.0,Cat_4,B
2311,Male,Yes,25.0,Yes,Homemaker,4.0,Average,1.0,Cat_2,A
2312,Male,Yes,50.0,Yes,Entertainment,5.0,Average,4.0,Cat_3,B
2313,Female,,27.0,Yes,Homemaker,0.0,Average,2.0,Cat_3,A
2314,Male,Yes,73.0,Yes,Engineer,13.0,High,3.0,Cat_6,D
2315,Female,No,18.0,Yes,Artist,0.0,Average,1.0,,A
2316,Male,Yes,43.0,No,Executive,7.0,High,2.0,Cat_5,B
2317,Female,No,35.0,Yes,Lawyer,,Low,4.0,Cat_3,B
2318,Female,No,25.0,,Entertainment,3.0,Low,2.0,Cat_1,A
2319,Male,Yes,52.0,,Healthcare,14.0,High,4.0,Cat_6,C
2320,Female,Yes,45.0,Yes,Engineer,9.0,High,3.0,Cat_7,C
2321,Female,No,70.0,Yes,Lawyer,8.0,Average,3.0,Cat_3,D
2322,Female,Yes,54.0,No,Homemaker,9.0,Average,6.0,Cat_5,D
2323,Male,No,60.0,Yes,Engineer,10.0,High,3.0,Cat_6,C
2324,Male,Yes,36.0,Yes,Lawyer,5.0,High,4.0,Cat_6,C
2325,Female,,49.0,Yes,Engineer,7.0,High,3.0,Cat_2,C
2326,Male,Yes,49.0,No,Marketing,8.0,High,4.0,Cat_2,D
2327,Female,Yes,38.0,Yes,Entertainment,3.0,Average,3.0,Cat_4,B
2328,Male,,74.0,Yes,Marketing,14.0,High,4.0,Cat_2,D
2329,Male,No,37.0,Yes,Doctor,6.0,Average,4.0,Cat_5,B
2330,Female,No,26.0,Yes,Marketing,2.0,Low,2.0,Cat_2,A
2331,Female,Yes,58.0,Yes,Engineer,9.0,Low,3.0,Cat_4,C
2332,Male,Yes,59.0,Yes,Homemaker,,Average,5.0,Cat_6,D
2333,Male,Yes,18.0,No,Artist,4.0,Low,2.0,Cat_2,A
2334,Male,No,35.0,No,Marketing,3.0,Low,1.0,Cat_3,A
2335,Female,Yes,39.0,Yes,Executive,12.0,Average,4.0,Cat_7,C
2336,Male,Yes,73.0,Yes,Healthcare,8.0,Low,,Cat_7,D
2337,Female,Yes,58.0,Yes,Entertainment,9.0,Average,6.0,Cat_3,D
2338,Female,Yes,55.0,Yes,Doctor,10.0,Low,4.0,Cat_2,C
2339,Female,Yes,28.0,No,Executive,3.0,Low,3.0,Cat_2,B
2340,Male,Yes,47.0,No,Marketing,8.0,Average,5.0,Cat_7,D
2341,Male,No,33.0,No,Artist,,Low,2.0,Cat_3,A
2342,Female,No,61.0,No,,,Low,4.0,Cat_7,D
2343,Female,No,23.0,No,Homemaker,0.0,Low,1.0,Cat_1,A
2344,Male,Yes,34.0,No,Lawyer,5.0,Average,4.0,Cat_2,B
2345,Female,No,32.0,No,Engineer,3.0,Low,1.0,Cat_1,A
2346,Male,Yes,36.0,No,Entertainment,2.0,Low,2.0,Cat_3,B
2347,Male,Yes,45.0,Yes,Healthcare,11.0,High,2.0,Cat_3,C
2348,Male,No,61.0,Yes,Lawyer,12.0,Average,2.0,Cat_6,C
2349,Female,Yes,44.0,Yes,Doctor,14.0,High,4.0,Cat_4,C
2350,Male,Yes,48.0,,Healthcare,2.0,Average,3.0,Cat_4,B
2351,Female,Yes,29.0,No,Executive,5.0,Average,,Cat_3,B
2352,Female,Yes,55.0,No,Artist,12.0,Average,3.0,Cat_3,C
2353,Male,Yes,72.0,Yes,Homemaker,14.0,Low,4.0,Cat_7,D
2354,Female,No,27.0,Yes,Entertainment,2.0,Low,2.0,Cat_3,A
2355,Female,Yes,40.0,Yes,Engineer,6.0,High,3.0,Cat_5,C
2356,Female,No,19.0,Yes,Entertainment,,Low,2.0,Cat_2,A
2357,Male,Yes,40.0,Yes,Doctor,4.0,Low,2.0,Cat_2,B
2358,Male,Yes,39.0,Yes,Executive,5.0,Average,2.0,Cat_3,B
2359,Male,No,20.0,,Artist,2.0,Average,2.0,Cat_3,A
2360,Female,No,21.0,No,Executive,3.0,Low,1.0,Cat_2,A
2361,Female,No,36.0,No,Executive,4.0,Average,3.0,Cat_3,B
2362,Male,Yes,43.0,Yes,Lawyer,4.0,Average,2.0,Cat_2,B
2363,Male,No,29.0,No,Lawyer,1.0,Low,1.0,,A
2364,Female,No,32.0,,Marketing,0.0,Low,2.0,Cat_1,A
2365,Male,Yes,44.0,Yes,Engineer,5.0,Average,2.0,Cat_5,C
2366,Male,Yes,75.0,Yes,Engineer,10.0,Low,5.0,Cat_5,D
2367,Male,Yes,44.0,Yes,Marketing,5.0,High,3.0,Cat_5,B
2368,Male,Yes,42.0,Yes,Lawyer,6.0,Average,2.0,Cat_3,B
2369,Female,Yes,69.0,No,Homemaker,8.0,Average,4.0,Cat_7,D
2370,Female,No,65.0,No,Healthcare,11.0,Average,4.0,Cat_6,C
2371,Female,No,54.0,Yes,Healthcare,9.0,High,2.0,Cat_6,C
2372,Male,Yes,45.0,No,Doctor,12.0,Low,7.0,Cat_7,D
2373,Female,No,24.0,No,Artist,2.0,Average,2.0,Cat_4,A
2374,Female,Yes,79.0,No,Executive,,Average,3.0,Cat_2,D
2375,Female,No,33.0,Yes,,1.0,Average,1.0,Cat_4,A
2376,Male,Yes,38.0,No,Lawyer,14.0,Average,3.0,Cat_5,C
2377,Male,No,36.0,,Entertainment,3.0,Average,2.0,Cat_4,B
2378,Male,No,18.0,No,Homemaker,1.0,Low,1.0,Cat_6,A
2379,Male,No,28.0,No,Artist,3.0,Average,1.0,Cat_2,A
2380,Female,Yes,41.0,No,Entertainment,6.0,Average,2.0,Cat_5,B
2381,Female,Yes,40.0,No,Executive,3.0,Average,4.0,Cat_5,B
2382,Female,Yes,60.0,Yes,Engineer,,High,6.0,Cat_4,D
2383,Male,Yes,50.0,No,Artist,10.0,Low,4.0,Cat_7,D
2384,Male,No,31.0,Yes,Doctor,1.0,Low,2.0,Cat_4,A
2385,Male,No,68.0,No,Lawyer,14.0,Average,3.0,Cat_1,D
2386,Male,Yes,55.0,,Executive,14.0,Average,6.0,Cat_1,D
2387,Female,No,35.0,Yes,Marketing,0.0,Average,,Cat_2,A
2388,Female,Yes,76.0,,Artist,12.0,Low,6.0,Cat_5,D
2389,Female,Yes,31.0,Yes,Engineer,3.0,Average,4.0,Cat_2,B
2390,Male,No,19.0,Yes,,0.0,Low,2.0,Cat_2,A
2391,Male,Yes,52.0,Yes,Healthcare,12.0,High,2.0,Cat_6,C
2392,Male,Yes,33.0,Yes,Lawyer,3.0,Low,1.0,Cat_5,A
2393,Male,No,50.0,Yes,Homemaker,8.0,Average,2.0,Cat_3,B
2394,Female,No,56.0,Yes,Executive,6.0,High,3.0,Cat_5,C
2395,Male,No,35.0,No,Artist,1.0,Average,2.0,Cat_5,A
2396,Male,Yes,60.0,,Entertainment,13.0,Low,6.0,Cat_6,D
2397,Male,Yes,46.0,Yes,Homemaker,9.0,High,2.0,Cat_4,B
2398,Male,No,58.0,,Engineer,10.0,Low,4.0,Cat_6,D
2399,Male,Yes,28.0,Yes,Doctor,5.0,Low,4.0,Cat_4,B
2400,Male,Yes,71.0,No,Marketing,12.0,Average,4.0,Cat_2,D
2401,Male,Yes,42.0,Yes,Executive,7.0,High,3.0,Cat_1,C
2402,Male,No,29.0,Yes,Executive,2.0,Low,,Cat_1,A
2403,Female,Yes,43.0,,Engineer,7.0,Average,4.0,Cat_4,B
2404,Female,Yes,40.0,Yes,Engineer,3.0,Low,2.0,Cat_4,B
2405,Male,Yes,45.0,Yes,Marketing,12.0,Low,4.0,Cat_2,D
2406,Male,Yes,26.0,Yes,Lawyer,4.0,Average,1.0,Cat_3,A
2407,Male,No,26.0,Yes,Healthcare,0.0,Average,2.0,Cat_3,A
2408,Male,No,49.0,No,Marketing,14.0,Average,3.0,Cat_5,D
2409,Female,No,31.0,No,Artist,2.0,Low,2.0,Cat_3,A
2410,Female,Yes,28.0,No,Homemaker,3.0,Low,2.0,Cat_3,A
2411,Female,Yes,35.0,No,Engineer,8.0,Average,3.0,Cat_1,B
2412,Female,No,27.0,No,Homemaker,2.0,Average,2.0,Cat_3,A
2413,Female,Yes,34.0,No,Homemaker,5.0,Low,3.0,Cat_3,B
2414,Male,Yes,34.0,Yes,Executive,7.0,Low,2.0,Cat_1,B
2415,Female,No,32.0,No,Entertainment,3.0,Low,1.0,Cat_2,A
2416,Female,Yes,73.0,Yes,Engineer,10.0,Average,6.0,Cat_4,D
2417,Female,Yes,33.0,Yes,Executive,3.0,Low,2.0,Cat_4,A
2418,Male,No,28.0,No,Homemaker,0.0,Low,2.0,Cat_1,A
2419,Female,Yes,44.0,Yes,Healthcare,10.0,High,4.0,Cat_5,C
2420,Male,No,34.0,Yes,Healthcare,8.0,Average,4.0,Cat_4,B
2421,Male,,28.0,No,Engineer,6.0,Average,4.0,Cat_5,B
2422,Male,No,39.0,Yes,Doctor,,High,2.0,Cat_6,C
2423,Female,Yes,45.0,Yes,Healthcare,11.0,High,3.0,Cat_5,C
2424,Male,Yes,68.0,No,Marketing,14.0,Average,7.0,Cat_7,D
2425,Male,Yes,59.0,No,Engineer,7.0,High,4.0,Cat_2,C
2426,Male,Yes,46.0,No,Marketing,10.0,Low,5.0,Cat_7,D
2427,Female,Yes,38.0,Yes,Engineer,,High,2.0,Cat_4,B
2428,Male,No,26.0,No,Doctor,2.0,Low,1.0,Cat_3,A
2429,Female,Yes,62.0,Yes,Engineer,11.0,Average,4.0,Cat_5,D
2430,Male,Yes,48.0,No,Entertainment,4.0,High,2.0,Cat_5,B
2431,Male,No,24.0,Yes,Doctor,3.0,Low,1.0,Cat_3,A
2432,Female,Yes,64.0,No,Artist,9.0,Low,5.0,Cat_7,D
2433,Male,No,30.0,No,Homemaker,2.0,Low,1.0,Cat_3,A
2434,Male,Yes,54.0,Yes,Engineer,9.0,Average,5.0,Cat_3,D
2435,Male,No,27.0,Yes,Artist,3.0,Average,1.0,Cat_2,A
2436,Female,No,32.0,No,Artist,0.0,Average,1.0,Cat_2,A
2437,Male,Yes,64.0,No,Doctor,13.0,Average,6.0,Cat_4,D
2438,Male,Yes,49.0,Yes,Marketing,13.0,Low,6.0,Cat_6,D
2439,Male,No,20.0,No,Artist,4.0,Average,1.0,Cat_5,A
2440,Female,Yes,49.0,Yes,Artist,10.0,Average,5.0,Cat_6,D
2441,Male,No,36.0,No,,9.0,Average,2.0,Cat_4,B
2442,Male,Yes,50.0,Yes,Engineer,7.0,Average,,Cat_5,C
2443,Male,No,56.0,Yes,Lawyer,8.0,High,4.0,Cat_6,C
2444,Male,Yes,64.0,Yes,Marketing,14.0,Average,3.0,Cat_6,D
2445,Female,Yes,47.0,Yes,Entertainment,7.0,Average,2.0,Cat_3,B
2446,Female,No,21.0,No,Marketing,3.0,Low,1.0,Cat_2,A
2447,Male,Yes,53.0,Yes,Lawyer,9.0,Average,5.0,Cat_7,D
2448,Male,No,29.0,Yes,Doctor,8.0,Low,4.0,Cat_4,B
2449,Female,Yes,72.0,Yes,Engineer,8.0,Low,7.0,Cat_4,D
2450,Female,No,20.0,No,Artist,3.0,Low,1.0,Cat_3,A
2451,Male,Yes,75.0,Yes,Executive,9.0,Low,4.0,Cat_7,D
2452,Male,Yes,34.0,No,Engineer,0.0,Average,1.0,Cat_1,A
2453,Female,No,30.0,Yes,Engineer,3.0,High,2.0,Cat_6,A
2454,Female,Yes,38.0,No,Marketing,8.0,High,4.0,Cat_4,B
2455,Male,Yes,28.0,No,Healthcare,2.0,High,4.0,Cat_2,B
2456,Female,No,41.0,No,,5.0,Average,,Cat_5,B
2457,Female,Yes,56.0,Yes,Executive,10.0,High,2.0,Cat_6,C
2458,Female,Yes,44.0,Yes,Executive,7.0,High,3.0,Cat_5,B
2459,Male,No,28.0,No,Healthcare,0.0,Average,2.0,Cat_7,A
2460,Male,No,28.0,No,Entertainment,3.0,Average,2.0,Cat_4,B
2461,Female,No,45.0,Yes,Entertainment,,Low,6.0,Cat_7,D
2462,Male,No,50.0,Yes,,7.0,Low,4.0,Cat_1,B
2463,Female,Yes,38.0,Yes,Homemaker,,High,2.0,Cat_6,C
2464,Male,Yes,44.0,Yes,Artist,14.0,High,3.0,Cat_5,C
2465,Female,No,45.0,Yes,Engineer,12.0,High,2.0,Cat_3,C
2466,Female,Yes,58.0,Yes,Executive,13.0,High,4.0,Cat_5,C
2467,Male,Yes,23.0,Yes,Marketing,0.0,Average,2.0,Cat_7,A
2468,Male,Yes,68.0,Yes,Artist,8.0,Low,6.0,Cat_6,D
2469,Male,Yes,52.0,Yes,Homemaker,13.0,Average,2.0,Cat_5,C
2470,Female,Yes,57.0,No,Homemaker,14.0,Average,3.0,Cat_1,D
2471,Female,Yes,35.0,Yes,Doctor,3.0,Average,2.0,Cat_1,A
2472,Male,Yes,43.0,Yes,Healthcare,6.0,Average,3.0,Cat_4,B
2473,Male,No,63.0,Yes,Healthcare,11.0,Low,3.0,Cat_4,C
2474,Male,No,50.0,Yes,Artist,6.0,Low,2.0,Cat_4,B
2475,Male,No,54.0,Yes,Healthcare,7.0,High,2.0,Cat_4,C
2476,Female,Yes,39.0,Yes,Healthcare,11.0,Average,3.0,Cat_4,C
2477,Female,No,52.0,No,Lawyer,12.0,Average,7.0,Cat_7,D
2478,Male,Yes,29.0,No,Healthcare,,Average,3.0,Cat_3,B
2479,Female,Yes,43.0,Yes,Engineer,7.0,Average,2.0,Cat_4,C
2480,Male,Yes,30.0,,Homemaker,,Average,4.0,Cat_6,B
2481,Male,Yes,63.0,Yes,Entertainment,7.0,Low,2.0,Cat_5,C
2482,Male,Yes,63.0,No,Executive,9.0,Average,6.0,Cat_7,D
2483,Female,No,38.0,Yes,,7.0,Low,3.0,Cat_3,B
2484,Male,Yes,80.0,,Artist,13.0,High,6.0,Cat_5,D
2485,Female,No,20.0,No,Homemaker,4.0,Average,1.0,Cat_3,A
2486,Female,Yes,65.0,Yes,Entertainment,8.0,High,3.0,Cat_5,C
2487,Male,Yes,43.0,No,Healthcare,9.0,Average,2.0,Cat_3,B
2488,Male,No,37.0,No,Healthcare,9.0,Average,3.0,Cat_4,B
2489,Male,Yes,35.0,Yes,Healthcare,10.0,Low,4.0,Cat_6,C
2490,Male,No,32.0,No,Executive,4.0,Average,2.0,Cat_5,B
2491,Female,Yes,40.0,Yes,Executive,9.0,Low,3.0,Cat_5,C
2492,Female,No,32.0,Yes,Homemaker,1.0,Low,,Cat_7,A
2493,Female,No,48.0,No,Doctor,4.0,Average,3.0,Cat_4,B
2494,Male,Yes,41.0,Yes,Homemaker,6.0,Average,4.0,Cat_3,B
2495,Female,Yes,33.0,Yes,Artist,4.0,Low,2.0,Cat_2,A
2496,Female,Yes,53.0,Yes,Healthcare,,High,3.0,Cat_6,C
2497,Male,Yes,38.0,Yes,Artist,4.0,Low,2.0,Cat_5,B
2498,Female,Yes,50.0,Yes,Doctor,12.0,Average,4.0,Cat_7,D
2499,Male,Yes,73.0,Yes,Marketing,12.0,Average,4.0,Cat_7,D
2500,Male,Yes,51.0,Yes,Engineer,7.0,High,3.0,Cat_6,C
2501,Male,No,28.0,Yes,Lawyer,9.0,Average,2.0,Cat_5,B
2502,Male,Yes,41.0,Yes,Executive,2.0,Low,3.0,Cat_5,B
2503,Male,Yes,38.0,Yes,Engineer,12.0,High,4.0,Cat_6,C
2504,Male,Yes,78.0,Yes,Entertainment,12.0,High,6.0,Cat_4,D
2505,Female,Yes,37.0,No,Healthcare,4.0,Low,2.0,Cat_1,B
2506,Male,Yes,39.0,Yes,Engineer,11.0,High,2.0,Cat_7,C
2507,Male,Yes,57.0,Yes,Executive,14.0,Average,3.0,Cat_4,C
2508,Male,Yes,55.0,No,Entertainment,,Average,4.0,Cat_7,D
2509,Male,Yes,48.0,Yes,Healthcare,13.0,Average,3.0,Cat_3,C
2510,Female,No,27.0,No,Homemaker,4.0,Low,1.0,,A
2511,Female,Yes,62.0,Yes,Doctor,12.0,Low,4.0,Cat_6,D
2512,Male,Yes,38.0,Yes,Lawyer,5.0,High,4.0,Cat_5,C
2513,Female,Yes,53.0,Yes,Lawyer,10.0,Average,2.0,Cat_6,C
2514,Male,,57.0,Yes,Lawyer,14.0,Low,3.0,Cat_1,D
2515,Male,Yes,52.0,No,Homemaker,11.0,Average,7.0,Cat_6,D
2516,Male,Yes,45.0,No,Lawyer,13.0,High,2.0,Cat_5,C
2517,Male,Yes,56.0,Yes,Lawyer,11.0,Low,,Cat_6,D
2518,Female,Yes,37.0,Yes,Entertainment,6.0,Low,4.0,Cat_5,C
2519,Female,No,35.0,No,Artist,7.0,Low,2.0,Cat_1,B
2520,Female,Yes,46.0,Yes,Engineer,10.0,High,3.0,Cat_5,C
2521,Male,No,66.0,No,Engineer,13.0,Low,3.0,Cat_7,D
2522,Male,Yes,38.0,Yes,Doctor,13.0,High,4.0,Cat_6,C
2523,Female,No,21.0,No,Artist,4.0,Average,2.0,Cat_1,A
2524,Male,Yes,29.0,Yes,Engineer,6.0,Low,2.0,Cat_2,B
2525,Male,Yes,47.0,Yes,Lawyer,9.0,Average,4.0,Cat_5,C
2526,Female,Yes,62.0,Yes,Engineer,13.0,Average,4.0,Cat_6,C
2527,Female,Yes,58.0,,Homemaker,12.0,Low,5.0,Cat_5,D
2528,Female,Yes,30.0,Yes,Doctor,5.0,Average,4.0,Cat_4,B
2529,Female,Yes,46.0,Yes,Lawyer,9.0,Average,3.0,Cat_4,D
2530,Female,No,39.0,Yes,Marketing,3.0,High,3.0,Cat_2,B
2531,Female,No,61.0,Yes,Lawyer,,High,2.0,Cat_4,C
2532,Male,No,20.0,No,Entertainment,2.0,Average,1.0,Cat_6,A
2533,Female,Yes,45.0,Yes,Lawyer,10.0,Average,6.0,Cat_2,D
2534,Female,No,54.0,No,Healthcare,13.0,High,2.0,Cat_5,C
2535,Female,Yes,51.0,Yes,Executive,,High,4.0,Cat_6,C
2536,Female,Yes,44.0,Yes,Healthcare,7.0,Average,4.0,Cat_3,B
2537,Male,No,31.0,Yes,Engineer,4.0,Average,3.0,Cat_3,B
2538,Male,Yes,52.0,Yes,Artist,10.0,Average,6.0,Cat_7,D
2539,Male,Yes,72.0,Yes,Lawyer,12.0,Low,4.0,Cat_7,D
2540,Female,No,40.0,Yes,Lawyer,13.0,High,4.0,Cat_2,C
2541,Male,Yes,34.0,No,Entertainment,9.0,Low,2.0,Cat_1,B
2542,Female,No,29.0,Yes,Marketing,4.0,Average,1.0,Cat_2,A
2543,Male,No,62.0,,Doctor,14.0,High,4.0,Cat_5,C
2544,Female,Yes,48.0,Yes,Marketing,14.0,Average,7.0,Cat_6,D
2545,Male,No,56.0,,Doctor,6.0,High,2.0,Cat_4,C
2546,Female,No,33.0,Yes,Engineer,0.0,Low,1.0,Cat_1,A
2547,Male,Yes,36.0,Yes,Engineer,8.0,Average,2.0,Cat_2,C
2548,Male,,46.0,No,Healthcare,,Average,3.0,Cat_2,B
2549,Female,No,41.0,No,Doctor,5.0,Average,2.0,Cat_5,C
2550,Female,Yes,41.0,No,Doctor,6.0,Average,4.0,Cat_3,B
2551,Female,Yes,30.0,Yes,Homemaker,3.0,Low,4.0,Cat_5,B
2552,Female,Yes,48.0,No,,8.0,High,5.0,Cat_7,D
2553,Male,Yes,43.0,Yes,Executive,11.0,High,3.0,Cat_4,C
2554,Male,No,63.0,Yes,Artist,5.0,High,2.0,Cat_6,C
2555,Female,Yes,63.0,Yes,Doctor,,High,2.0,Cat_3,C
2556,Female,Yes,70.0,Yes,Executive,14.0,Low,7.0,Cat_7,D
2557,Male,Yes,69.0,Yes,Homemaker,13.0,Low,3.0,Cat_3,D
2558,Male,No,56.0,Yes,Engineer,,High,4.0,Cat_4,C
2559,Female,Yes,42.0,Yes,Doctor,7.0,Average,3.0,Cat_3,B
2560,Male,No,45.0,Yes,Doctor,11.0,Average,2.0,Cat_7,C
2561,Female,Yes,63.0,Yes,Doctor,,Low,5.0,Cat_7,D
2562,Male,Yes,77.0,No,Healthcare,14.0,Average,6.0,Cat_7,D
2563,Male,No,54.0,Yes,Engineer,7.0,High,3.0,Cat_6,C
2564,Male,No,57.0,No,Healthcare,7.0,Average,4.0,Cat_2,C
2565,Male,Yes,55.0,Yes,Artist,11.0,High,6.0,Cat_2,D
2566,Female,Yes,49.0,Yes,Executive,,High,4.0,Cat_2,B
2567,Female,Yes,30.0,No,Artist,5.0,Low,,Cat_3,B
2568,Female,No,21.0,Yes,Entertainment,0.0,Low,1.0,Cat_2,A
2569,Male,Yes,43.0,Yes,Executive,5.0,Average,2.0,Cat_3,B
2570,Male,No,42.0,Yes,Engineer,11.0,High,3.0,Cat_6,C
2571,Male,No,35.0,No,Artist,4.0,Low,1.0,Cat_1,A
2572,Male,Yes,69.0,No,Doctor,10.0,Average,7.0,,D
2573,Female,No,80.0,No,Doctor,12.0,Average,6.0,Cat_6,D
2574,Male,Yes,53.0,Yes,Engineer,8.0,High,2.0,Cat_7,C
2575,Female,Yes,73.0,Yes,Doctor,,Low,3.0,Cat_6,D
2576,Female,Yes,80.0,No,Marketing,12.0,Average,4.0,Cat_7,D
2577,Female,Yes,31.0,Yes,Entertainment,4.0,Low,1.0,Cat_5,A
2578,Female,No,34.0,Yes,Engineer,1.0,Low,2.0,Cat_5,A
2579,Female,No,34.0,No,Marketing,0.0,Low,1.0,Cat_1,A
2580,Female,Yes,33.0,Yes,Entertainment,9.0,Low,4.0,Cat_3,B
2581,Male,No,59.0,Yes,Engineer,14.0,Average,4.0,Cat_4,C
2582,Male,Yes,59.0,No,Engineer,5.0,Average,4.0,Cat_5,C
2583,Female,Yes,54.0,Yes,Marketing,9.0,Average,5.0,Cat_4,D
2584,Female,Yes,55.0,Yes,Engineer,8.0,Average,3.0,Cat_6,D
2585,Female,No,32.0,Yes,Engineer,1.0,Low,2.0,Cat_2,A
2586,Male,No,42.0,Yes,Doctor,,Low,4.0,Cat_5,B
2587,Male,No,18.0,No,Homemaker,,Low,2.0,Cat_1,A
2588,Male,No,42.0,No,Executive,6.0,Average,2.0,Cat_5,B
2589,Female,No,41.0,No,Executive,9.0,Low,2.0,Cat_3,B
2590,Female,No,47.0,,Lawyer,,Average,3.0,Cat_3,B
2591,Female,Yes,38.0,No,Healthcare,7.0,High,3.0,Cat_5,B
2592,Female,No,20.0,Yes,Executive,2.0,Average,2.0,Cat_5,A
2593,Male,No,26.0,Yes,Entertainment,2.0,Low,2.0,Cat_2,A
2594,Male,Yes,59.0,Yes,Engineer,8.0,High,4.0,Cat_6,C
2595,Female,,36.0,No,Doctor,14.0,High,3.0,Cat_5,C
2596,Female,No,19.0,Yes,Entertainment,4.0,Low,,Cat_6,A
2597,Male,No,21.0,Yes,Healthcare,1.0,Average,1.0,Cat_1,A
2598,Male,,33.0,No,Marketing,2.0,Average,2.0,Cat_2,A
2599,Male,Yes,57.0,No,Lawyer,13.0,Low,6.0,Cat_6,D
2600,Male,Yes,28.0,Yes,Doctor,9.0,Average,,Cat_4,B
2601,Male,Yes,40.0,Yes,Lawyer,6.0,High,2.0,Cat_4,C
2602,Female,No,27.0,No,Engineer,2.0,Average,2.0,Cat_6,A
2603,Male,Yes,35.0,Yes,Marketing,,Average,4.0,Cat_6,C
2604,Male,Yes,37.0,Yes,Marketing,4.0,High,2.0,Cat_7,B
2605,Male,No,34.0,,Homemaker,4.0,Low,1.0,Cat_4,A
2606,Female,Yes,59.0,Yes,Engineer,6.0,Low,4.0,Cat_1,C
2607,Male,Yes,62.0,,Executive,11.0,High,,Cat_5,C
2608,Male,No,47.0,Yes,Lawyer,3.0,High,2.0,Cat_4,B
2609,Male,No,27.0,No,Homemaker,1.0,Average,1.0,Cat_2,A
2610,Female,Yes,45.0,No,Executive,4.0,Low,2.0,Cat_4,B
2611,Female,No,63.0,Yes,Homemaker,12.0,High,3.0,Cat_7,C
2612,Female,Yes,53.0,No,Entertainment,,Average,4.0,Cat_7,D
2613,Female,No,49.0,,Entertainment,9.0,Average,2.0,Cat_5,C
2614,Male,Yes,55.0,Yes,Marketing,11.0,High,3.0,Cat_6,C
2615,Female,No,27.0,No,Artist,2.0,Low,,Cat_2,A
2616,Female,Yes,31.0,No,Healthcare,8.0,Average,4.0,Cat_4,B
2617,Male,Yes,33.0,Yes,Engineer,2.0,Low,1.0,Cat_2,A
2618,Female,Yes,67.0,Yes,Homemaker,14.0,Low,5.0,Cat_5,D
2619,Female,Yes,56.0,Yes,Healthcare,6.0,High,3.0,Cat_4,C
2620,Male,No,23.0,Yes,Entertainment,3.0,Low,1.0,Cat_6,A
2621,Female,No,20.0,No,Artist,4.0,Average,1.0,Cat_5,A
2622,Female,Yes,65.0,Yes,Engineer,5.0,High,,Cat_7,C
2623,Female,,41.0,No,Executive,2.0,Low,2.0,Cat_1,B
2624,Male,Yes,52.0,Yes,Homemaker,10.0,Low,7.0,Cat_1,D
2625,Male,No,45.0,No,Doctor,13.0,Average,4.0,Cat_7,D
2626,Female,No,33.0,Yes,Doctor,,Low,2.0,,A
2627,Male,Yes,69.0,No,Engineer,8.0,Average,4.0,Cat_7,D
2628,Female,Yes,32.0,Yes,Engineer,3.0,High,,Cat_4,B
2629,Male,Yes,49.0,Yes,Engineer,8.0,High,4.0,Cat_3,C
2630,Male,,42.0,No,Executive,12.0,High,3.0,Cat_6,C
2631,Male,No,43.0,Yes,Homemaker,3.0,Average,4.0,Cat_3,B
2632,Female,Yes,61.0,Yes,Marketing,12.0,High,,Cat_6,C
2633,Male,Yes,53.0,Yes,Lawyer,12.0,Low,6.0,Cat_7,D
2634,Female,No,60.0,Yes,Healthcare,9.0,High,2.0,Cat_5,C
2635,Male,Yes,42.0,Yes,Engineer,,High,2.0,Cat_7,C
2636,Female,No,47.0,No,Engineer,9.0,Average,3.0,Cat_6,B
2637,Male,Yes,42.0,Yes,Healthcare,8.0,Average,3.0,Cat_2,C
2638,Female,Yes,63.0,Yes,Executive,6.0,High,3.0,Cat_7,C
2639,Female,No,32.0,No,Engineer,2.0,Low,2.0,Cat_7,A
2640,Female,Yes,40.0,Yes,Healthcare,5.0,Average,4.0,Cat_2,B
2641,Male,Yes,57.0,Yes,Marketing,10.0,Low,6.0,Cat_5,D
2642,Male,Yes,29.0,Yes,Lawyer,,Average,4.0,Cat_2,B
2643,Female,Yes,58.0,Yes,Engineer,13.0,High,3.0,Cat_6,C
2644,Female,Yes,45.0,No,Doctor,11.0,Average,3.0,Cat_7,C
2645,Female,Yes,34.0,No,Artist,,Low,2.0,Cat_6,A
2646,Male,Yes,79.0,Yes,Marketing,8.0,High,7.0,Cat_3,D
2647,Female,Yes,68.0,Yes,Engineer,12.0,Low,,Cat_6,D
2648,Female,Yes,68.0,Yes,Entertainment,8.0,Average,3.0,Cat_6,D
2649,Male,Yes,63.0,Yes,Healthcare,10.0,Low,2.0,Cat_5,C
2650,Male,,42.0,Yes,Healthcare,11.0,Average,2.0,Cat_1,C
2651,Male,No,48.0,No,Doctor,13.0,Low,4.0,Cat_7,D
2652,Male,Yes,32.0,Yes,Doctor,5.0,High,4.0,Cat_4,B
2653,Female,Yes,41.0,Yes,Healthcare,8.0,High,2.0,Cat_4,B
2654,Female,Yes,25.0,Yes,Homemaker,0.0,Average,2.0,Cat_6,A
2655,Male,No,47.0,Yes,Doctor,,Average,7.0,Cat_4,D
2656,Male,No,54.0,Yes,,14.0,Average,2.0,Cat_7,C
2657,Female,No,78.0,Yes,,14.0,Average,4.0,Cat_3,D
2658,Male,Yes,34.0,No,Engineer,3.0,Low,1.0,Cat_3,A
2659,Male,Yes,38.0,No,Engineer,4.0,Average,3.0,Cat_4,B
2660,Female,No,31.0,No,Entertainment,1.0,Low,1.0,Cat_2,A
2661,Female,Yes,59.0,,Entertainment,6.0,High,2.0,Cat_1,C
2662,Male,Yes,67.0,Yes,Lawyer,,High,4.0,Cat_7,D
2663,Male,Yes,55.0,Yes,Executive,13.0,High,3.0,Cat_7,C
2664,Male,No,26.0,No,Artist,3.0,Low,2.0,Cat_7,A
2665,Male,Yes,39.0,Yes,Healthcare,11.0,Low,4.0,Cat_2,C
2666,Male,Yes,46.0,Yes,Lawyer,11.0,Low,7.0,Cat_7,D
2667,Male,No,67.0,,Engineer,9.0,Average,6.0,Cat_7,D
2668,Female,No,48.0,Yes,Executive,6.0,Average,3.0,Cat_4,B
2669,Female,Yes,62.0,No,Artist,12.0,Average,5.0,Cat_7,D
2670,Male,Yes,40.0,No,Healthcare,3.0,Average,2.0,Cat_3,B
2671,Male,No,32.0,No,Homemaker,3.0,Average,1.0,Cat_1,A
2672,Male,No,41.0,Yes,Engineer,14.0,Average,3.0,Cat_3,C
2673,Female,Yes,40.0,No,Executive,3.0,Low,3.0,Cat_6,B
2674,Female,,51.0,No,Engineer,9.0,High,4.0,Cat_5,C
2675,Female,No,30.0,Yes,Artist,,Average,2.0,Cat_1,A
2676,Male,Yes,35.0,No,Artist,4.0,Average,4.0,Cat_4,B
2677,Male,No,26.0,Yes,Artist,2.0,Average,2.0,Cat_1,A
2678,Female,No,19.0,No,Engineer,2.0,Low,2.0,Cat_6,A
2679,Female,Yes,44.0,Yes,Executive,7.0,High,2.0,Cat_6,C
2680,Male,No,23.0,No,Executive,3.0,Average,1.0,Cat_2,A
2681,Male,No,37.0,No,Engineer,,Low,4.0,Cat_1,B
2682,Male,Yes,49.0,No,Engineer,4.0,Average,2.0,Cat_4,B
2683,Female,Yes,30.0,Yes,Entertainment,7.0,High,2.0,Cat_3,B
2684,Male,Yes,29.0,Yes,Healthcare,0.0,Average,1.0,Cat_6,A
2685,Female,Yes,22.0,No,Healthcare,4.0,Low,2.0,Cat_2,A
2686,Female,No,47.0,Yes,Healthcare,,High,4.0,Cat_2,B
2687,Female,Yes,35.0,Yes,Engineer,5.0,Average,3.0,Cat_7,B
2688,Male,No,33.0,No,Healthcare,2.0,Low,1.0,Cat_3,A
2689,Female,No,34.0,No,Entertainment,4.0,Low,1.0,Cat_6,A
2690,Female,Yes,40.0,Yes,Healthcare,4.0,Average,3.0,Cat_1,B
2691,Female,No,33.0,No,Marketing,3.0,High,3.0,Cat_3,B
2692,Male,Yes,71.0,,Doctor,12.0,Low,5.0,Cat_4,D
2693,Female,No,19.0,No,Engineer,4.0,High,1.0,Cat_2,A
2694,Male,No,27.0,No,Marketing,2.0,Low,,Cat_1,A
2695,Female,No,44.0,Yes,Doctor,10.0,High,3.0,Cat_6,C
2696,Male,Yes,67.0,Yes,Executive,9.0,Low,6.0,Cat_5,D
2697,Female,No,23.0,No,Entertainment,0.0,High,2.0,Cat_3,A
2698,Male,Yes,33.0,Yes,Executive,,Average,3.0,,B
2699,Male,No,23.0,No,Homemaker,3.0,Average,1.0,,A
2700,Male,Yes,49.0,Yes,Healthcare,13.0,Average,4.0,Cat_6,C
2701,Female,Yes,71.0,No,Lawyer,13.0,High,7.0,Cat_4,D
2702,Male,No,46.0,Yes,Artist,6.0,High,3.0,Cat_3,B
2703,Male,Yes,39.0,Yes,Healthcare,2.0,Average,2.0,Cat_3,B
2704,Female,Yes,63.0,Yes,Healthcare,13.0,Average,7.0,Cat_7,D
2705,Male,Yes,26.0,No,Healthcare,1.0,Low,,Cat_1,A
2706,Male,No,30.0,No,Healthcare,0.0,Low,1.0,Cat_1,A
2707,Male,Yes,57.0,Yes,Marketing,12.0,Average,3.0,Cat_1,C
2708,Female,No,31.0,Yes,Artist,3.0,Low,2.0,Cat_2,A
2709,Male,Yes,63.0,Yes,Doctor,6.0,Average,3.0,Cat_6,C
2710,Male,No,36.0,Yes,Executive,8.0,High,3.0,Cat_7,C
2711,Male,,56.0,Yes,Marketing,8.0,Average,6.0,Cat_7,D
2712,Male,No,28.0,Yes,Marketing,4.0,Low,2.0,Cat_1,A
2713,Male,No,35.0,Yes,Engineer,4.0,Average,1.0,Cat_2,A
2714,Male,Yes,38.0,Yes,Healthcare,9.0,High,3.0,Cat_5,C
2715,Female,Yes,47.0,Yes,Healthcare,5.0,Average,2.0,Cat_6,C
2716,Female,Yes,35.0,Yes,Engineer,6.0,Low,3.0,Cat_3,B
2717,Male,Yes,47.0,Yes,Healthcare,5.0,Low,3.0,Cat_2,C
2718,Male,No,50.0,Yes,Engineer,9.0,Low,6.0,,D
2719,Female,,54.0,Yes,Executive,8.0,Low,4.0,Cat_6,D
2720,Female,Yes,65.0,Yes,Marketing,,High,2.0,Cat_3,C
2721,Male,No,21.0,Yes,Marketing,4.0,Low,1.0,Cat_4,A
2722,Male,No,33.0,No,Lawyer,2.0,Average,1.0,Cat_2,A
2723,Female,Yes,50.0,Yes,Healthcare,13.0,High,2.0,Cat_1,C
2724,Female,No,28.0,No,Doctor,,Average,3.0,Cat_4,B
2725,Female,Yes,58.0,Yes,Artist,,High,4.0,Cat_5,C
2726,Female,No,20.0,No,Marketing,0.0,Average,2.0,Cat_5,A
2727,Female,Yes,27.0,No,Executive,3.0,Low,2.0,Cat_4,A
2728,Male,No,37.0,,Lawyer,2.0,Average,3.0,Cat_4,B
2729,Male,Yes,65.0,Yes,Lawyer,14.0,High,3.0,Cat_5,C
2730,Female,Yes,50.0,No,Executive,,High,7.0,Cat_7,D
2731,Male,Yes,40.0,Yes,Doctor,13.0,High,2.0,Cat_5,C
2732,Male,Yes,49.0,No,Engineer,8.0,High,7.0,Cat_3,D
2733,Male,No,28.0,No,Homemaker,1.0,Average,,Cat_3,A
2734,Male,Yes,44.0,Yes,Lawyer,6.0,Low,3.0,Cat_6,C
2735,Male,Yes,35.0,No,Executive,12.0,High,3.0,Cat_6,C
2736,Female,Yes,36.0,Yes,Engineer,9.0,High,3.0,Cat_7,C
2737,Female,No,23.0,No,,0.0,Low,1.0,Cat_7,A
2738,Female,No,40.0,Yes,Marketing,13.0,High,2.0,Cat_3,C
2739,Male,Yes,46.0,Yes,Executive,7.0,High,2.0,Cat_7,C
2740,Male,No,22.0,No,Healthcare,,Low,2.0,Cat_7,A
2741,Female,No,61.0,Yes,Doctor,8.0,Low,6.0,Cat_6,D
2742,Female,Yes,80.0,No,Homemaker,11.0,Low,7.0,Cat_2,D
2743,Male,Yes,64.0,Yes,Executive,8.0,High,4.0,Cat_7,C
2744,Male,Yes,55.0,Yes,Engineer,11.0,High,2.0,Cat_1,C
2745,Male,Yes,48.0,Yes,Doctor,12.0,High,,Cat_4,C
2746,Male,No,23.0,No,Homemaker,2.0,Average,1.0,Cat_1,A
2747,Female,No,28.0,No,Entertainment,1.0,Low,2.0,Cat_2,A
2748,Male,No,48.0,No,Marketing,3.0,Low,,Cat_1,B
2749,Male,Yes,44.0,Yes,Lawyer,,Average,4.0,Cat_1,C
2750,Male,Yes,52.0,Yes,Executive,,High,4.0,Cat_5,C
2751,Female,Yes,48.0,No,Entertainment,9.0,High,4.0,Cat_4,B
2752,Male,Yes,41.0,Yes,Doctor,6.0,Average,2.0,Cat_7,B
2753,Male,Yes,48.0,Yes,Lawyer,,Low,5.0,Cat_7,D
2754,Female,No,38.0,Yes,Entertainment,7.0,Low,3.0,Cat_5,B
2755,Female,,21.0,Yes,Entertainment,4.0,Low,2.0,Cat_4,A
2756,Male,,20.0,No,Marketing,2.0,Average,1.0,Cat_1,A
2757,Male,Yes,55.0,Yes,Artist,5.0,Low,4.0,Cat_3,C
2758,Female,No,37.0,Yes,Executive,14.0,Average,4.0,Cat_1,C
2759,Male,,57.0,Yes,Engineer,11.0,High,2.0,Cat_7,C
2760,Female,No,27.0,No,Engineer,4.0,Average,2.0,Cat_2,A
2761,Male,No,59.0,Yes,Homemaker,,Average,4.0,Cat_6,D
2762,Female,No,23.0,,Entertainment,3.0,Average,2.0,Cat_5,A
2763,Female,Yes,67.0,Yes,Lawyer,11.0,High,6.0,Cat_7,D
2764,Female,No,51.0,Yes,Engineer,8.0,Low,2.0,Cat_5,C
2765,Female,No,32.0,Yes,Artist,0.0,Average,1.0,Cat_2,A
2766,Female,No,29.0,Yes,Entertainment,2.0,Average,1.0,Cat_6,A
2767,Female,No,54.0,Yes,Healthcare,6.0,High,4.0,Cat_6,C
2768,Female,Yes,36.0,Yes,Artist,8.0,High,2.0,Cat_5,C
2769,Male,No,41.0,No,Marketing,9.0,High,4.0,Cat_5,B
2770,Male,No,24.0,No,Artist,1.0,Low,2.0,Cat_2,A
2771,Male,Yes,38.0,Yes,Healthcare,5.0,Average,2.0,Cat_6,B
2772,Female,No,38.0,Yes,Lawyer,5.0,High,2.0,Cat_1,C
2773,Male,,43.0,Yes,Homemaker,6.0,Average,2.0,Cat_4,B
2774,Female,Yes,33.0,No,Doctor,4.0,Low,3.0,Cat_5,B
2775,Male,No,32.0,No,Executive,7.0,Average,2.0,Cat_1,B
2776,Female,No,20.0,No,Artist,1.0,Low,1.0,Cat_4,A
2777,Female,Yes,58.0,No,Executive,12.0,Average,7.0,Cat_5,D
2778,Male,Yes,26.0,No,Homemaker,2.0,Low,1.0,Cat_2,A
2779,Female,No,65.0,Yes,Marketing,8.0,Average,4.0,Cat_6,D
2780,Female,No,35.0,No,Healthcare,3.0,Low,1.0,Cat_5,A
2781,Female,Yes,68.0,Yes,Artist,,High,7.0,Cat_5,D
2782,Female,Yes,51.0,Yes,Engineer,14.0,Low,4.0,Cat_4,C
2783,Female,No,28.0,No,Entertainment,4.0,Average,2.0,Cat_2,A
2784,Female,Yes,48.0,No,Lawyer,,Average,4.0,Cat_4,B
2785,Female,No,29.0,No,Entertainment,0.0,Low,1.0,Cat_1,A
2786,Male,No,22.0,No,Doctor,0.0,Average,2.0,Cat_2,A
2787,Male,Yes,43.0,Yes,Engineer,6.0,High,3.0,Cat_7,C
2788,Male,No,35.0,Yes,Marketing,5.0,Average,2.0,,C
2789,Female,Yes,62.0,Yes,Homemaker,8.0,High,5.0,Cat_4,D
2790,Male,Yes,46.0,No,Doctor,7.0,Low,2.0,Cat_7,B
2791,Male,No,34.0,Yes,Healthcare,4.0,Low,1.0,Cat_2,A
2792,Female,No,37.0,Yes,Marketing,6.0,Average,4.0,Cat_3,B
2793,Male,No,35.0,Yes,Lawyer,,High,4.0,Cat_7,C
2794,Male,No,26.0,No,Marketing,3.0,Low,,Cat_6,A
2795,Male,No,70.0,No,Marketing,10.0,Low,3.0,Cat_2,D
2796,Male,No,37.0,Yes,Healthcare,10.0,High,4.0,Cat_4,C
2797,Male,Yes,63.0,No,Executive,6.0,High,3.0,Cat_5,C
2798,Female,Yes,68.0,No,Executive,12.0,Average,5.0,Cat_6,D
2799,Male,Yes,54.0,No,Healthcare,5.0,High,2.0,Cat_6,C
2800,Female,Yes,58.0,,Engineer,9.0,High,4.0,Cat_6,C
2801,Female,No,18.0,No,Artist,1.0,Low,1.0,Cat_2,A
2802,Female,No,29.0,No,Homemaker,2.0,Low,1.0,Cat_2,A
2803,Male,Yes,69.0,No,Homemaker,10.0,High,3.0,Cat_6,D
2804,Male,No,37.0,Yes,Lawyer,2.0,Low,4.0,Cat_4,B
2805,Female,Yes,29.0,Yes,Engineer,4.0,Low,4.0,Cat_3,B
2806,Female,,41.0,Yes,Healthcare,7.0,Average,2.0,Cat_4,B
2807,Male,Yes,40.0,Yes,Executive,5.0,High,2.0,Cat_6,C
2808,Male,Yes,75.0,Yes,Homemaker,13.0,Low,7.0,Cat_5,D
2809,Female,Yes,50.0,Yes,Homemaker,7.0,High,4.0,Cat_6,B
2810,Male,Yes,46.0,Yes,Executive,11.0,Average,6.0,Cat_7,D
2811,Male,No,24.0,Yes,Artist,0.0,Average,1.0,Cat_2,A
2812,Male,No,29.0,No,Entertainment,0.0,Average,1.0,Cat_3,A
2813,Female,No,22.0,Yes,Engineer,1.0,Low,1.0,Cat_2,A
2814,Male,No,29.0,Yes,Engineer,2.0,Low,,Cat_1,A
2815,Female,Yes,46.0,No,Entertainment,8.0,Average,4.0,Cat_5,B
2816,Male,No,39.0,Yes,Executive,8.0,Low,3.0,Cat_6,C
2817,Female,Yes,45.0,No,Executive,13.0,High,3.0,Cat_1,C
2818,Male,Yes,64.0,No,Homemaker,12.0,High,4.0,Cat_1,D
2819,Male,No,27.0,No,Doctor,4.0,Low,2.0,Cat_5,A
2820,Female,Yes,29.0,Yes,Artist,8.0,Low,3.0,Cat_2,B
2821,Female,Yes,64.0,Yes,Engineer,7.0,High,,Cat_1,C
2822,Female,Yes,61.0,No,Entertainment,6.0,High,3.0,Cat_4,C
2823,Male,Yes,40.0,Yes,Homemaker,12.0,High,,Cat_7,C
2824,Male,,62.0,No,Marketing,8.0,Average,7.0,Cat_6,D
2825,Female,No,25.0,No,Homemaker,4.0,Low,1.0,Cat_2,A
2826,Female,Yes,27.0,Yes,Entertainment,2.0,Low,,Cat_3,A
2827,Female,Yes,51.0,Yes,Engineer,11.0,Average,3.0,Cat_7,D
2828,Female,Yes,29.0,No,Lawyer,7.0,Average,2.0,Cat_1,B
2829,Male,Yes,80.0,Yes,Executive,9.0,Low,6.0,Cat_7,D
2830,Male,No,62.0,Yes,Healthcare,5.0,Average,4.0,Cat_2,C
2831,Female,No,68.0,No,Entertainment,12.0,High,4.0,Cat_4,D
2832,Female,Yes,48.0,Yes,Artist,7.0,High,4.0,Cat_4,C
2833,Male,Yes,31.0,,Healthcare,1.0,High,2.0,Cat_1,A
2834,Female,No,23.0,Yes,Homemaker,4.0,Low,1.0,Cat_5,A
2835,Male,Yes,52.0,Yes,Healthcare,11.0,Average,4.0,Cat_6,C
2836,Male,Yes,40.0,,Lawyer,4.0,Average,2.0,Cat_4,B
2837,Female,No,23.0,No,Engineer,0.0,Low,2.0,Cat_4,A
2838,Female,Yes,45.0,Yes,Doctor,3.0,High,3.0,Cat_6,B
2839,Female,No,35.0,No,Artist,0.0,Low,2.0,Cat_1,A
2840,Female,Yes,52.0,Yes,Engineer,5.0,High,4.0,Cat_1,C
2841,Female,No,32.0,No,Marketing,3.0,Low,2.0,Cat_4,A
2842,Female,Yes,48.0,Yes,Lawyer,11.0,Average,6.0,Cat_7,D
2843,Female,No,34.0,No,Entertainment,1.0,Low,2.0,Cat_1,A
2844,Female,Yes,73.0,No,Marketing,9.0,Low,5.0,Cat_6,D
2845,Male,Yes,64.0,Yes,Doctor,12.0,High,3.0,Cat_5,C
2846,Male,Yes,62.0,,Engineer,8.0,Average,5.0,Cat_3,D
2847,Female,No,50.0,Yes,Doctor,5.0,Average,4.0,Cat_3,B
2848,Male,Yes,77.0,Yes,Homemaker,,Low,4.0,Cat_2,D
2849,Male,Yes,74.0,Yes,Executive,13.0,Low,5.0,Cat_7,D
2850,Male,Yes,43.0,Yes,Executive,5.0,High,2.0,Cat_5,C
2851,Female,No,35.0,No,Lawyer,4.0,Low,2.0,Cat_1,A
2852,Female,No,47.0,No,Executive,12.0,High,5.0,Cat_7,D
2853,Female,No,49.0,Yes,Engineer,6.0,Low,4.0,Cat_4,B
2854,Female,Yes,27.0,Yes,Marketing,1.0,Average,2.0,Cat_2,A
2855,Male,Yes,70.0,,Lawyer,11.0,Low,4.0,Cat_3,D
2856,Male,Yes,47.0,Yes,Homemaker,9.0,Average,6.0,Cat_7,D
2857,Female,No,38.0,Yes,Lawyer,3.0,Average,4.0,Cat_5,B
2858,Female,Yes,40.0,Yes,Marketing,3.0,Average,4.0,Cat_3,B
2859,Female,Yes,36.0,No,Homemaker,9.0,Average,2.0,Cat_3,B
2860,Male,No,54.0,Yes,Executive,9.0,Average,7.0,Cat_4,D
2861,Male,Yes,23.0,Yes,Homemaker,,Low,2.0,Cat_3,A
2862,Female,Yes,48.0,Yes,Engineer,9.0,Average,3.0,Cat_1,B
2863,Female,Yes,36.0,Yes,Artist,13.0,Low,2.0,Cat_5,C
2864,Female,No,25.0,Yes,Artist,4.0,Low,,Cat_6,A
2865,Female,Yes,38.0,No,Executive,8.0,High,2.0,Cat_7,C
2866,Male,No,65.0,Yes,Healthcare,7.0,High,4.0,Cat_1,C
2867,Male,No,47.0,Yes,Artist,7.0,Low,4.0,Cat_5,B
2868,Male,Yes,39.0,No,Lawyer,14.0,Low,3.0,Cat_6,C
2869,Male,No,44.0,,Healthcare,8.0,Average,4.0,Cat_4,B
2870,Female,,75.0,No,Homemaker,13.0,Average,4.0,Cat_7,D
2871,Male,Yes,71.0,No,,10.0,Average,3.0,Cat_2,D
2872,Female,No,27.0,Yes,Healthcare,1.0,Average,2.0,Cat_5,A
2873,Female,Yes,75.0,Yes,Engineer,12.0,Average,6.0,Cat_6,D
2874,Female,No,53.0,Yes,Executive,13.0,Low,4.0,Cat_5,D
2875,Female,Yes,44.0,Yes,Healthcare,4.0,Average,2.0,Cat_1,B
2876,Female,No,41.0,No,Lawyer,5.0,Low,2.0,Cat_7,B
2877,Male,,65.0,Yes,Lawyer,13.0,Low,4.0,Cat_4,D
2878,Female,Yes,32.0,,Engineer,2.0,Average,3.0,Cat_5,B
2879,Female,No,41.0,Yes,Lawyer,5.0,Average,4.0,Cat_5,B
2880,Female,No,45.0,No,Executive,13.0,Low,7.0,Cat_6,D
2881,Female,No,41.0,Yes,Entertainment,7.0,Average,3.0,Cat_3,B
2882,Female,No,51.0,Yes,Doctor,14.0,High,2.0,Cat_4,C
2883,Male,Yes,75.0,No,Homemaker,8.0,Average,4.0,Cat_3,D
2884,Female,Yes,36.0,Yes,Healthcare,2.0,High,4.0,Cat_2,B
2885,Female,Yes,44.0,Yes,Doctor,7.0,Low,2.0,Cat_3,C
2886,Female,No,62.0,No,Executive,5.0,Average,4.0,Cat_3,C
2887,Female,No,22.0,Yes,Marketing,2.0,High,1.0,Cat_1,A
2888,Female,No,44.0,Yes,Healthcare,6.0,Average,2.0,Cat_7,B
2889,Male,No,47.0,No,Doctor,9.0,Average,3.0,Cat_5,B
2890,Male,Yes,60.0,No,Healthcare,8.0,Average,4.0,Cat_7,D
2891,Male,Yes,20.0,Yes,Marketing,2.0,Average,1.0,Cat_2,A
2892,Female,Yes,34.0,No,Lawyer,7.0,Average,2.0,Cat_6,B
2893,Female,No,78.0,No,Artist,12.0,Average,4.0,Cat_6,D
2894,Male,Yes,51.0,No,Homemaker,9.0,High,3.0,Cat_5,D
2895,Male,Yes,45.0,Yes,,10.0,Average,7.0,Cat_4,D
2896,Female,Yes,46.0,Yes,Artist,2.0,Average,4.0,Cat_3,B
2897,Male,Yes,73.0,Yes,,,High,7.0,Cat_7,D
2898,Male,No,67.0,Yes,Healthcare,12.0,Average,4.0,Cat_6,D
2899,Female,No,19.0,No,Marketing,3.0,Low,1.0,Cat_2,A
2900,Male,,24.0,,Engineer,2.0,Low,1.0,Cat_2,A
2901,Female,No,29.0,No,Entertainment,4.0,Low,,Cat_2,A
2902,Male,No,62.0,No,Lawyer,9.0,Average,5.0,Cat_6,D
2903,Male,No,30.0,Yes,Marketing,7.0,Average,2.0,Cat_3,B
2904,Male,No,34.0,No,Homemaker,2.0,Low,1.0,Cat_2,A
2905,Male,No,35.0,No,Healthcare,9.0,High,2.0,Cat_5,B
2906,Female,Yes,51.0,Yes,Executive,14.0,Average,4.0,Cat_3,C
2907,Male,No,31.0,Yes,Marketing,3.0,Low,1.0,Cat_4,A
2908,Female,No,33.0,Yes,Artist,0.0,Low,2.0,Cat_1,A
2909,Male,No,25.0,Yes,Entertainment,1.0,Low,1.0,Cat_1,A
2910,Female,No,41.0,No,Engineer,9.0,Average,3.0,Cat_4,B
2911,Male,Yes,31.0,Yes,Marketing,2.0,Average,4.0,Cat_1,B
2912,Male,No,57.0,Yes,Engineer,12.0,Average,4.0,Cat_7,C
2913,Female,No,44.0,Yes,Healthcare,5.0,Average,2.0,Cat_3,B
2914,Female,No,32.0,No,Artist,3.0,Low,2.0,Cat_4,B
2915,Male,No,29.0,Yes,Healthcare,2.0,Low,2.0,Cat_3,A
2916,Male,Yes,60.0,Yes,Entertainment,13.0,Average,6.0,Cat_1,D
2917,Male,Yes,77.0,No,Homemaker,14.0,Low,6.0,Cat_7,D
2918,Female,Yes,20.0,Yes,Executive,3.0,Average,2.0,Cat_2,A
2919,Female,No,33.0,No,Entertainment,2.0,Average,2.0,Cat_7,A
2920,Female,Yes,67.0,,Engineer,10.0,Low,6.0,Cat_6,D
2921,Female,Yes,45.0,Yes,Healthcare,9.0,Low,7.0,Cat_6,D
2922,Male,No,60.0,Yes,Executive,10.0,Average,3.0,Cat_5,C
2923,Male,Yes,63.0,Yes,Lawyer,7.0,Average,3.0,Cat_6,C
2924,Female,No,61.0,Yes,Engineer,5.0,High,3.0,Cat_7,C
2925,Female,No,30.0,No,Executive,1.0,Low,1.0,Cat_4,A
2926,Female,No,22.0,Yes,Homemaker,4.0,Low,1.0,Cat_2,A
2927,Female,Yes,57.0,No,Engineer,14.0,Low,4.0,Cat_7,D
2928,Female,Yes,75.0,Yes,Healthcare,12.0,Low,7.0,Cat_6,D
2929,Female,Yes,64.0,Yes,Entertainment,5.0,High,2.0,Cat_3,C
2930,Male,No,41.0,No,Lawyer,10.0,High,3.0,Cat_5,C
2931,Female,No,31.0,No,,0.0,Low,1.0,Cat_1,A
2932,Male,Yes,20.0,Yes,Artist,4.0,Average,2.0,Cat_5,A
2933,Male,Yes,38.0,Yes,Executive,,Low,,Cat_6,B
2934,Male,No,40.0,Yes,Artist,2.0,Low,4.0,Cat_3,B
2935,Male,Yes,41.0,No,Marketing,7.0,Average,,Cat_2,B
2936,Male,No,49.0,Yes,Homemaker,10.0,Average,,Cat_3,D
2937,Male,Yes,68.0,Yes,Marketing,9.0,Low,3.0,Cat_4,D
2938,Male,Yes,33.0,No,Homemaker,3.0,Average,4.0,Cat_4,B
2939,Female,Yes,65.0,Yes,Homemaker,8.0,Low,3.0,Cat_7,D
2940,Male,No,40.0,No,Healthcare,8.0,Low,4.0,Cat_5,B
2941,Male,Yes,40.0,Yes,Healthcare,9.0,Low,4.0,Cat_1,B
2942,Female,Yes,48.0,No,Marketing,11.0,Low,4.0,Cat_5,D
2943,Male,Yes,29.0,No,Homemaker,5.0,Average,3.0,Cat_4,B
2944,Female,Yes,59.0,Yes,Lawyer,13.0,High,3.0,Cat_7,C
2945,Female,Yes,46.0,Yes,Doctor,2.0,Low,3.0,Cat_5,B
2946,Female,Yes,47.0,No,Engineer,14.0,High,4.0,Cat_2,C
2947,Female,Yes,48.0,,Homemaker,13.0,High,3.0,Cat_6,C
2948,Female,Yes,46.0,Yes,Doctor,13.0,Low,6.0,Cat_1,D
2949,Male,No,34.0,No,Entertainment,3.0,Low,1.0,Cat_1,A
2950,Female,,33.0,Yes,Homemaker,3.0,Low,1.0,,A
2951,Male,Yes,39.0,Yes,Healthcare,5.0,Average,3.0,Cat_5,C
2952,Female,Yes,59.0,Yes,Healthcare,8.0,High,4.0,Cat_7,C
2953,Female,Yes,49.0,Yes,Executive,,Low,2.0,Cat_4,C
2954,Male,Yes,53.0,Yes,Engineer,8.0,Average,2.0,Cat_5,C
2955,Male,Yes,63.0,Yes,Executive,,High,4.0,Cat_6,D
2956,Female,No,31.0,,Artist,3.0,Low,1.0,Cat_2,A
2957,Male,No,45.0,Yes,Executive,4.0,Average,4.0,Cat_3,B
2958,Male,Yes,21.0,No,Homemaker,4.0,Low,1.0,Cat_4,A
2959,Male,Yes,33.0,Yes,Homemaker,6.0,High,3.0,Cat_3,B
2960,Male,No,33.0,Yes,Entertainment,4.0,Average,2.0,Cat_1,A
2961,Female,Yes,28.0,No,Entertainment,2.0,Average,2.0,Cat_5,A
2962,Male,Yes,50.0,Yes,Marketing,5.0,Average,2.0,,C
2963,Female,Yes,65.0,Yes,Homemaker,14.0,Average,4.0,Cat_4,D
2964,Female,Yes,58.0,Yes,Engineer,8.0,High,2.0,Cat_5,C
2965,Male,Yes,45.0,No,Artist,12.0,Low,4.0,Cat_2,C
2966,Female,Yes,60.0,No,Executive,7.0,High,3.0,Cat_4,C
2967,Male,Yes,45.0,Yes,Executive,3.0,High,4.0,Cat_1,B
2968,Male,Yes,56.0,No,Executive,8.0,High,2.0,Cat_6,C
2969,Female,No,45.0,Yes,Doctor,6.0,Average,2.0,Cat_3,B
2970,Male,No,21.0,No,Healthcare,2.0,Low,2.0,Cat_1,A
2971,Male,Yes,54.0,Yes,Doctor,14.0,High,7.0,Cat_6,D
2972,Female,No,28.0,Yes,Marketing,2.0,Low,2.0,Cat_3,A
2973,Male,Yes,36.0,Yes,Lawyer,8.0,Average,3.0,Cat_2,C
2974,Male,No,36.0,No,Homemaker,8.0,Low,3.0,Cat_3,B
2975,Female,Yes,35.0,Yes,Engineer,6.0,Low,2.0,Cat_3,C
2976,Male,Yes,61.0,Yes,Executive,10.0,Average,3.0,Cat_7,D
2977,Female,No,32.0,Yes,Lawyer,5.0,Average,2.0,Cat_2,B
2978,Female,Yes,59.0,Yes,Executive,,High,3.0,Cat_6,C
2979,Female,Yes,42.0,,Entertainment,8.0,Low,2.0,Cat_3,B
2980,Female,No,38.0,Yes,Doctor,8.0,Average,4.0,Cat_4,B
2981,Female,Yes,65.0,Yes,Engineer,13.0,High,3.0,Cat_4,C
2982,Female,Yes,47.0,Yes,Artist,,Average,3.0,Cat_6,C
2983,Female,No,48.0,No,Lawyer,,Average,2.0,Cat_2,B
2984,Female,Yes,63.0,Yes,Artist,9.0,Average,7.0,Cat_7,D
2985,Female,Yes,53.0,No,Executive,13.0,Low,3.0,Cat_4,D
2986,Male,Yes,41.0,Yes,Lawyer,6.0,Average,,Cat_2,C
2987,Female,Yes,18.0,Yes,Engineer,,High,1.0,Cat_2,A
2988,Female,Yes,70.0,No,Entertainment,9.0,Low,5.0,Cat_7,D
2989,Male,Yes,37.0,No,Engineer,9.0,Average,2.0,Cat_6,C
2990,Male,Yes,47.0,Yes,Doctor,11.0,High,3.0,Cat_2,C
2991,Male,No,46.0,No,Entertainment,,Average,2.0,Cat_3,B
2992,Male,No,36.0,No,Artist,6.0,Average,,Cat_1,B
2993,Female,No,43.0,Yes,Healthcare,,Average,2.0,Cat_1,B
2994,Female,No,18.0,No,Executive,2.0,Low,1.0,Cat_2,A
2995,Female,Yes,45.0,Yes,,8.0,High,4.0,Cat_6,D
2996,Female,No,34.0,No,Marketing,2.0,Low,2.0,Cat_4,A
2997,Female,Yes,42.0,Yes,Healthcare,5.0,Average,4.0,Cat_6,B
2998,Male,No,26.0,No,Artist,2.0,Low,2.0,Cat_6,A
2999,Female,Yes,73.0,No,Healthcare,13.0,Low,6.0,Cat_7,D
3000,Female,No,19.0,No,Engineer,3.0,Average,2.0,Cat_2,A
3001,Male,Yes,55.0,Yes,Healthcare,14.0,High,5.0,Cat_7,D
3002,Male,No,32.0,Yes,Homemaker,2.0,Average,3.0,Cat_5,B
3003,Female,Yes,47.0,No,Marketing,14.0,Average,3.0,Cat_6,D
3004,Female,Yes,60.0,No,Executive,10.0,Low,,Cat_3,C
3005,Female,Yes,50.0,No,Marketing,14.0,Average,3.0,Cat_5,D
3006,Female,No,46.0,No,Artist,,Low,2.0,Cat_4,B
3007,Female,Yes,31.0,Yes,Healthcare,8.0,Low,4.0,Cat_4,B
3008,Female,No,26.0,No,Entertainment,1.0,Low,2.0,Cat_4,A
3009,Male,Yes,62.0,Yes,Engineer,8.0,High,3.0,Cat_7,C
3010,Female,Yes,42.0,Yes,Artist,6.0,High,2.0,Cat_6,C
3011,Female,No,46.0,Yes,Executive,12.0,Average,6.0,Cat_7,D
3012,Male,No,44.0,Yes,Entertainment,3.0,Average,2.0,Cat_4,B
3013,Female,Yes,30.0,Yes,Artist,9.0,Average,2.0,Cat_4,B
3014,Female,Yes,40.0,Yes,Artist,6.0,High,2.0,Cat_6,C
3015,Male,Yes,53.0,Yes,Engineer,9.0,Average,4.0,Cat_2,C
3016,Male,No,36.0,No,Doctor,7.0,Average,4.0,Cat_5,B
3017,Male,Yes,36.0,Yes,Engineer,14.0,High,2.0,Cat_6,C
3018,Female,No,42.0,Yes,Healthcare,,High,3.0,Cat_1,C
3019,Male,Yes,51.0,No,Engineer,8.0,Low,3.0,Cat_7,D
3020,Female,Yes,21.0,Yes,Artist,3.0,Average,2.0,Cat_1,A
3021,Male,Yes,59.0,Yes,Engineer,14.0,Low,3.0,Cat_5,C
3022,Female,No,50.0,No,Marketing,9.0,Low,,Cat_1,B
3023,Female,Yes,62.0,Yes,Marketing,8.0,High,2.0,Cat_5,C
3024,Female,Yes,57.0,Yes,Healthcare,7.0,Average,2.0,Cat_4,C
3025,Female,Yes,45.0,Yes,Lawyer,9.0,High,3.0,Cat_3,B
3026,Male,No,37.0,Yes,,9.0,Average,3.0,Cat_4,B
3027,Male,Yes,52.0,Yes,Marketing,10.0,High,,Cat_3,C
3028,Female,No,23.0,No,Healthcare,0.0,Low,1.0,Cat_5,A
3029,Male,No,35.0,Yes,Healthcare,3.0,High,2.0,Cat_5,B
3030,Female,Yes,39.0,Yes,Lawyer,14.0,Low,3.0,Cat_6,C
3031,Female,No,28.0,Yes,Homemaker,4.0,Low,2.0,Cat_3,A
3032,Female,No,23.0,,Entertainment,4.0,Low,2.0,Cat_4,A
3033,Female,Yes,57.0,No,Healthcare,14.0,Average,3.0,Cat_2,D
3034,Female,Yes,69.0,No,,10.0,Low,5.0,Cat_6,D
3035,Female,Yes,42.0,Yes,Lawyer,3.0,High,4.0,Cat_4,B
3036,Male,Yes,70.0,Yes,Lawyer,14.0,Low,3.0,Cat_6,D
3037,Female,Yes,46.0,Yes,Engineer,11.0,Average,6.0,Cat_6,D
3038,Male,No,35.0,No,Marketing,7.0,Low,,Cat_4,B
3039,Female,No,36.0,Yes,Homemaker,8.0,Average,2.0,Cat_5,B
3040,Male,No,30.0,,Homemaker,3.0,High,2.0,Cat_1,A
3041,Male,No,25.0,No,Executive,3.0,Low,1.0,Cat_4,A
3042,Female,Yes,49.0,Yes,Doctor,2.0,Low,2.0,Cat_3,B
3043,Female,No,57.0,Yes,Executive,5.0,Low,3.0,Cat_3,C
3044,Female,Yes,69.0,Yes,Homemaker,13.0,Low,3.0,Cat_5,D
3045,Male,Yes,43.0,No,Lawyer,13.0,Average,2.0,Cat_2,C
3046,Female,Yes,33.0,Yes,Engineer,2.0,Average,4.0,Cat_6,B
3047,Male,Yes,57.0,Yes,Engineer,9.0,Average,5.0,Cat_7,D
3048,Female,No,49.0,No,Homemaker,5.0,High,4.0,Cat_1,B
3049,Male,Yes,59.0,Yes,Entertainment,,Average,3.0,Cat_5,D
3050,Female,No,33.0,No,Healthcare,4.0,Average,2.0,Cat_3,B
3051,Male,No,56.0,Yes,Artist,9.0,High,3.0,Cat_5,C
3052,Male,Yes,49.0,No,Lawyer,11.0,High,2.0,,C
3053,Female,Yes,33.0,No,Artist,1.0,Low,1.0,Cat_2,A
3054,Male,No,24.0,No,Engineer,1.0,Low,1.0,Cat_4,A
3055,Female,Yes,67.0,No,Marketing,12.0,Average,3.0,Cat_5,D
3056,Female,Yes,46.0,Yes,Lawyer,12.0,Average,4.0,Cat_5,C
3057,Male,No,20.0,No,Executive,2.0,Low,1.0,Cat_2,A
3058,Female,Yes,45.0,Yes,Healthcare,5.0,Low,3.0,Cat_6,C
3059,Female,Yes,35.0,No,Engineer,7.0,Average,4.0,Cat_6,B
3060,Male,Yes,70.0,Yes,Executive,9.0,Average,5.0,Cat_5,D
3061,Male,Yes,68.0,Yes,Artist,10.0,Average,5.0,Cat_5,D
3062,Female,Yes,70.0,Yes,Healthcare,12.0,High,3.0,Cat_7,D
3063,Male,No,18.0,No,Healthcare,0.0,Low,1.0,Cat_2,A
3064,Female,No,28.0,No,Lawyer,4.0,High,4.0,Cat_4,B
3065,Female,Yes,62.0,Yes,Executive,13.0,High,4.0,Cat_4,C
3066,Female,Yes,46.0,Yes,Engineer,10.0,High,3.0,Cat_4,C
3067,Female,Yes,31.0,No,Artist,2.0,Low,2.0,Cat_1,A
3068,Male,Yes,33.0,Yes,Entertainment,8.0,Low,2.0,Cat_5,B
3069,Female,No,48.0,Yes,Engineer,5.0,High,4.0,Cat_3,C
3070,Male,Yes,58.0,No,Homemaker,13.0,Average,3.0,Cat_6,D
3071,Male,,22.0,Yes,Healthcare,3.0,Low,2.0,Cat_1,A
3072,Male,Yes,45.0,No,Healthcare,11.0,Low,,Cat_6,D
3073,Male,No,54.0,Yes,Healthcare,10.0,High,,Cat_1,C
3074,Male,No,29.0,No,Homemaker,4.0,Low,1.0,Cat_2,A
3075,Female,Yes,59.0,Yes,Lawyer,11.0,Average,7.0,Cat_3,D
3076,Female,Yes,44.0,Yes,Lawyer,8.0,High,2.0,Cat_5,C
3077,Female,Yes,44.0,Yes,Marketing,14.0,High,4.0,Cat_5,C
3078,Male,,35.0,Yes,Doctor,11.0,High,3.0,Cat_7,C
3079,Female,Yes,57.0,Yes,Engineer,7.0,Low,3.0,Cat_3,C
3080,Male,Yes,50.0,No,,4.0,Average,2.0,Cat_3,B
3081,Male,Yes,60.0,No,Marketing,13.0,Low,6.0,Cat_3,D
3082,Female,Yes,49.0,No,Executive,8.0,Average,5.0,Cat_6,D
3083,Male,Yes,57.0,No,Marketing,8.0,Average,3.0,Cat_6,D
3084,Male,Yes,56.0,Yes,Engineer,10.0,High,2.0,Cat_6,C
3085,Female,Yes,37.0,No,Executive,5.0,High,4.0,Cat_6,C
3086,Female,Yes,54.0,No,Doctor,11.0,High,7.0,Cat_7,D
3087,Female,No,39.0,No,Homemaker,5.0,Average,4.0,Cat_5,B
3088,Male,No,66.0,Yes,Artist,8.0,Low,,Cat_7,D
3089,Male,No,38.0,Yes,Doctor,7.0,Average,2.0,Cat_1,B
3090,Male,No,78.0,Yes,Healthcare,11.0,Average,5.0,Cat_7,D
3091,Female,Yes,55.0,Yes,Healthcare,6.0,Average,4.0,Cat_6,C
3092,Male,No,18.0,No,Entertainment,3.0,Low,2.0,Cat_1,A
3093,Male,No,18.0,Yes,Engineer,4.0,Low,2.0,Cat_3,A
3094,Female,Yes,39.0,Yes,Engineer,7.0,Average,3.0,Cat_3,B
3095,Female,Yes,54.0,Yes,Healthcare,8.0,High,3.0,Cat_4,C
3096,Male,No,57.0,Yes,Healthcare,11.0,Average,5.0,Cat_3,D
3097,Female,Yes,30.0,Yes,Doctor,3.0,Average,4.0,Cat_6,B
3098,Female,Yes,36.0,Yes,Entertainment,5.0,Average,4.0,Cat_3,B
3099,Male,Yes,28.0,Yes,Entertainment,4.0,Low,2.0,,A
3100,Male,Yes,65.0,Yes,Homemaker,,High,2.0,Cat_1,C
3101,Male,Yes,40.0,Yes,Lawyer,4.0,Average,2.0,Cat_3,B
3102,Male,Yes,53.0,Yes,Engineer,11.0,Average,2.0,Cat_5,C
3103,Male,,61.0,No,Healthcare,13.0,High,2.0,Cat_5,C
3104,Male,Yes,46.0,Yes,,7.0,Low,3.0,Cat_3,B
3105,Male,No,33.0,No,Artist,2.0,Low,2.0,Cat_2,B
3106,Female,No,59.0,,Artist,6.0,Average,2.0,Cat_6,C
3107,Female,Yes,50.0,Yes,Marketing,14.0,Average,4.0,Cat_7,D
3108,Female,Yes,70.0,No,Engineer,11.0,Low,7.0,Cat_7,D
3109,Male,Yes,60.0,,Artist,12.0,Average,5.0,Cat_7,D
3110,Female,No,22.0,No,Healthcare,0.0,Low,2.0,Cat_5,A
3111,Male,Yes,45.0,Yes,Executive,3.0,Low,3.0,Cat_1,B
3112,Male,Yes,52.0,No,Marketing,12.0,Average,7.0,Cat_4,D
3113,Male,Yes,31.0,Yes,Executive,,Low,2.0,Cat_3,B
3114,Female,No,23.0,No,Marketing,1.0,Low,2.0,Cat_6,A
3115,Male,Yes,54.0,No,Healthcare,8.0,Average,3.0,Cat_2,C
3116,Male,No,41.0,No,Engineer,8.0,Average,3.0,Cat_4,B
3117,Male,Yes,70.0,Yes,Healthcare,10.0,Average,6.0,Cat_5,D
3118,Male,No,28.0,No,Homemaker,1.0,Average,2.0,Cat_2,A
3119,Female,No,44.0,No,Entertainment,6.0,High,4.0,Cat_3,B
3120,Female,No,23.0,No,Entertainment,4.0,Low,2.0,Cat_1,A
3121,Female,Yes,18.0,,Homemaker,4.0,Low,1.0,Cat_5,A
3122,Male,Yes,42.0,No,Homemaker,13.0,Average,2.0,Cat_7,C
3123,Male,Yes,53.0,No,,11.0,Average,3.0,Cat_7,D
3124,Female,No,29.0,Yes,Entertainment,1.0,Low,1.0,Cat_2,A
3125,Male,No,48.0,Yes,Doctor,6.0,High,2.0,Cat_1,C
3126,Male,Yes,77.0,Yes,Artist,9.0,High,4.0,Cat_6,D
3127,Female,Yes,49.0,Yes,Homemaker,14.0,High,2.0,Cat_3,C
3128,Male,Yes,51.0,Yes,Engineer,14.0,High,4.0,Cat_6,C
3129,Male,No,29.0,No,Entertainment,2.0,Average,2.0,Cat_3,A
3130,Female,Yes,50.0,No,Entertainment,10.0,Average,5.0,Cat_1,D
3131,Female,No,35.0,Yes,Marketing,1.0,Low,1.0,Cat_2,A
3132,Male,No,29.0,Yes,Artist,,Average,2.0,Cat_1,A
3133,Female,Yes,44.0,Yes,Artist,8.0,High,3.0,Cat_4,B
3134,Male,No,27.0,Yes,Marketing,3.0,High,1.0,Cat_1,A
3135,Male,Yes,28.0,Yes,Healthcare,4.0,Low,2.0,Cat_1,A
3136,Male,Yes,80.0,Yes,Marketing,11.0,Low,5.0,Cat_7,D
3137,Male,No,48.0,Yes,Entertainment,7.0,Average,4.0,Cat_1,B
3138,Male,No,39.0,No,Doctor,6.0,Average,4.0,,B
3139,Male,Yes,76.0,Yes,Entertainment,8.0,Low,5.0,Cat_2,D
3140,Female,No,25.0,Yes,Healthcare,1.0,Average,1.0,Cat_2,A
3141,Female,Yes,54.0,Yes,Engineer,12.0,High,2.0,Cat_2,C
3142,Female,Yes,49.0,Yes,Marketing,13.0,Low,4.0,Cat_6,D
3143,Male,Yes,42.0,Yes,Engineer,11.0,High,3.0,Cat_6,C
3144,Male,No,67.0,Yes,Homemaker,13.0,High,7.0,Cat_6,D
3145,Female,No,25.0,Yes,Entertainment,4.0,Low,,Cat_2,A
3146,Female,No,31.0,Yes,Marketing,4.0,Average,1.0,,A
3147,Female,Yes,29.0,Yes,Lawyer,3.0,High,4.0,,B
3148,Female,No,28.0,Yes,Entertainment,3.0,Average,2.0,Cat_2,A
3149,Male,No,33.0,No,Marketing,1.0,Low,1.0,Cat_6,A
3150,Female,No,59.0,Yes,Healthcare,7.0,High,4.0,Cat_5,C
3151,Female,No,50.0,No,Entertainment,9.0,High,2.0,Cat_4,B
3152,Male,Yes,58.0,Yes,Artist,10.0,High,3.0,,D
3153,Male,No,67.0,No,Homemaker,9.0,Average,6.0,Cat_7,D
3154,Female,Yes,65.0,No,Marketing,6.0,Low,2.0,Cat_6,C
3155,Male,Yes,26.0,No,Entertainment,,High,1.0,Cat_1,A
3156,Female,No,52.0,Yes,Doctor,10.0,Average,5.0,Cat_4,D
3157,Female,No,39.0,Yes,Engineer,2.0,Low,3.0,Cat_2,B
3158,Male,No,37.0,Yes,Entertainment,2.0,Average,3.0,Cat_6,B
3159,Male,No,63.0,Yes,Healthcare,6.0,High,4.0,Cat_7,C
3160,Male,,21.0,No,Entertainment,1.0,Average,2.0,Cat_1,A
3161,Male,Yes,46.0,No,Homemaker,5.0,Low,4.0,Cat_1,C
3162,Female,No,58.0,Yes,Executive,9.0,Average,4.0,Cat_2,D
3163,Female,No,65.0,Yes,Executive,11.0,High,3.0,Cat_3,C
3164,Male,Yes,62.0,Yes,Homemaker,13.0,Average,4.0,Cat_5,D
3165,Male,No,41.0,No,Healthcare,6.0,Low,3.0,Cat_6,B
3166,Female,Yes,56.0,Yes,Marketing,8.0,High,2.0,Cat_6,C
3167,Female,No,39.0,Yes,Executive,8.0,Average,3.0,Cat_6,B
3168,Female,No,32.0,Yes,Lawyer,2.0,Average,3.0,Cat_7,B
3169,Female,Yes,47.0,Yes,Engineer,10.0,Low,4.0,Cat_5,D
3170,Female,Yes,18.0,No,Entertainment,1.0,Average,1.0,Cat_3,A
3171,Female,No,33.0,No,Doctor,5.0,Low,4.0,Cat_5,B
3172,Female,No,21.0,No,Entertainment,2.0,Average,2.0,Cat_3,A
3173,Male,Yes,75.0,Yes,Executive,14.0,Average,3.0,Cat_1,D
3174,Male,Yes,49.0,Yes,Doctor,9.0,Average,4.0,Cat_5,B
3175,Male,No,23.0,Yes,Entertainment,3.0,Low,2.0,Cat_4,A
3176,Female,Yes,25.0,No,Executive,0.0,Average,2.0,Cat_7,A
3177,Male,,52.0,No,Doctor,8.0,Low,4.0,Cat_6,D
3178,Male,Yes,79.0,Yes,Engineer,11.0,Low,3.0,Cat_7,D
3179,Female,Yes,53.0,Yes,Engineer,12.0,Low,,Cat_1,C
3180,Male,Yes,49.0,Yes,Entertainment,5.0,High,4.0,Cat_4,B
3181,Male,Yes,35.0,No,Entertainment,0.0,Low,,,A
3182,Female,No,61.0,Yes,Homemaker,12.0,Low,4.0,Cat_3,D
3183,Male,No,46.0,No,Executive,11.0,Average,7.0,Cat_7,D
3184,Male,Yes,73.0,Yes,Artist,14.0,Average,7.0,Cat_7,D
3185,Female,Yes,35.0,Yes,Engineer,5.0,High,3.0,Cat_2,B
3186,Male,No,24.0,Yes,Marketing,3.0,Low,1.0,Cat_4,A
3187,Female,Yes,31.0,No,Engineer,4.0,Low,2.0,Cat_2,B
3188,Male,Yes,66.0,Yes,Marketing,13.0,Average,3.0,Cat_2,D
3189,Male,No,47.0,Yes,Entertainment,5.0,Average,4.0,Cat_6,B
3190,Male,Yes,69.0,Yes,Marketing,13.0,Average,6.0,Cat_7,D
3191,Female,Yes,40.0,,Healthcare,11.0,Average,4.0,Cat_5,C
3192,Female,Yes,46.0,No,Doctor,10.0,Average,4.0,Cat_7,D
3193,Male,Yes,45.0,No,Healthcare,14.0,High,2.0,Cat_4,C
3194,Female,Yes,39.0,No,Executive,11.0,High,3.0,Cat_3,C
3195,Female,,58.0,Yes,Engineer,5.0,High,3.0,Cat_5,C
3196,Male,No,38.0,Yes,Doctor,6.0,Average,2.0,Cat_4,B
3197,Female,Yes,71.0,Yes,Executive,10.0,Low,3.0,Cat_7,D
3198,Male,No,35.0,No,Lawyer,8.0,High,3.0,Cat_3,B
3199,Female,Yes,35.0,No,Executive,2.0,Average,1.0,Cat_5,A
3200,Male,Yes,45.0,No,Homemaker,6.0,High,4.0,Cat_1,B
3201,Female,No,42.0,Yes,Executive,14.0,High,2.0,Cat_6,C
3202,Female,No,35.0,Yes,Lawyer,5.0,High,2.0,Cat_2,C
3203,Female,No,63.0,Yes,Executive,5.0,Average,4.0,Cat_1,C
3204,Male,No,28.0,No,Entertainment,1.0,Low,2.0,Cat_6,A
3205,Male,No,27.0,No,Homemaker,2.0,Low,1.0,Cat_2,A
3206,Male,No,56.0,Yes,Lawyer,13.0,High,3.0,Cat_6,C
3207,Male,Yes,29.0,Yes,Engineer,3.0,Average,3.0,Cat_4,B
3208,Male,No,71.0,Yes,Artist,14.0,High,4.0,Cat_6,D
3209,Female,,55.0,Yes,Homemaker,14.0,Average,4.0,Cat_7,D
3210,Female,No,18.0,No,Marketing,2.0,Low,2.0,Cat_2,A
3211,Male,Yes,37.0,Yes,Artist,8.0,Average,4.0,Cat_6,B
3212,Female,Yes,34.0,No,Lawyer,4.0,Average,3.0,Cat_5,B
3213,Female,Yes,40.0,Yes,Healthcare,6.0,Average,4.0,Cat_4,C
3214,Female,Yes,60.0,Yes,Engineer,9.0,Low,5.0,Cat_4,D
3215,Male,No,37.0,Yes,Lawyer,2.0,Average,3.0,,B
3216,Male,Yes,68.0,Yes,Marketing,13.0,Average,5.0,Cat_7,D
3217,Female,No,33.0,No,Marketing,4.0,Low,1.0,Cat_6,A
3218,Female,Yes,57.0,Yes,Lawyer,,Low,4.0,Cat_6,D
3219,Female,,32.0,,Marketing,2.0,Low,3.0,Cat_5,B
3220,Female,Yes,47.0,Yes,Entertainment,8.0,High,2.0,Cat_4,C
3221,Female,No,51.0,No,,9.0,High,3.0,Cat_4,D
3222,Male,,30.0,Yes,Lawyer,2.0,Low,2.0,Cat_1,A
3223,Male,Yes,48.0,No,Healthcare,7.0,Average,2.0,Cat_5,B
3224,Male,No,36.0,Yes,Engineer,8.0,Average,2.0,Cat_4,B
3225,Male,Yes,70.0,Yes,Marketing,11.0,Average,5.0,Cat_7,D
3226,Male,,38.0,Yes,Artist,8.0,High,2.0,Cat_5,C
3227,Female,Yes,57.0,Yes,Entertainment,8.0,High,2.0,Cat_6,C
3228,Female,No,40.0,No,Entertainment,8.0,Average,3.0,Cat_4,B
3229,Male,Yes,74.0,No,Executive,11.0,Low,5.0,Cat_4,D
3230,Male,Yes,40.0,Yes,Healthcare,2.0,Low,3.0,Cat_5,B
3231,Female,No,23.0,,Healthcare,2.0,Low,2.0,Cat_2,A
3232,Female,No,56.0,No,Entertainment,12.0,High,5.0,Cat_6,D
3233,Female,No,38.0,Yes,Healthcare,,Low,3.0,,B
3234,Female,Yes,18.0,Yes,Artist,1.0,Low,,Cat_3,A
3235,Female,Yes,65.0,Yes,Engineer,9.0,High,3.0,Cat_6,D
3236,Male,No,30.0,No,Artist,1.0,Low,2.0,Cat_3,A
3237,Female,Yes,72.0,Yes,Healthcare,10.0,High,5.0,Cat_7,D
3238,Female,Yes,32.0,No,Executive,0.0,Low,1.0,Cat_3,A
3239,Female,No,49.0,Yes,Engineer,11.0,High,3.0,Cat_7,C
3240,Female,Yes,77.0,Yes,Healthcare,9.0,Average,3.0,Cat_5,D
3241,Male,Yes,40.0,No,Homemaker,5.0,Low,4.0,Cat_3,B
3242,Female,No,20.0,Yes,Entertainment,3.0,Low,1.0,Cat_3,A
3243,Female,No,33.0,Yes,Homemaker,3.0,Low,3.0,Cat_3,B
3244,Female,No,26.0,No,Healthcare,3.0,Low,1.0,Cat_2,A
3245,Male,No,18.0,No,Marketing,0.0,Average,2.0,Cat_3,A
3246,Male,Yes,39.0,Yes,Entertainment,3.0,Average,4.0,Cat_2,B
3247,Female,No,37.0,Yes,Engineer,5.0,Low,2.0,Cat_5,C
3248,Female,Yes,42.0,Yes,Homemaker,3.0,Low,3.0,Cat_3,B
3249,Female,Yes,46.0,Yes,Healthcare,7.0,High,3.0,Cat_4,B
3250,Male,Yes,47.0,Yes,Doctor,14.0,High,3.0,Cat_5,C
3251,Female,,22.0,No,Marketing,3.0,Average,2.0,Cat_3,A
3252,Male,Yes,78.0,Yes,Healthcare,14.0,Low,6.0,Cat_7,D
3253,Male,No,29.0,Yes,Engineer,0.0,Average,2.0,Cat_3,A
3254,Female,No,56.0,No,Healthcare,,Average,7.0,Cat_7,D
3255,Male,Yes,41.0,Yes,Homemaker,7.0,High,3.0,Cat_6,C
3256,Male,No,28.0,Yes,Doctor,1.0,Low,1.0,Cat_1,A
3257,Male,No,24.0,No,Artist,2.0,Low,2.0,Cat_1,A
3258,Female,Yes,36.0,Yes,Doctor,9.0,Average,3.0,Cat_3,B
3259,Female,No,39.0,Yes,Marketing,2.0,Low,3.0,Cat_3,B
3260,Female,Yes,35.0,Yes,Healthcare,6.0,Average,,Cat_2,B
3261,Female,No,51.0,No,Executive,11.0,High,4.0,Cat_7,C
3262,Female,Yes,75.0,Yes,Engineer,,Low,3.0,Cat_7,D
3263,Female,No,65.0,Yes,Healthcare,8.0,High,2.0,Cat_1,C
3264,Female,No,41.0,Yes,Marketing,7.0,Low,3.0,Cat_5,B
3265,Female,No,53.0,Yes,Doctor,9.0,Low,5.0,Cat_5,D
3266,Female,Yes,48.0,Yes,Doctor,10.0,Average,7.0,Cat_7,D
3267,Female,No,22.0,No,Healthcare,4.0,Average,1.0,Cat_5,A
3268,Female,Yes,55.0,Yes,Doctor,,High,4.0,Cat_5,C
3269,Male,No,77.0,Yes,Doctor,9.0,Average,5.0,Cat_6,D
3270,Female,Yes,36.0,No,Executive,7.0,Average,4.0,Cat_4,B
3271,Male,Yes,35.0,Yes,Engineer,12.0,High,2.0,Cat_5,C
3272,Male,No,31.0,No,Engineer,8.0,Average,,,B
3273,Male,No,54.0,No,Marketing,12.0,Average,5.0,Cat_5,D
3274,Male,Yes,49.0,No,Artist,6.0,Average,,Cat_2,B
3275,Female,Yes,35.0,Yes,Lawyer,6.0,Average,4.0,Cat_4,B
3276,Female,No,19.0,Yes,Healthcare,3.0,Low,1.0,Cat_2,A
3277,Female,Yes,38.0,Yes,Lawyer,9.0,Low,4.0,Cat_3,B
3278,Male,Yes,57.0,Yes,Lawyer,10.0,High,2.0,Cat_6,C
3279,Female,Yes,19.0,Yes,Entertainment,3.0,Average,2.0,Cat_2,A
3280,Female,Yes,39.0,No,Engineer,8.0,High,4.0,Cat_4,C
3281,Male,Yes,64.0,,Artist,9.0,Average,7.0,Cat_7,D
3282,Male,Yes,53.0,No,Homemaker,12.0,High,7.0,Cat_3,D
3283,Male,No,33.0,Yes,Entertainment,5.0,Average,2.0,Cat_3,B
3284,Male,Yes,70.0,Yes,Artist,,Average,6.0,Cat_7,D
3285,Male,No,48.0,Yes,Entertainment,6.0,High,4.0,Cat_4,C
3286,Female,No,48.0,No,Healthcare,7.0,Average,4.0,Cat_4,B
3287,Male,Yes,57.0,Yes,Executive,9.0,High,3.0,Cat_5,C
3288,Female,No,35.0,No,Entertainment,0.0,Low,1.0,Cat_1,A
3289,Male,Yes,40.0,No,Marketing,8.0,Average,4.0,Cat_4,B
3290,Female,Yes,63.0,Yes,Lawyer,11.0,Average,4.0,Cat_5,C
3291,Female,Yes,45.0,Yes,Executive,12.0,Average,3.0,Cat_7,D
3292,Male,Yes,46.0,Yes,Engineer,12.0,Average,7.0,Cat_7,D
3293,Female,No,69.0,Yes,Doctor,10.0,Low,6.0,Cat_7,D
3294,Male,Yes,54.0,Yes,Executive,12.0,Low,4.0,Cat_7,D
3295,Male,No,24.0,No,Artist,1.0,Low,2.0,Cat_2,A
3296,Male,Yes,32.0,Yes,Marketing,,Average,3.0,Cat_4,B
3297,Male,No,22.0,Yes,Artist,4.0,Average,2.0,Cat_1,A
3298,Male,No,47.0,No,Marketing,14.0,Average,7.0,Cat_6,D
3299,Male,Yes,28.0,Yes,Doctor,4.0,Average,2.0,Cat_3,B
3300,Male,Yes,73.0,Yes,Artist,8.0,Low,3.0,Cat_4,D
3301,Female,No,27.0,No,Entertainment,1.0,Low,1.0,Cat_6,A
3302,Female,No,35.0,No,Engineer,0.0,Low,1.0,Cat_2,A
3303,Female,No,19.0,No,Lawyer,1.0,Low,2.0,Cat_2,A
3304,Female,Yes,31.0,No,Doctor,1.0,Low,1.0,Cat_1,A
3305,Male,Yes,37.0,No,Healthcare,4.0,Average,2.0,Cat_5,B
3306,Male,,47.0,Yes,Executive,9.0,Average,4.0,Cat_3,B
3307,Female,No,35.0,Yes,Engineer,3.0,Average,3.0,Cat_5,B
3308,Female,No,40.0,Yes,Marketing,,Average,3.0,Cat_2,C
3309,Male,Yes,65.0,Yes,Healthcare,13.0,Average,3.0,Cat_7,C
3310,Male,Yes,47.0,Yes,Homemaker,9.0,Average,6.0,Cat_2,D
3311,Female,No,34.0,Yes,Marketing,2.0,High,2.0,,A
3312,Female,No,20.0,Yes,,3.0,Average,2.0,Cat_5,A
3313,Female,No,35.0,Yes,Healthcare,7.0,High,3.0,Cat_2,B
3314,Male,Yes,25.0,No,Healthcare,4.0,Low,1.0,Cat_5,A
3315,Male,Yes,32.0,Yes,Artist,1.0,Low,1.0,Cat_2,A
3316,Female,,35.0,Yes,Engineer,3.0,Low,2.0,Cat_4,A
3317,Male,Yes,44.0,No,Executive,8.0,High,3.0,Cat_5,C
3318,Male,Yes,60.0,Yes,Healthcare,,Average,3.0,Cat_1,C
3319,Male,Yes,37.0,Yes,Lawyer,2.0,High,4.0,Cat_4,B
3320,Female,No,19.0,Yes,Entertainment,1.0,Low,2.0,Cat_2,A
3321,Male,Yes,58.0,Yes,Healthcare,,Average,4.0,Cat_2,D
3322,Male,Yes,68.0,No,Lawyer,,Low,4.0,Cat_7,D
3323,Male,Yes,47.0,Yes,Engineer,,Average,2.0,Cat_5,C
3324,Male,No,50.0,No,Lawyer,,Average,,Cat_5,B
3325,Female,Yes,45.0,Yes,Engineer,5.0,Average,3.0,Cat_5,B
3326,Male,Yes,49.0,No,Artist,13.0,Low,3.0,Cat_7,D
3327,Female,Yes,36.0,Yes,Executive,9.0,Average,2.0,Cat_5,B
3328,Female,Yes,71.0,Yes,Homemaker,14.0,High,7.0,Cat_3,D
3329,Female,No,49.0,Yes,Healthcare,9.0,Average,4.0,Cat_3,B
3330,Male,No,71.0,Yes,Lawyer,13.0,Low,5.0,Cat_5,D
3331,Female,Yes,22.0,No,Engineer,,Average,2.0,Cat_5,A
3332,Male,No,48.0,No,Entertainment,6.0,Average,3.0,Cat_2,B
3333,Male,Yes,41.0,No,Artist,6.0,Average,3.0,Cat_7,B
3334,Male,Yes,61.0,Yes,Artist,9.0,High,4.0,Cat_4,D
3335,Male,Yes,43.0,No,Doctor,4.0,Average,4.0,Cat_3,B
3336,Male,Yes,71.0,Yes,Lawyer,14.0,Low,3.0,Cat_7,D
3337,Male,Yes,41.0,Yes,Doctor,2.0,Average,3.0,Cat_5,B
3338,Female,Yes,49.0,Yes,Doctor,5.0,Average,2.0,Cat_2,B
3339,Female,Yes,35.0,Yes,Entertainment,4.0,Average,3.0,Cat_4,B
3340,Male,No,22.0,Yes,Engineer,1.0,Low,2.0,Cat_1,A
3341,Female,No,50.0,Yes,Doctor,7.0,High,3.0,Cat_5,C
3342,Male,Yes,31.0,Yes,Doctor,4.0,Low,3.0,Cat_4,B
3343,Female,Yes,44.0,No,Executive,11.0,High,,Cat_4,C
3344,Female,Yes,54.0,No,Entertainment,14.0,Low,3.0,Cat_7,D
3345,Male,No,38.0,Yes,Engineer,4.0,Average,4.0,Cat_4,B
3346,Male,Yes,35.0,Yes,Doctor,6.0,Average,2.0,Cat_5,B
3347,Male,Yes,46.0,Yes,,,Average,7.0,Cat_5,D
3348,Female,Yes,59.0,Yes,Doctor,13.0,Average,4.0,Cat_3,D
3349,Female,No,20.0,Yes,Marketing,0.0,Low,2.0,Cat_1,A
3350,Male,Yes,23.0,Yes,Homemaker,2.0,Low,1.0,Cat_1,A
3351,Female,No,18.0,Yes,Homemaker,4.0,Low,2.0,Cat_2,A
3352,Male,Yes,68.0,No,Doctor,13.0,Low,4.0,Cat_6,D
3353,Female,No,22.0,Yes,Healthcare,2.0,Low,2.0,Cat_4,A
3354,Female,,41.0,Yes,Doctor,13.0,High,3.0,Cat_4,C
3355,Male,No,20.0,No,Healthcare,2.0,Low,1.0,Cat_2,A
3356,Female,No,26.0,No,Lawyer,1.0,Average,1.0,Cat_1,A
3357,Male,Yes,49.0,Yes,Executive,7.0,Average,2.0,Cat_7,C
3358,Male,Yes,76.0,Yes,Lawyer,11.0,High,3.0,Cat_7,D
3359,Female,Yes,41.0,No,Homemaker,2.0,Low,,Cat_4,B
3360,Male,Yes,57.0,Yes,Doctor,5.0,Low,2.0,Cat_3,C
3361,Male,Yes,51.0,Yes,Engineer,10.0,Low,4.0,Cat_4,D
3362,Male,No,58.0,Yes,Engineer,11.0,Average,,Cat_2,C
3363,Female,No,34.0,Yes,Executive,,Low,1.0,Cat_5,A
3364,Female,Yes,29.0,Yes,Artist,4.0,Average,1.0,Cat_5,A
3365,Male,Yes,70.0,No,Engineer,10.0,Low,6.0,Cat_7,D
3366,Male,No,49.0,Yes,Engineer,,Average,4.0,Cat_3,B
3367,Male,Yes,42.0,Yes,,,Average,4.0,Cat_6,B
3368,Male,No,21.0,Yes,Entertainment,1.0,Low,1.0,Cat_2,A
3369,Male,Yes,32.0,No,Entertainment,0.0,Low,2.0,Cat_2,A
3370,Female,Yes,59.0,Yes,Healthcare,11.0,High,4.0,Cat_5,C
3371,Female,Yes,60.0,No,Executive,14.0,High,,Cat_4,C
3372,Female,No,29.0,Yes,Healthcare,0.0,Low,2.0,Cat_1,A
3373,Male,Yes,54.0,Yes,Engineer,,High,4.0,Cat_7,C
3374,Male,Yes,32.0,Yes,Entertainment,7.0,Low,2.0,Cat_2,B
3375,Male,Yes,48.0,Yes,Doctor,8.0,Low,4.0,Cat_4,C
3376,Male,Yes,78.0,Yes,Entertainment,11.0,Average,4.0,Cat_4,D
3377,Male,Yes,52.0,Yes,Lawyer,8.0,Average,7.0,Cat_6,D
3378,Male,Yes,67.0,No,Lawyer,10.0,Low,6.0,Cat_6,D
3379,Female,No,41.0,Yes,Marketing,7.0,Average,3.0,Cat_4,B
3380,Female,Yes,32.0,Yes,Lawyer,8.0,High,3.0,Cat_4,B
3381,Female,Yes,49.0,No,Homemaker,8.0,Average,2.0,Cat_4,B
3382,Male,Yes,75.0,Yes,Entertainment,12.0,Average,5.0,Cat_5,D
3383,Female,No,28.0,No,Engineer,0.0,Low,1.0,Cat_1,A
3384,Male,Yes,53.0,No,Homemaker,8.0,High,3.0,Cat_3,D
3385,Male,No,65.0,Yes,Engineer,10.0,High,4.0,Cat_7,C
3386,Male,Yes,36.0,Yes,Artist,3.0,Low,2.0,Cat_5,B
3387,Male,Yes,78.0,Yes,,13.0,Average,4.0,Cat_7,D
3388,Male,Yes,52.0,Yes,Homemaker,14.0,Low,7.0,Cat_5,D
3389,Female,Yes,22.0,Yes,Engineer,,Low,1.0,Cat_1,A
3390,Male,No,28.0,No,Homemaker,1.0,Average,1.0,Cat_4,A
3391,Male,No,29.0,No,,3.0,High,2.0,Cat_3,B
3392,Female,Yes,37.0,Yes,Engineer,14.0,High,4.0,Cat_6,C
3393,Female,Yes,35.0,Yes,Homemaker,6.0,High,4.0,Cat_3,B
3394,Male,Yes,71.0,No,Entertainment,14.0,Average,4.0,Cat_1,D
3395,Male,Yes,64.0,Yes,Engineer,8.0,High,3.0,Cat_1,C
3396,Male,Yes,65.0,Yes,,,Low,4.0,Cat_6,D
3397,Male,No,29.0,Yes,Executive,,Low,3.0,Cat_4,B
3398,Male,Yes,50.0,No,Homemaker,8.0,Average,4.0,Cat_6,B
3399,Male,Yes,59.0,Yes,Doctor,9.0,Average,2.0,Cat_5,C
3400,Female,No,52.0,Yes,Lawyer,8.0,High,4.0,Cat_3,C
3401,Female,No,19.0,Yes,Marketing,0.0,Average,2.0,Cat_1,A
3402,Male,Yes,70.0,Yes,Marketing,12.0,Low,7.0,Cat_6,D
3403,Female,Yes,57.0,Yes,Engineer,5.0,High,4.0,Cat_3,C
3404,Female,Yes,46.0,Yes,Marketing,13.0,High,3.0,Cat_6,C
3405,Male,Yes,53.0,No,Executive,10.0,Average,4.0,Cat_6,D
3406,Female,Yes,34.0,No,Marketing,8.0,High,2.0,Cat_3,B
3407,Female,Yes,32.0,Yes,Entertainment,6.0,High,2.0,,B
3408,Male,No,34.0,No,Artist,2.0,Average,4.0,Cat_4,B
3409,Female,No,29.0,No,Entertainment,3.0,Average,1.0,Cat_3,A
3410,Female,Yes,55.0,Yes,Engineer,14.0,High,3.0,Cat_6,C
3411,Male,Yes,49.0,No,Lawyer,9.0,Low,7.0,Cat_6,D
3412,Male,Yes,35.0,Yes,Healthcare,8.0,High,2.0,Cat_5,C
3413,Female,No,23.0,No,Executive,4.0,Low,1.0,Cat_2,A
3414,Female,Yes,43.0,Yes,Lawyer,11.0,Average,4.0,Cat_4,C
3415,Female,No,35.0,Yes,Engineer,4.0,Average,3.0,Cat_1,B
3416,Male,No,22.0,Yes,Lawyer,3.0,Low,1.0,Cat_4,A
3417,Female,Yes,41.0,No,Executive,9.0,High,,Cat_7,C
3418,Male,No,18.0,No,Artist,2.0,Average,2.0,Cat_7,A
3419,Female,No,31.0,Yes,Artist,2.0,Low,1.0,Cat_2,A
3420,Male,Yes,30.0,Yes,Entertainment,9.0,Average,3.0,Cat_1,B
3421,Male,Yes,51.0,Yes,Artist,14.0,Low,3.0,Cat_7,D
3422,Female,Yes,54.0,Yes,Executive,7.0,Average,3.0,Cat_5,C
3423,Female,Yes,51.0,,Lawyer,9.0,Average,3.0,Cat_7,C
3424,Male,Yes,48.0,Yes,Lawyer,5.0,High,4.0,Cat_4,B
3425,Female,Yes,43.0,No,Artist,5.0,High,4.0,Cat_3,B
3426,Male,No,20.0,Yes,Homemaker,3.0,Low,1.0,Cat_3,A
3427,Female,No,29.0,Yes,Executive,0.0,Low,1.0,Cat_5,A
3428,Female,Yes,23.0,Yes,Healthcare,0.0,Low,2.0,Cat_2,A
3429,Female,No,43.0,Yes,Homemaker,6.0,Average,4.0,Cat_4,B
3430,Female,No,34.0,Yes,Homemaker,3.0,Low,2.0,Cat_1,A
3431,Female,Yes,59.0,Yes,Lawyer,11.0,Low,3.0,Cat_5,D
3432,Male,No,36.0,Yes,Lawyer,3.0,Average,3.0,Cat_4,B
3433,Male,No,33.0,Yes,Marketing,1.0,Average,1.0,Cat_5,A
3434,Male,No,65.0,Yes,,5.0,Low,4.0,Cat_5,C
3435,Female,Yes,38.0,Yes,Executive,7.0,Low,2.0,Cat_2,B
3436,Male,Yes,52.0,Yes,Engineer,8.0,Average,7.0,Cat_4,D
3437,Female,No,37.0,Yes,Homemaker,5.0,Average,2.0,Cat_3,B
3438,Male,Yes,37.0,Yes,Healthcare,8.0,High,2.0,Cat_3,C
3439,Female,No,28.0,No,Lawyer,1.0,Low,2.0,Cat_3,A
3440,Male,No,31.0,No,Lawyer,1.0,Average,2.0,Cat_1,A
3441,Male,No,20.0,Yes,Marketing,4.0,Low,1.0,Cat_2,A
3442,Female,Yes,65.0,Yes,Engineer,9.0,High,4.0,Cat_3,C
3443,Female,Yes,32.0,No,Marketing,3.0,Low,1.0,Cat_2,A
3444,Male,Yes,25.0,No,Artist,4.0,Average,2.0,Cat_1,A
3445,Female,No,53.0,Yes,Healthcare,7.0,High,3.0,Cat_2,C
3446,Male,No,41.0,No,Lawyer,,Average,4.0,Cat_6,B
3447,Female,Yes,67.0,Yes,Executive,9.0,Average,3.0,Cat_6,D
3448,Female,Yes,68.0,Yes,Engineer,14.0,Low,5.0,Cat_7,D
3449,Male,Yes,45.0,Yes,Lawyer,14.0,Average,5.0,Cat_7,D
3450,Female,Yes,40.0,No,Doctor,4.0,Average,4.0,Cat_3,B
3451,Male,Yes,47.0,Yes,Executive,9.0,Average,2.0,Cat_4,C
3452,Female,Yes,36.0,Yes,Executive,3.0,Average,4.0,Cat_3,B
3453,Female,No,29.0,No,Lawyer,1.0,High,2.0,Cat_4,A
3454,Female,Yes,26.0,Yes,Doctor,4.0,Low,2.0,Cat_2,A
3455,Male,Yes,36.0,Yes,Healthcare,10.0,High,3.0,Cat_5,C
3456,Male,No,35.0,Yes,Doctor,5.0,Average,3.0,Cat_6,C
3457,Male,Yes,27.0,Yes,Healthcare,2.0,Low,2.0,Cat_4,A
3458,Male,No,63.0,No,Artist,6.0,Average,3.0,Cat_5,C
3459,Male,No,27.0,No,Artist,0.0,Low,2.0,Cat_2,A
3460,Female,Yes,55.0,No,Lawyer,13.0,High,4.0,Cat_5,C
3461,Female,Yes,37.0,Yes,Healthcare,2.0,High,2.0,Cat_3,B
3462,Female,Yes,75.0,No,Engineer,10.0,Average,7.0,Cat_7,D
3463,Male,No,28.0,No,Doctor,0.0,Low,2.0,Cat_1,A
3464,Female,,25.0,Yes,Lawyer,0.0,Low,,Cat_1,A
3465,Male,Yes,71.0,Yes,Marketing,10.0,Average,5.0,Cat_3,D
3466,Female,No,33.0,No,Entertainment,3.0,Average,2.0,Cat_1,A
3467,Female,Yes,50.0,Yes,Doctor,8.0,Low,4.0,Cat_3,D
3468,Male,No,35.0,Yes,Executive,0.0,Low,2.0,Cat_6,A
3469,Male,Yes,48.0,Yes,Engineer,10.0,Low,5.0,Cat_7,D
3470,Female,Yes,31.0,Yes,Healthcare,2.0,Low,3.0,Cat_1,B
3471,Male,Yes,64.0,Yes,Doctor,8.0,Low,3.0,Cat_4,D
3472,Male,No,31.0,No,Healthcare,3.0,High,2.0,Cat_2,A
3473,Female,Yes,42.0,Yes,Healthcare,7.0,Low,4.0,Cat_2,B
3474,Male,Yes,40.0,Yes,Lawyer,9.0,Average,3.0,Cat_3,B
3475,Male,No,20.0,No,Homemaker,2.0,Average,2.0,Cat_1,A
3476,Male,Yes,61.0,Yes,Engineer,14.0,High,3.0,Cat_5,C
3477,Female,Yes,65.0,Yes,Engineer,7.0,Average,4.0,Cat_4,C
3478,Male,No,32.0,Yes,Lawyer,9.0,Average,2.0,Cat_1,B
3479,Female,No,24.0,No,Homemaker,0.0,Average,2.0,Cat_5,A
3480,Female,,57.0,Yes,Lawyer,5.0,High,4.0,Cat_6,C
3481,Male,Yes,48.0,Yes,Artist,6.0,High,3.0,Cat_7,C
3482,Male,Yes,52.0,No,Entertainment,9.0,Low,4.0,Cat_3,D
3483,Male,No,28.0,No,Executive,0.0,Low,2.0,Cat_3,A
3484,Male,Yes,44.0,No,Homemaker,8.0,Low,2.0,Cat_1,B
3485,Female,Yes,34.0,No,Entertainment,,Low,1.0,Cat_1,A
3486,Female,Yes,42.0,No,Executive,3.0,Average,2.0,Cat_4,B
3487,Female,Yes,52.0,Yes,Lawyer,7.0,High,4.0,Cat_6,C
3488,Female,Yes,43.0,No,Engineer,3.0,High,2.0,Cat_3,B
3489,Male,,55.0,No,Healthcare,11.0,Average,7.0,Cat_6,D
3490,Female,Yes,35.0,No,Executive,9.0,High,2.0,Cat_1,B
3491,Female,No,41.0,Yes,Lawyer,,Average,4.0,Cat_4,B
3492,Female,No,48.0,Yes,Healthcare,7.0,Average,2.0,Cat_5,B
3493,Female,Yes,45.0,No,Entertainment,14.0,Average,3.0,Cat_6,D
3494,Male,Yes,28.0,Yes,Healthcare,7.0,Low,4.0,Cat_1,B
3495,Female,Yes,30.0,Yes,Artist,,Low,2.0,,A
3496,Male,Yes,28.0,Yes,Entertainment,7.0,High,3.0,,B
3497,Male,Yes,47.0,Yes,Doctor,7.0,High,3.0,Cat_5,C
3498,Male,Yes,47.0,Yes,Healthcare,14.0,High,4.0,Cat_7,C
3499,Female,Yes,59.0,No,Engineer,13.0,Average,4.0,Cat_6,C
3500,Male,Yes,39.0,Yes,Marketing,9.0,High,2.0,Cat_6,C
3501,Female,No,46.0,Yes,Entertainment,,Average,6.0,Cat_6,D
3502,Female,No,32.0,No,Healthcare,4.0,Low,1.0,Cat_2,A
3503,Male,No,28.0,Yes,Engineer,0.0,Low,2.0,Cat_2,A
3504,Female,Yes,46.0,Yes,Marketing,,High,3.0,Cat_6,C
3505,Female,Yes,61.0,No,Executive,12.0,High,2.0,Cat_1,C
3506,Female,No,25.0,No,Executive,4.0,Average,2.0,Cat_4,A
3507,Female,Yes,60.0,Yes,Engineer,10.0,High,7.0,Cat_5,D
3508,Female,Yes,64.0,Yes,Lawyer,5.0,High,3.0,Cat_2,C
3509,Male,Yes,53.0,No,Homemaker,12.0,Average,6.0,Cat_6,D
3510,Female,No,35.0,,Engineer,3.0,Low,1.0,Cat_7,A
3511,Female,Yes,77.0,Yes,Entertainment,9.0,Average,7.0,Cat_6,D
3512,Female,,19.0,Yes,,,Low,2.0,Cat_2,A
3513,Male,Yes,40.0,Yes,Executive,8.0,Average,2.0,Cat_5,B
3514,Female,Yes,19.0,No,Lawyer,2.0,Low,2.0,Cat_2,A
3515,Male,No,19.0,No,Entertainment,4.0,Low,2.0,,A
3516,Female,Yes,65.0,Yes,Healthcare,5.0,Average,4.0,Cat_5,C
3517,Female,Yes,78.0,Yes,Healthcare,10.0,Low,3.0,Cat_6,D
3518,Male,Yes,23.0,,Engineer,3.0,Low,1.0,Cat_4,A
3519,Female,No,40.0,No,,7.0,Average,3.0,Cat_3,B
3520,Female,,42.0,Yes,Engineer,2.0,High,4.0,Cat_4,B
3521,Male,Yes,35.0,Yes,Healthcare,13.0,Average,2.0,Cat_6,C
3522,Female,No,38.0,Yes,Doctor,5.0,Average,2.0,Cat_1,B
3523,Female,Yes,42.0,No,Artist,2.0,Average,4.0,Cat_5,B
3524,Female,,21.0,No,Entertainment,3.0,Low,1.0,Cat_3,A
3525,Male,No,50.0,Yes,Marketing,13.0,Average,5.0,Cat_4,D
3526,Female,Yes,47.0,No,Healthcare,8.0,Average,3.0,Cat_3,B
3527,Female,Yes,30.0,No,Marketing,0.0,Low,2.0,Cat_2,A
3528,Female,Yes,28.0,No,Homemaker,0.0,Low,1.0,,A
3529,Female,Yes,36.0,Yes,Lawyer,11.0,High,3.0,Cat_6,C
3530,Female,No,35.0,No,Entertainment,3.0,Low,2.0,Cat_1,A
3531,Female,Yes,65.0,Yes,Healthcare,11.0,High,4.0,Cat_6,C
3532,Male,No,28.0,Yes,Engineer,4.0,Low,1.0,Cat_2,A
3533,Male,Yes,26.0,No,Executive,4.0,Low,,Cat_1,A
3534,Female,Yes,22.0,Yes,Executive,2.0,Low,1.0,Cat_2,A
3535,Male,No,52.0,Yes,Doctor,11.0,High,3.0,Cat_5,C
3536,Female,No,52.0,Yes,Doctor,9.0,High,3.0,Cat_5,C
3537,Female,Yes,70.0,Yes,Homemaker,10.0,Average,7.0,Cat_4,D
3538,Female,Yes,43.0,No,Lawyer,8.0,Average,,Cat_3,B
3539,Male,Yes,34.0,No,Artist,0.0,Average,1.0,Cat_1,A
3540,Male,No,22.0,No,Artist,1.0,Low,1.0,Cat_1,A
3541,Male,No,50.0,Yes,Engineer,6.0,High,2.0,Cat_6,C
3542,Female,No,48.0,Yes,Executive,4.0,Average,2.0,Cat_1,B
3543,Female,Yes,45.0,No,Executive,9.0,Average,4.0,Cat_3,C
3544,Male,Yes,49.0,Yes,Healthcare,13.0,High,3.0,Cat_6,C
3545,Female,Yes,46.0,Yes,Healthcare,12.0,High,4.0,Cat_5,D
3546,Female,Yes,40.0,Yes,Lawyer,9.0,Average,4.0,Cat_3,B
3547,Female,Yes,38.0,No,Lawyer,3.0,Average,3.0,Cat_4,B
3548,Male,No,34.0,Yes,Executive,4.0,Average,2.0,Cat_2,A
3549,Female,No,28.0,Yes,Executive,,Average,2.0,Cat_1,B
3550,Male,Yes,24.0,No,Entertainment,3.0,Low,2.0,Cat_4,A
3551,Male,No,42.0,,Homemaker,14.0,High,4.0,Cat_1,C
3552,Female,Yes,34.0,Yes,Engineer,6.0,Average,2.0,Cat_3,B
3553,Male,Yes,41.0,No,Entertainment,12.0,High,3.0,Cat_5,C
3554,Female,Yes,63.0,Yes,Executive,10.0,Low,2.0,Cat_6,C
3555,Female,No,64.0,,Homemaker,12.0,Low,4.0,Cat_6,D
3556,Female,No,32.0,Yes,Doctor,5.0,High,3.0,Cat_6,B
3557,Male,Yes,37.0,Yes,Doctor,13.0,High,2.0,Cat_6,C
3558,Male,Yes,63.0,Yes,Lawyer,14.0,Average,3.0,Cat_7,C
3559,Female,No,34.0,Yes,Entertainment,2.0,Low,2.0,Cat_1,A
3560,Male,Yes,65.0,,Healthcare,8.0,High,4.0,Cat_7,C
3561,Female,Yes,31.0,No,Executive,0.0,Low,1.0,Cat_2,A
3562,Male,Yes,63.0,Yes,Homemaker,11.0,Average,5.0,Cat_7,D
3563,Male,No,64.0,,Executive,10.0,Average,5.0,Cat_6,D
3564,Female,Yes,55.0,Yes,Artist,,Low,3.0,Cat_7,D
3565,Male,No,18.0,Yes,Entertainment,4.0,Average,1.0,Cat_6,A
3566,Female,No,56.0,Yes,Engineer,14.0,High,4.0,Cat_6,C
3567,Male,No,57.0,Yes,Homemaker,14.0,Low,6.0,Cat_7,D
3568,Male,Yes,37.0,Yes,Executive,10.0,High,4.0,Cat_6,C
3569,Male,No,21.0,Yes,Entertainment,4.0,Low,1.0,Cat_2,A
3570,Female,No,63.0,No,Entertainment,13.0,Low,5.0,Cat_6,D
3571,Female,Yes,77.0,Yes,Entertainment,8.0,Average,4.0,Cat_3,D
3572,Female,Yes,60.0,Yes,Healthcare,11.0,High,3.0,Cat_1,C
3573,Female,Yes,20.0,Yes,Healthcare,,Average,2.0,Cat_2,A
3574,Male,Yes,31.0,No,Homemaker,2.0,Average,2.0,Cat_1,B
3575,Male,No,40.0,,Entertainment,9.0,Average,2.0,Cat_3,B
3576,Female,No,36.0,Yes,Engineer,,High,2.0,Cat_1,C
3577,Female,No,29.0,Yes,Entertainment,2.0,Low,2.0,Cat_1,A
3578,Male,Yes,37.0,Yes,Executive,8.0,High,3.0,Cat_6,C
3579,Male,Yes,31.0,No,Entertainment,4.0,Low,2.0,Cat_3,B
3580,Male,No,30.0,Yes,Executive,,Low,1.0,Cat_4,A
3581,Female,Yes,55.0,Yes,Doctor,12.0,High,2.0,Cat_5,C
3582,Female,No,47.0,Yes,Lawyer,8.0,High,4.0,Cat_4,B
3583,Female,Yes,61.0,Yes,Executive,10.0,High,3.0,Cat_3,C
3584,Female,Yes,60.0,Yes,Doctor,6.0,High,2.0,Cat_5,C
3585,Male,No,29.0,Yes,Healthcare,1.0,Low,1.0,Cat_4,A
3586,Female,No,29.0,No,Healthcare,3.0,Low,1.0,Cat_2,A
3587,Male,Yes,44.0,No,Executive,7.0,Low,2.0,Cat_3,B
3588,Male,Yes,47.0,No,Healthcare,14.0,High,5.0,Cat_6,D
3589,Female,No,25.0,,Entertainment,1.0,Low,1.0,Cat_1,A
3590,Male,Yes,42.0,Yes,Healthcare,11.0,High,3.0,Cat_4,C
3591,Male,Yes,46.0,No,Healthcare,7.0,High,3.0,Cat_7,C
3592,Male,No,32.0,Yes,Engineer,4.0,Average,2.0,Cat_4,B
3593,Male,Yes,39.0,No,Healthcare,5.0,Low,2.0,Cat_7,B
3594,Male,No,30.0,No,Healthcare,1.0,Low,1.0,Cat_7,A
3595,Male,,61.0,Yes,Engineer,13.0,Low,5.0,Cat_3,D
3596,Male,No,38.0,Yes,Doctor,8.0,High,3.0,Cat_5,C
3597,Male,Yes,54.0,Yes,Entertainment,14.0,Low,5.0,Cat_6,D
3598,Female,Yes,46.0,Yes,Executive,8.0,High,4.0,Cat_4,C
3599,Male,Yes,44.0,Yes,Lawyer,3.0,Average,2.0,Cat_1,B
3600,Male,No,31.0,No,Homemaker,1.0,Low,2.0,Cat_1,A
3601,Female,No,33.0,Yes,Entertainment,8.0,Low,4.0,Cat_3,B
3602,Male,Yes,43.0,No,Engineer,8.0,Low,4.0,Cat_6,B
3603,Male,Yes,54.0,Yes,Executive,8.0,High,4.0,Cat_6,C
3604,Female,Yes,49.0,Yes,Lawyer,10.0,Low,6.0,Cat_7,D
3605,Male,Yes,56.0,Yes,Healthcare,12.0,Low,4.0,Cat_6,C
3606,Male,Yes,68.0,Yes,Engineer,10.0,Low,4.0,Cat_6,D
3607,Female,No,27.0,No,Artist,3.0,Low,1.0,Cat_2,A
3608,Female,No,30.0,Yes,Marketing,2.0,Average,4.0,Cat_4,B
3609,Female,Yes,43.0,Yes,Executive,2.0,Low,4.0,Cat_5,B
3610,Female,No,30.0,No,Entertainment,3.0,Average,,Cat_4,B
3611,Female,Yes,46.0,Yes,Executive,,Average,7.0,Cat_1,D
3612,Male,No,37.0,Yes,Engineer,5.0,High,2.0,Cat_2,C
3613,Female,Yes,40.0,No,Doctor,7.0,High,3.0,Cat_7,C
3614,Male,Yes,63.0,Yes,Entertainment,9.0,Average,2.0,Cat_7,C
3615,Female,Yes,30.0,No,Healthcare,1.0,Average,1.0,Cat_4,A
3616,Female,Yes,31.0,No,Executive,7.0,Average,2.0,Cat_4,B
3617,Female,Yes,60.0,Yes,Engineer,9.0,High,2.0,Cat_7,C
3618,Female,Yes,36.0,Yes,Homemaker,7.0,Average,4.0,Cat_6,C
3619,Male,Yes,50.0,Yes,Executive,10.0,High,4.0,Cat_7,D
3620,Male,No,48.0,Yes,Lawyer,12.0,Average,3.0,Cat_7,D
3621,Male,Yes,69.0,Yes,Engineer,12.0,Average,7.0,Cat_6,D
3622,Female,No,18.0,,Engineer,0.0,Low,2.0,Cat_2,A
3623,Male,No,29.0,No,Engineer,0.0,High,2.0,Cat_2,A
3624,Female,No,18.0,No,Healthcare,0.0,Average,2.0,,A
3625,Female,No,53.0,Yes,Marketing,13.0,Low,4.0,Cat_6,D
3626,Female,Yes,49.0,Yes,Executive,13.0,Low,6.0,Cat_7,D
3627,Male,Yes,69.0,Yes,Marketing,12.0,Average,7.0,Cat_7,D
3628,Male,Yes,64.0,No,Engineer,6.0,High,3.0,Cat_5,C
3629,Female,Yes,48.0,Yes,Lawyer,7.0,Average,4.0,Cat_3,B
3630,Male,Yes,63.0,Yes,Artist,11.0,Average,5.0,Cat_6,D
3631,Female,,23.0,No,Marketing,2.0,Low,2.0,Cat_3,A
3632,Male,Yes,49.0,Yes,Artist,,Average,4.0,Cat_2,B
3633,Female,Yes,40.0,Yes,Executive,10.0,Average,2.0,Cat_3,C
3634,Male,Yes,51.0,Yes,Executive,,Average,3.0,Cat_2,D
3635,Male,No,71.0,Yes,Lawyer,8.0,Average,5.0,Cat_4,D
3636,Female,Yes,65.0,Yes,Executive,8.0,Low,4.0,Cat_6,D
3637,Female,No,55.0,Yes,Marketing,7.0,High,3.0,Cat_6,C
3638,Female,No,32.0,No,Homemaker,3.0,Low,2.0,Cat_3,A
3639,Male,Yes,37.0,No,Entertainment,4.0,Low,3.0,Cat_4,B
3640,Male,No,53.0,Yes,Artist,5.0,Average,3.0,Cat_5,C
3641,Female,Yes,33.0,Yes,Lawyer,4.0,Average,,Cat_2,B
3642,Female,Yes,40.0,Yes,Lawyer,6.0,Average,3.0,Cat_4,C
3643,Female,No,56.0,Yes,Engineer,6.0,High,3.0,Cat_6,C
3644,Female,Yes,70.0,Yes,Executive,13.0,Average,6.0,Cat_6,D
3645,Female,Yes,23.0,Yes,Executive,1.0,Low,1.0,Cat_1,A
3646,Male,Yes,41.0,Yes,Doctor,5.0,Average,2.0,Cat_1,B
3647,Male,No,35.0,No,Artist,2.0,Average,,Cat_1,A
3648,Female,Yes,37.0,No,Engineer,,High,4.0,Cat_5,C
3649,Female,No,29.0,No,Healthcare,4.0,Average,2.0,Cat_4,B
3650,Male,Yes,28.0,,Healthcare,4.0,Low,,Cat_1,A
3651,Female,No,51.0,Yes,Lawyer,12.0,Low,3.0,Cat_7,D
3652,Female,No,36.0,Yes,Doctor,7.0,Average,4.0,,C
3653,Female,Yes,36.0,Yes,Artist,4.0,Average,4.0,Cat_3,B
3654,Male,Yes,24.0,No,Marketing,3.0,High,1.0,,A
3655,Male,No,45.0,No,Homemaker,12.0,Low,,Cat_7,D
3656,Female,Yes,50.0,Yes,Lawyer,5.0,High,,Cat_6,C
3657,Male,No,45.0,Yes,Marketing,8.0,Average,2.0,Cat_4,B
3658,Female,Yes,73.0,Yes,Engineer,9.0,Low,5.0,Cat_2,D
3659,Male,No,65.0,Yes,Engineer,9.0,Average,3.0,Cat_1,D
3660,Male,No,32.0,Yes,Homemaker,4.0,Average,2.0,Cat_1,A
3661,Male,Yes,29.0,Yes,Doctor,3.0,Average,2.0,Cat_3,B
3662,Male,Yes,39.0,Yes,Engineer,6.0,High,4.0,Cat_4,B
3663,Male,Yes,35.0,Yes,Healthcare,7.0,Average,3.0,Cat_2,B
3664,Male,No,19.0,No,Homemaker,0.0,Low,2.0,Cat_7,A
3665,Female,Yes,71.0,Yes,Artist,9.0,High,5.0,Cat_4,D
3666,Male,No,36.0,No,Engineer,5.0,Low,4.0,Cat_1,B
3667,Female,No,40.0,Yes,Engineer,11.0,High,4.0,Cat_1,C
3668,Female,Yes,63.0,No,Doctor,14.0,Low,6.0,Cat_4,D
3669,Male,,40.0,Yes,Executive,5.0,Average,4.0,Cat_4,B
3670,Male,No,57.0,Yes,Engineer,6.0,High,3.0,Cat_6,C
3671,Male,No,29.0,No,Executive,3.0,Low,1.0,Cat_1,A
3672,Female,No,36.0,No,Entertainment,4.0,Average,4.0,Cat_1,B
3673,Male,No,27.0,No,Entertainment,,Low,1.0,Cat_6,A
3674,Female,,37.0,Yes,Executive,8.0,High,2.0,Cat_2,C
3675,Female,No,25.0,No,Healthcare,4.0,High,2.0,Cat_3,A
3676,Female,Yes,44.0,Yes,Healthcare,8.0,Average,3.0,Cat_3,B
3677,Male,No,28.0,No,Engineer,,Low,2.0,Cat_5,A
3678,Male,Yes,60.0,,Healthcare,13.0,Average,2.0,Cat_6,C
3679,Male,No,22.0,No,Marketing,1.0,Low,2.0,Cat_2,A
3680,Male,No,38.0,Yes,Doctor,6.0,High,3.0,Cat_6,C
3681,Male,No,47.0,Yes,Entertainment,4.0,Average,2.0,Cat_3,B
3682,Male,No,54.0,No,Lawyer,10.0,Low,5.0,Cat_7,D
3683,Female,No,46.0,Yes,Executive,9.0,High,4.0,Cat_4,C
3684,Male,No,34.0,Yes,Marketing,1.0,Average,1.0,Cat_3,A
3685,Male,Yes,30.0,Yes,Executive,4.0,High,3.0,Cat_7,B
3686,Female,Yes,54.0,Yes,Artist,11.0,Average,3.0,Cat_5,D
3687,Female,Yes,49.0,Yes,Healthcare,12.0,Average,3.0,Cat_6,C
3688,Female,Yes,47.0,Yes,Homemaker,11.0,Average,3.0,Cat_7,D
3689,Male,No,47.0,Yes,Doctor,13.0,Low,4.0,Cat_7,D
3690,Male,Yes,60.0,Yes,Marketing,7.0,High,3.0,Cat_1,C
3691,Female,Yes,30.0,No,Marketing,1.0,Low,2.0,Cat_5,A
3692,Male,Yes,45.0,Yes,Engineer,8.0,Average,4.0,Cat_2,B
3693,Male,Yes,73.0,Yes,Lawyer,13.0,Low,3.0,Cat_4,D
3694,Male,Yes,69.0,No,Homemaker,,Average,7.0,Cat_1,D
3695,Female,Yes,43.0,Yes,Marketing,5.0,Average,2.0,Cat_3,B
3696,Male,No,33.0,Yes,Entertainment,0.0,Low,2.0,Cat_3,A
3697,Female,Yes,72.0,Yes,Lawyer,11.0,Low,5.0,Cat_5,D
3698,Female,Yes,45.0,No,Doctor,9.0,High,3.0,Cat_4,B
3699,Female,No,30.0,No,Engineer,3.0,High,2.0,Cat_4,A
3700,Female,Yes,24.0,No,Homemaker,2.0,Low,2.0,Cat_2,A
3701,Female,Yes,50.0,Yes,Doctor,6.0,Average,2.0,Cat_7,B
3702,Male,No,58.0,Yes,Doctor,,High,4.0,Cat_6,C
3703,Female,Yes,51.0,Yes,Executive,12.0,Average,7.0,Cat_4,D
3704,Male,No,22.0,Yes,Artist,1.0,High,2.0,Cat_1,A
3705,Female,No,21.0,Yes,Homemaker,0.0,Average,2.0,Cat_1,A
3706,Male,Yes,44.0,Yes,Healthcare,9.0,Average,3.0,Cat_7,B
3707,Male,Yes,32.0,No,Engineer,6.0,Low,2.0,Cat_5,B
3708,Male,No,21.0,Yes,Entertainment,2.0,Low,2.0,Cat_5,A
3709,Male,No,30.0,No,Engineer,3.0,Low,3.0,Cat_7,B
3710,Female,Yes,55.0,No,Marketing,9.0,Average,5.0,Cat_4,D
3711,Female,Yes,67.0,No,Marketing,11.0,Average,6.0,Cat_7,D
3712,Male,Yes,69.0,Yes,Lawyer,8.0,High,3.0,Cat_7,D
3713,Male,Yes,41.0,No,Doctor,4.0,Average,2.0,Cat_5,B
3714,Female,Yes,52.0,No,Lawyer,9.0,Average,5.0,Cat_3,D
3715,Female,No,34.0,Yes,,2.0,Average,2.0,Cat_4,B
3716,Male,No,30.0,No,Engineer,4.0,Average,4.0,Cat_5,B
3717,Female,No,31.0,No,Entertainment,3.0,Average,4.0,Cat_5,B
3718,Male,,31.0,No,Entertainment,2.0,Low,1.0,Cat_3,A
3719,Male,No,20.0,Yes,Marketing,4.0,Low,1.0,Cat_2,A
3720,Male,No,26.0,No,Artist,4.0,Low,1.0,Cat_1,A
3721,Female,Yes,76.0,Yes,Homemaker,10.0,Average,5.0,Cat_7,D
3722,Male,No,25.0,No,Entertainment,1.0,Average,1.0,Cat_5,A
3723,Female,Yes,65.0,Yes,Healthcare,10.0,Low,7.0,Cat_6,D
3724,Female,No,33.0,Yes,Lawyer,4.0,Low,2.0,Cat_2,B
3725,Female,Yes,68.0,Yes,Artist,12.0,High,5.0,Cat_7,D
3726,Male,No,42.0,Yes,Executive,2.0,High,,Cat_3,B
3727,Female,Yes,68.0,Yes,Artist,12.0,Average,4.0,Cat_7,D
3728,Male,No,18.0,No,Homemaker,4.0,Low,1.0,Cat_1,A
3729,Male,Yes,62.0,Yes,Engineer,10.0,High,2.0,Cat_5,C
3730,Male,Yes,76.0,,Entertainment,8.0,Average,7.0,Cat_3,D
3731,Male,No,23.0,No,Engineer,2.0,Low,1.0,Cat_6,A
3732,Female,No,32.0,Yes,Entertainment,0.0,Low,1.0,Cat_2,A
3733,Male,No,54.0,Yes,Engineer,13.0,Average,2.0,Cat_5,C
3734,Female,No,23.0,No,Entertainment,1.0,High,2.0,Cat_1,A
3735,Female,No,57.0,Yes,Doctor,8.0,High,5.0,Cat_7,D
3736,Male,Yes,73.0,No,Executive,11.0,Average,6.0,Cat_3,D
3737,Male,No,55.0,Yes,Marketing,10.0,High,4.0,Cat_4,C
3738,Male,Yes,50.0,No,Healthcare,,High,3.0,Cat_4,C
3739,Female,Yes,31.0,Yes,Healthcare,3.0,Average,4.0,Cat_3,B
3740,Male,Yes,46.0,Yes,Artist,8.0,Average,3.0,Cat_6,D
3741,Male,No,33.0,No,Artist,,Low,1.0,Cat_2,A
3742,Male,No,58.0,No,Artist,11.0,Average,4.0,Cat_2,D
3743,Female,No,58.0,Yes,Engineer,7.0,High,2.0,Cat_4,C
3744,Male,No,24.0,No,Engineer,0.0,Low,2.0,Cat_7,A
3745,Male,No,28.0,No,Homemaker,1.0,Average,1.0,Cat_2,A
3746,Male,No,33.0,Yes,Executive,,High,1.0,Cat_5,A
3747,Male,,45.0,Yes,Artist,7.0,High,4.0,Cat_3,C
3748,Female,Yes,34.0,No,Engineer,8.0,Low,4.0,Cat_3,B
3749,Male,Yes,34.0,No,Homemaker,,Average,4.0,Cat_5,B
3750,Male,Yes,35.0,Yes,Engineer,9.0,Average,4.0,Cat_6,C
3751,Male,Yes,42.0,No,Artist,8.0,Average,4.0,Cat_6,B
3752,Female,No,75.0,No,Executive,8.0,Low,7.0,Cat_4,D
3753,Female,No,45.0,Yes,Lawyer,13.0,High,6.0,Cat_2,D
3754,Male,Yes,41.0,Yes,Lawyer,7.0,High,4.0,Cat_3,C
3755,Male,Yes,55.0,Yes,Engineer,13.0,Average,3.0,Cat_6,C
3756,Male,No,22.0,No,Entertainment,1.0,Average,2.0,Cat_1,A
3757,Female,Yes,60.0,Yes,Doctor,,High,2.0,Cat_5,C
3758,Male,Yes,63.0,,Artist,8.0,High,4.0,Cat_2,C
3759,Female,Yes,48.0,Yes,Lawyer,8.0,Average,4.0,Cat_4,C
3760,Female,Yes,47.0,No,Entertainment,8.0,High,4.0,Cat_6,D
3761,Male,Yes,61.0,Yes,Healthcare,8.0,High,3.0,Cat_5,D
3762,Female,No,28.0,Yes,Healthcare,9.0,Average,2.0,Cat_3,B
3763,Male,,57.0,Yes,Entertainment,11.0,High,2.0,Cat_4,C
3764,Female,,20.0,No,Artist,0.0,Average,1.0,Cat_2,A
3765,Female,No,19.0,No,Homemaker,3.0,Average,2.0,Cat_1,A
3766,Female,No,22.0,Yes,Lawyer,1.0,Low,,Cat_2,A
3767,Male,Yes,58.0,,Artist,6.0,Average,4.0,Cat_6,C
3768,Female,Yes,37.0,Yes,Doctor,13.0,High,2.0,Cat_4,C
3769,Female,,27.0,No,Marketing,3.0,Low,1.0,Cat_4,A
3770,Female,,60.0,Yes,Engineer,5.0,High,4.0,Cat_5,C
3771,Female,Yes,38.0,Yes,Engineer,4.0,High,3.0,Cat_6,B
3772,Male,No,47.0,Yes,Engineer,9.0,High,2.0,Cat_4,C
3773,Male,Yes,49.0,Yes,Entertainment,5.0,Average,3.0,Cat_1,B
3774,Female,Yes,73.0,No,,11.0,Average,4.0,Cat_7,D
3775,Female,No,20.0,Yes,Marketing,3.0,Average,,Cat_3,A
3776,Female,Yes,44.0,Yes,Lawyer,3.0,Average,4.0,Cat_3,B
3777,Male,No,24.0,Yes,Homemaker,1.0,Low,1.0,Cat_2,A
3778,Female,Yes,46.0,Yes,Marketing,7.0,High,4.0,Cat_6,C
3779,Male,Yes,49.0,No,,2.0,High,3.0,Cat_4,B
3780,Male,No,24.0,No,Artist,1.0,Low,1.0,Cat_1,A
3781,Male,,58.0,No,Doctor,14.0,Average,4.0,Cat_2,D
3782,Female,No,29.0,No,Executive,4.0,Low,1.0,Cat_2,A
3783,Male,Yes,47.0,No,Healthcare,9.0,Average,6.0,Cat_7,D
3784,Male,,55.0,No,Executive,8.0,Average,6.0,Cat_7,D
3785,Male,Yes,37.0,No,Healthcare,5.0,Average,3.0,Cat_1,B
3786,Male,No,51.0,Yes,Doctor,14.0,Average,2.0,Cat_6,C
3787,Male,Yes,42.0,Yes,Artist,9.0,Average,3.0,Cat_2,B
3788,Male,Yes,42.0,Yes,Lawyer,9.0,High,3.0,Cat_7,C
3789,Male,No,30.0,No,Artist,1.0,Low,1.0,Cat_1,A
3790,Male,No,22.0,Yes,Entertainment,3.0,Low,,Cat_2,A
3791,Female,Yes,47.0,Yes,Executive,13.0,High,4.0,Cat_3,C
3792,Male,Yes,28.0,No,Lawyer,6.0,Average,4.0,Cat_3,B
3793,Male,No,20.0,No,,0.0,Low,2.0,Cat_5,A
3794,Male,Yes,78.0,Yes,Healthcare,,Low,7.0,Cat_6,D
3795,Female,No,37.0,Yes,Engineer,7.0,Low,4.0,Cat_3,B
3796,Female,Yes,62.0,No,Entertainment,10.0,Low,7.0,Cat_3,D
3797,Male,Yes,62.0,Yes,Executive,7.0,High,4.0,Cat_6,C
3798,Female,Yes,38.0,Yes,Marketing,6.0,Average,2.0,Cat_2,B
3799,Female,No,40.0,Yes,Homemaker,,Average,3.0,Cat_1,B
3800,Male,Yes,43.0,Yes,Doctor,7.0,Average,3.0,Cat_2,C
3801,Male,Yes,59.0,No,Marketing,6.0,High,3.0,Cat_7,C
3802,Female,Yes,44.0,Yes,Doctor,7.0,High,2.0,Cat_4,C
3803,Female,Yes,58.0,No,Homemaker,8.0,Low,5.0,Cat_2,D
3804,Female,Yes,39.0,Yes,Healthcare,6.0,Low,2.0,Cat_4,B
3805,Male,Yes,60.0,Yes,Executive,13.0,High,3.0,Cat_5,C
3806,Male,Yes,62.0,Yes,Healthcare,8.0,High,3.0,Cat_7,C
3807,Male,Yes,52.0,Yes,Artist,8.0,Average,4.0,Cat_6,C
3808,Male,Yes,28.0,No,Lawyer,7.0,Low,2.0,Cat_4,B
3809,Female,No,21.0,No,Artist,2.0,Low,2.0,Cat_2,A
3810,Male,Yes,28.0,Yes,Doctor,2.0,Low,4.0,Cat_1,B
3811,Male,Yes,77.0,No,Healthcare,10.0,Average,7.0,Cat_7,D
3812,Female,Yes,41.0,,Entertainment,8.0,High,2.0,Cat_5,C
3813,Male,Yes,41.0,Yes,Entertainment,8.0,High,3.0,Cat_3,C
3814,Male,Yes,51.0,Yes,Artist,14.0,High,2.0,Cat_5,C
3815,Male,No,34.0,No,Lawyer,3.0,Low,2.0,Cat_1,A
3816,Male,No,26.0,No,Marketing,3.0,Average,2.0,Cat_2,A
3817,Female,Yes,75.0,Yes,Artist,9.0,Low,7.0,Cat_3,D
3818,Female,Yes,37.0,Yes,Healthcare,5.0,High,4.0,Cat_7,C
3819,Female,No,41.0,No,Artist,4.0,Average,2.0,Cat_4,B
3820,Female,Yes,42.0,No,Lawyer,2.0,High,2.0,Cat_5,B
3821,Female,Yes,59.0,Yes,Doctor,14.0,High,3.0,Cat_5,C
3822,Male,Yes,60.0,,Homemaker,14.0,High,5.0,Cat_7,D
3823,Female,Yes,52.0,No,Healthcare,13.0,Average,7.0,Cat_6,D
3824,Female,No,45.0,Yes,Artist,5.0,Average,2.0,Cat_5,B
3825,Female,No,21.0,Yes,Entertainment,0.0,Average,2.0,Cat_3,A
3826,Female,Yes,52.0,Yes,Artist,,Low,4.0,Cat_6,D
3827,Male,No,43.0,Yes,Marketing,6.0,Average,2.0,Cat_3,B
3828,Male,No,31.0,No,Artist,1.0,Average,2.0,Cat_1,A
3829,Male,No,20.0,Yes,,1.0,Low,2.0,Cat_2,A
3830,Male,No,26.0,Yes,Entertainment,0.0,Low,2.0,Cat_2,A
3831,Male,Yes,34.0,Yes,Executive,3.0,Low,2.0,Cat_7,B
3832,Male,No,19.0,No,Artist,1.0,Low,2.0,Cat_1,A
3833,Male,No,40.0,Yes,Engineer,9.0,Low,2.0,Cat_4,B
3834,Male,No,42.0,Yes,Executive,4.0,Average,4.0,Cat_3,B
3835,Female,No,29.0,No,Artist,1.0,Average,2.0,Cat_1,A
3836,Female,No,32.0,Yes,Homemaker,2.0,Low,2.0,Cat_4,A
3837,Male,Yes,36.0,Yes,Doctor,,High,3.0,Cat_2,C
3838,Male,Yes,63.0,Yes,Marketing,11.0,Average,6.0,Cat_6,D
3839,Female,No,32.0,No,,4.0,Average,1.0,Cat_4,A
3840,Female,No,28.0,No,Executive,4.0,Low,4.0,Cat_1,B
3841,Male,No,48.0,Yes,Engineer,9.0,Average,3.0,Cat_6,B
3842,Female,Yes,78.0,Yes,,9.0,Low,5.0,Cat_7,D
3843,Male,No,35.0,Yes,Engineer,4.0,Average,2.0,Cat_2,A
3844,Male,No,30.0,Yes,Healthcare,7.0,Average,4.0,Cat_3,B
3845,Male,No,30.0,No,Executive,3.0,Average,2.0,Cat_2,A
3846,Female,No,27.0,No,Homemaker,1.0,Low,2.0,Cat_1,A
3847,Female,No,54.0,Yes,Lawyer,5.0,Average,3.0,Cat_6,C
3848,Female,Yes,59.0,Yes,Healthcare,6.0,High,2.0,Cat_7,C
3849,Male,,27.0,Yes,Artist,3.0,Average,2.0,Cat_2,A
3850,Female,No,27.0,,Homemaker,3.0,Low,1.0,Cat_1,A
3851,Female,No,30.0,No,Homemaker,2.0,Average,1.0,Cat_2,A
3852,Female,No,21.0,No,Marketing,0.0,Average,2.0,Cat_1,A
3853,Female,Yes,40.0,No,Healthcare,3.0,Average,4.0,Cat_4,B
3854,Female,Yes,49.0,No,Lawyer,11.0,Average,7.0,Cat_6,D
3855,Male,No,27.0,Yes,,1.0,Average,2.0,Cat_2,A
3856,Male,Yes,80.0,Yes,Engineer,9.0,Low,4.0,Cat_6,D
3857,Male,Yes,29.0,Yes,Executive,4.0,Average,2.0,Cat_1,B
3858,Male,No,38.0,No,Artist,7.0,Average,3.0,Cat_3,B
3859,Female,Yes,58.0,Yes,Entertainment,11.0,Average,3.0,Cat_6,C
3860,Female,No,51.0,No,Marketing,14.0,Average,5.0,Cat_6,D
3861,Male,No,32.0,Yes,Engineer,,Low,1.0,Cat_2,A
3862,Male,No,43.0,Yes,Engineer,10.0,High,,Cat_3,C
3863,Male,Yes,53.0,No,Healthcare,8.0,Average,5.0,Cat_3,D
3864,Male,Yes,49.0,Yes,Doctor,9.0,Low,3.0,Cat_2,B
3865,Female,Yes,33.0,Yes,Healthcare,7.0,Average,3.0,Cat_1,B
3866,Female,Yes,63.0,Yes,Entertainment,,Low,3.0,Cat_7,D
3867,Male,No,19.0,No,Entertainment,1.0,Average,2.0,Cat_4,A
3868,Female,Yes,26.0,No,Healthcare,2.0,Average,2.0,Cat_1,A
3869,Male,Yes,65.0,Yes,Artist,14.0,Average,6.0,Cat_6,D
3870,Female,Yes,47.0,Yes,Executive,5.0,High,3.0,Cat_7,C
3871,Female,Yes,64.0,Yes,Doctor,11.0,Average,7.0,Cat_5,D
3872,Female,Yes,51.0,Yes,Homemaker,14.0,Average,4.0,Cat_7,D
3873,Female,No,18.0,No,Marketing,1.0,Low,,Cat_1,A
3874,Male,No,38.0,No,Engineer,8.0,Average,2.0,Cat_5,B
3875,Male,Yes,50.0,Yes,Doctor,8.0,Low,3.0,Cat_3,B
3876,Female,Yes,33.0,No,Engineer,7.0,Average,3.0,Cat_6,B
3877,Female,Yes,45.0,No,Lawyer,2.0,Average,2.0,Cat_4,B
3878,Male,No,43.0,No,Marketing,,Average,4.0,Cat_4,B
3879,Male,No,21.0,No,Healthcare,2.0,Low,2.0,Cat_4,A
3880,Female,,44.0,Yes,Entertainment,2.0,Average,3.0,Cat_4,B
3881,Female,Yes,49.0,,Doctor,14.0,Average,4.0,Cat_7,C
3882,Male,No,36.0,Yes,Doctor,8.0,High,4.0,Cat_5,C
3883,Female,No,48.0,Yes,Executive,14.0,High,3.0,Cat_5,C
3884,Male,No,33.0,No,Homemaker,3.0,Low,2.0,Cat_1,A
3885,Female,Yes,41.0,,Homemaker,2.0,Low,4.0,Cat_2,B
3886,Male,Yes,30.0,Yes,Engineer,8.0,Average,3.0,Cat_5,B
3887,Female,Yes,47.0,Yes,Executive,12.0,High,4.0,Cat_6,D
3888,Female,No,25.0,Yes,Healthcare,,Low,1.0,Cat_1,A
3889,Female,No,65.0,Yes,Artist,11.0,Average,7.0,Cat_7,D
3890,Male,Yes,37.0,Yes,Marketing,13.0,High,2.0,Cat_2,C
3891,Male,No,59.0,Yes,Executive,13.0,High,3.0,Cat_5,C
3892,Male,No,39.0,No,Lawyer,2.0,Average,4.0,Cat_5,B
3893,Female,Yes,75.0,No,Healthcare,11.0,Low,3.0,Cat_1,D
3894,Female,Yes,43.0,Yes,Doctor,14.0,High,3.0,Cat_7,C
3895,Male,No,30.0,No,Healthcare,2.0,High,2.0,Cat_5,A
3896,Male,Yes,40.0,No,Lawyer,5.0,High,4.0,Cat_5,B
3897,Female,Yes,28.0,Yes,Entertainment,4.0,Average,3.0,Cat_1,B
3898,Male,Yes,49.0,Yes,Executive,,Low,7.0,Cat_7,D
3899,Female,Yes,59.0,No,Doctor,9.0,Low,3.0,Cat_6,C
3900,Female,,39.0,No,,11.0,High,4.0,Cat_6,C
3901,Female,Yes,53.0,Yes,Doctor,9.0,High,3.0,Cat_3,C
3902,Male,No,51.0,Yes,,12.0,Low,6.0,Cat_7,D
3903,Male,Yes,78.0,Yes,Artist,10.0,Average,7.0,Cat_6,D
3904,Male,No,32.0,Yes,Marketing,4.0,Low,2.0,Cat_1,A
3905,Male,No,47.0,No,Lawyer,8.0,Low,3.0,Cat_5,B
3906,Female,No,25.0,Yes,Homemaker,3.0,High,1.0,Cat_2,A
3907,Female,No,39.0,Yes,Entertainment,5.0,Low,2.0,Cat_4,B
3908,Male,Yes,29.0,Yes,Entertainment,2.0,Average,1.0,Cat_1,A
3909,Female,Yes,65.0,No,Homemaker,,Average,4.0,Cat_5,D
3910,Male,No,43.0,,Entertainment,14.0,High,4.0,Cat_4,C
3911,Male,No,37.0,Yes,Marketing,8.0,Average,2.0,Cat_3,B
3912,Male,Yes,52.0,,Lawyer,9.0,Low,4.0,Cat_6,D
3913,Male,No,30.0,No,Engineer,1.0,Low,2.0,Cat_1,A
3914,Male,No,31.0,No,Artist,3.0,Low,1.0,Cat_6,A
3915,Male,Yes,45.0,No,Doctor,11.0,Low,4.0,Cat_6,D
3916,Female,Yes,75.0,Yes,Marketing,9.0,Average,3.0,Cat_6,D
3917,Male,No,22.0,Yes,Entertainment,4.0,High,2.0,Cat_1,A
3918,Male,Yes,68.0,Yes,Executive,13.0,High,3.0,Cat_5,D
3919,Female,Yes,40.0,Yes,Healthcare,5.0,High,4.0,Cat_7,C
3920,Male,Yes,28.0,Yes,Homemaker,1.0,Low,2.0,Cat_1,A
3921,Male,No,59.0,Yes,Engineer,13.0,Average,7.0,Cat_2,D
3922,Female,Yes,43.0,Yes,Artist,8.0,Average,4.0,Cat_4,B
3923,Male,Yes,68.0,Yes,Marketing,,Average,,Cat_7,D
3924,Male,Yes,61.0,Yes,Lawyer,9.0,High,2.0,Cat_6,C
3925,Male,Yes,35.0,Yes,Marketing,4.0,Average,4.0,Cat_3,B
3926,Male,No,63.0,Yes,Marketing,14.0,Average,7.0,Cat_2,D
3927,Female,No,50.0,Yes,Engineer,11.0,Low,3.0,Cat_1,C
3928,Male,Yes,36.0,,Entertainment,5.0,Average,2.0,Cat_3,B
3929,Male,No,50.0,No,Doctor,2.0,Average,4.0,Cat_5,B
3930,Male,Yes,80.0,Yes,Marketing,14.0,Average,4.0,Cat_7,D
3931,Female,Yes,40.0,Yes,Homemaker,8.0,Average,2.0,Cat_4,B
3932,Female,Yes,48.0,No,Marketing,9.0,High,3.0,Cat_5,D
3933,Male,Yes,63.0,Yes,Artist,9.0,High,4.0,Cat_4,C
3934,Female,Yes,61.0,,Healthcare,11.0,High,7.0,Cat_6,D
3935,Male,No,22.0,No,Marketing,0.0,High,2.0,Cat_1,A
3936,Female,Yes,76.0,No,Executive,8.0,Low,3.0,Cat_7,D
3937,Male,Yes,25.0,Yes,Doctor,2.0,Average,1.0,Cat_4,A
3938,Male,Yes,64.0,No,Executive,10.0,Low,7.0,Cat_7,D
3939,Male,Yes,59.0,Yes,Engineer,9.0,Average,3.0,Cat_5,C
3940,Female,No,76.0,Yes,Lawyer,14.0,Low,7.0,Cat_7,D
3941,Female,No,42.0,Yes,Executive,8.0,High,2.0,Cat_6,C
3942,Male,Yes,35.0,Yes,Entertainment,8.0,Average,3.0,Cat_5,B
3943,Male,No,54.0,Yes,Doctor,9.0,Low,3.0,Cat_3,C
3944,Male,Yes,35.0,No,Lawyer,8.0,High,2.0,Cat_4,B
3945,Male,No,29.0,,Marketing,1.0,Low,1.0,Cat_5,A
3946,Male,Yes,24.0,No,Lawyer,,Low,2.0,Cat_5,A
3947,Female,Yes,67.0,No,Executive,11.0,Average,3.0,Cat_7,D
3948,Male,,33.0,Yes,Executive,3.0,High,,Cat_2,A
3949,Female,No,33.0,No,Entertainment,3.0,Low,1.0,Cat_2,A
3950,Male,No,25.0,Yes,Entertainment,1.0,Low,1.0,Cat_3,A
3951,Male,No,39.0,Yes,Healthcare,8.0,High,3.0,Cat_2,B
3952,Male,No,35.0,No,Healthcare,1.0,Low,2.0,Cat_1,A
3953,Female,No,18.0,No,Artist,0.0,Low,1.0,Cat_2,A
3954,Male,Yes,64.0,Yes,Engineer,13.0,High,4.0,Cat_4,C
3955,Male,Yes,68.0,No,Entertainment,12.0,Average,3.0,Cat_7,D
3956,Male,No,25.0,Yes,Doctor,1.0,Average,1.0,Cat_2,A
3957,Female,Yes,52.0,Yes,Executive,10.0,Average,6.0,Cat_3,D
3958,Female,Yes,57.0,Yes,Artist,,Low,7.0,Cat_1,D
3959,Male,No,48.0,No,Executive,6.0,Average,,Cat_4,B
3960,Female,Yes,48.0,Yes,Engineer,13.0,Average,2.0,Cat_3,C
3961,Male,Yes,46.0,No,Artist,14.0,Average,7.0,Cat_7,D
3962,Female,Yes,50.0,No,Entertainment,3.0,Average,4.0,Cat_1,B
3963,Male,Yes,80.0,Yes,Marketing,14.0,Average,4.0,Cat_7,D
3964,Female,,31.0,Yes,Healthcare,2.0,Low,2.0,Cat_2,A
3965,Male,No,61.0,Yes,Healthcare,12.0,Low,4.0,Cat_7,D
3966,Female,Yes,69.0,Yes,Marketing,11.0,Low,6.0,Cat_1,D
3967,Male,Yes,54.0,No,Marketing,11.0,High,3.0,Cat_2,D
3968,Male,Yes,65.0,Yes,Healthcare,12.0,High,4.0,Cat_7,D
3969,Male,Yes,44.0,Yes,Healthcare,12.0,Low,3.0,Cat_6,C
3970,Female,Yes,18.0,Yes,Entertainment,3.0,Low,1.0,Cat_3,A
3971,Male,Yes,42.0,Yes,Executive,,Average,,Cat_3,C
3972,Male,Yes,58.0,No,Marketing,11.0,High,4.0,Cat_5,C
3973,Male,Yes,40.0,No,Executive,3.0,Average,,Cat_3,B
3974,Male,No,44.0,Yes,Doctor,9.0,Average,2.0,Cat_2,B
3975,Male,Yes,65.0,Yes,Healthcare,12.0,High,4.0,Cat_7,C
3976,Male,Yes,60.0,No,Marketing,,Average,7.0,Cat_7,D
3977,Female,Yes,43.0,Yes,Entertainment,9.0,High,3.0,Cat_7,C
3978,Male,Yes,31.0,Yes,Executive,6.0,High,3.0,Cat_3,B
3979,Male,Yes,51.0,Yes,Engineer,12.0,High,5.0,Cat_7,D
3980,Male,No,47.0,Yes,Healthcare,7.0,Low,2.0,Cat_2,B
3981,Male,Yes,78.0,Yes,Marketing,12.0,Average,3.0,Cat_6,D
3982,Female,Yes,30.0,Yes,Marketing,2.0,Low,2.0,Cat_6,B
3983,Female,No,63.0,Yes,Engineer,8.0,High,2.0,Cat_5,C
3984,Male,Yes,56.0,No,Doctor,8.0,Average,2.0,Cat_5,C
3985,Male,Yes,29.0,Yes,,5.0,Average,2.0,Cat_7,B
3986,Female,No,31.0,No,Homemaker,0.0,Low,2.0,Cat_2,A
3987,Female,Yes,38.0,No,Healthcare,2.0,Low,3.0,Cat_2,B
3988,Male,Yes,77.0,Yes,Engineer,12.0,Average,3.0,Cat_5,D
3989,Female,Yes,73.0,No,Lawyer,13.0,Low,,Cat_4,D
3990,Female,Yes,47.0,Yes,Artist,3.0,High,4.0,Cat_3,B
3991,Male,Yes,75.0,No,Marketing,11.0,High,7.0,Cat_2,D
3992,Male,No,55.0,Yes,Homemaker,,High,2.0,Cat_4,C
3993,Male,Yes,49.0,No,Artist,13.0,Low,7.0,Cat_4,D
3994,Male,No,46.0,No,Healthcare,8.0,Average,3.0,Cat_6,B
3995,Female,Yes,36.0,Yes,Homemaker,10.0,High,,Cat_5,C
3996,Female,Yes,69.0,Yes,Entertainment,8.0,Average,5.0,Cat_3,D
3997,Male,Yes,56.0,Yes,Lawyer,13.0,High,2.0,Cat_6,C
3998,Male,Yes,50.0,Yes,,4.0,Low,4.0,Cat_3,B
3999,Male,No,69.0,Yes,Homemaker,12.0,Low,4.0,Cat_5,D
4000,Female,Yes,61.0,Yes,Executive,5.0,Average,4.0,Cat_5,C
4001,Female,Yes,28.0,No,Marketing,4.0,High,1.0,Cat_1,A
4002,Male,Yes,41.0,Yes,Lawyer,7.0,Average,3.0,Cat_1,B
4003,Male,Yes,74.0,No,Marketing,13.0,Low,7.0,Cat_6,D
4004,Female,No,31.0,No,Marketing,1.0,Low,2.0,Cat_2,A
4005,Female,Yes,40.0,Yes,Executive,12.0,High,3.0,Cat_3,C
4006,Female,,41.0,Yes,Engineer,3.0,Average,2.0,Cat_2,B
4007,Female,Yes,50.0,Yes,Artist,11.0,High,3.0,Cat_5,C
4008,Male,No,49.0,Yes,Artist,,Average,3.0,Cat_3,C
4009,Male,No,29.0,No,Executive,1.0,Low,2.0,Cat_1,A
4010,Male,Yes,57.0,Yes,Engineer,10.0,High,4.0,Cat_7,C
4011,Female,No,40.0,Yes,Engineer,8.0,High,4.0,Cat_2,B
4012,Female,Yes,56.0,Yes,Executive,9.0,High,3.0,Cat_6,C
4013,Female,No,39.0,No,Engineer,5.0,Average,3.0,Cat_4,B
4014,Male,No,29.0,,Marketing,,Low,2.0,Cat_3,A
4015,Female,Yes,51.0,Yes,Doctor,13.0,High,,Cat_5,C
4016,Male,Yes,29.0,No,Healthcare,4.0,Low,4.0,Cat_5,B
4017,Male,Yes,63.0,Yes,Lawyer,12.0,High,2.0,Cat_4,C
4018,Male,No,50.0,Yes,Healthcare,4.0,Low,4.0,Cat_3,B
4019,Male,Yes,39.0,Yes,Engineer,9.0,Average,4.0,Cat_1,B
4020,Male,Yes,35.0,Yes,Engineer,14.0,Average,3.0,Cat_3,C
4021,Male,,63.0,Yes,Engineer,8.0,High,4.0,Cat_5,C
4022,Male,No,42.0,No,Doctor,3.0,High,3.0,Cat_5,B
4023,Male,Yes,80.0,No,Lawyer,,Low,5.0,Cat_7,D
4024,Male,,77.0,Yes,Homemaker,14.0,Average,,Cat_7,D
4025,Female,Yes,32.0,No,Homemaker,9.0,Low,,Cat_4,B
4026,Female,Yes,45.0,Yes,,7.0,High,2.0,Cat_6,C
4027,Female,No,30.0,Yes,Doctor,1.0,Average,,Cat_1,A
4028,Male,Yes,68.0,Yes,Lawyer,9.0,Average,7.0,Cat_7,D
4029,Male,No,35.0,Yes,Healthcare,0.0,Average,1.0,Cat_7,A
4030,Male,,79.0,Yes,Entertainment,14.0,Average,4.0,Cat_6,D
4031,Male,Yes,22.0,No,Homemaker,4.0,Average,2.0,Cat_2,A
4032,Male,Yes,34.0,Yes,Entertainment,3.0,Average,3.0,Cat_3,B
4033,Female,Yes,44.0,No,Doctor,2.0,Average,2.0,Cat_2,B
4034,Male,No,34.0,Yes,,6.0,Average,4.0,Cat_1,B
4035,Female,No,51.0,Yes,Engineer,11.0,Low,5.0,Cat_2,D
4036,Female,Yes,42.0,No,Executive,8.0,Low,2.0,Cat_1,B
4037,Female,Yes,75.0,No,Healthcare,10.0,Low,7.0,Cat_3,D
4038,Male,Yes,59.0,Yes,Executive,12.0,Average,3.0,Cat_6,D
4039,Female,Yes,34.0,Yes,Entertainment,3.0,Average,4.0,Cat_4,B
4040,Female,Yes,39.0,No,Engineer,10.0,High,3.0,Cat_5,C
4041,Female,Yes,31.0,No,Artist,0.0,Average,2.0,Cat_2,A
4042,Male,No,33.0,No,Entertainment,2.0,Average,2.0,Cat_5,A
4043,Female,Yes,65.0,No,Marketing,,Low,2.0,Cat_7,C
4044,Male,No,30.0,Yes,Doctor,6.0,Average,2.0,Cat_4,B
4045,Male,Yes,58.0,Yes,Artist,10.0,High,2.0,Cat_6,C
4046,Female,No,49.0,Yes,Healthcare,10.0,High,3.0,Cat_4,C
4047,Female,No,54.0,Yes,Executive,12.0,High,4.0,Cat_5,D
4048,Female,No,80.0,Yes,Lawyer,13.0,Low,6.0,Cat_7,D
4049,Female,No,30.0,No,Executive,0.0,Low,1.0,Cat_2,A
4050,Male,Yes,66.0,Yes,Marketing,13.0,Low,5.0,Cat_4,D
4051,Female,No,55.0,No,Entertainment,5.0,High,2.0,Cat_7,C
4052,Female,No,40.0,No,Homemaker,3.0,Average,2.0,Cat_3,B
4053,Male,Yes,52.0,Yes,Engineer,14.0,Low,6.0,Cat_7,D
4054,Male,Yes,45.0,Yes,Entertainment,12.0,Low,,Cat_6,D
4055,Male,No,24.0,,Entertainment,0.0,Average,2.0,Cat_4,A
4056,Male,Yes,79.0,Yes,Healthcare,9.0,Low,3.0,Cat_4,D
4057,Male,Yes,49.0,No,Engineer,,Average,2.0,Cat_4,B
4058,Male,No,59.0,No,Engineer,11.0,Average,4.0,Cat_3,C
4059,Male,Yes,63.0,Yes,Executive,,High,2.0,Cat_6,C
4060,Male,Yes,39.0,,Doctor,,High,4.0,Cat_7,C
4061,Male,No,49.0,Yes,Lawyer,9.0,High,4.0,Cat_7,C
4062,Female,Yes,62.0,Yes,Doctor,7.0,High,3.0,Cat_6,C
4063,Male,No,40.0,Yes,Engineer,14.0,High,4.0,Cat_6,C
4064,Female,No,19.0,No,,1.0,Low,,Cat_4,A
4065,Male,Yes,39.0,Yes,Artist,4.0,Low,2.0,Cat_5,B
4066,Male,No,23.0,No,Entertainment,4.0,Low,2.0,Cat_1,A
4067,Male,Yes,66.0,No,Healthcare,13.0,Average,4.0,Cat_7,D
4068,Male,No,20.0,Yes,Executive,1.0,Average,1.0,Cat_3,A
4069,Male,Yes,36.0,No,Lawyer,9.0,Average,3.0,Cat_2,B
4070,Female,No,23.0,Yes,Artist,3.0,Average,2.0,Cat_1,A
4071,Male,No,28.0,Yes,Healthcare,9.0,Average,4.0,Cat_4,B
4072,Male,No,36.0,No,Doctor,5.0,Average,3.0,Cat_3,B
4073,Male,Yes,58.0,Yes,Homemaker,13.0,Low,5.0,Cat_2,D
4074,Female,Yes,31.0,No,Executive,3.0,Average,2.0,Cat_6,A
4075,Female,Yes,26.0,Yes,Healthcare,1.0,Low,2.0,Cat_6,A
4076,Male,Yes,78.0,Yes,Doctor,11.0,Low,7.0,Cat_6,D
4077,Female,Yes,30.0,No,Lawyer,7.0,High,2.0,Cat_1,B
4078,Male,Yes,49.0,Yes,Healthcare,5.0,Average,3.0,Cat_6,C
4079,Female,No,31.0,Yes,Doctor,3.0,Average,3.0,Cat_6,B
4080,Male,No,38.0,Yes,Healthcare,7.0,High,2.0,Cat_5,B
4081,Female,Yes,52.0,Yes,Artist,8.0,Average,4.0,Cat_7,C
4082,Male,No,65.0,Yes,Engineer,8.0,High,2.0,Cat_2,C
4083,Male,Yes,39.0,No,Executive,6.0,Average,2.0,Cat_4,B
4084,Female,Yes,73.0,Yes,Executive,9.0,Average,3.0,Cat_2,D
4085,Male,No,29.0,No,Healthcare,,Low,2.0,Cat_2,A
4086,Male,No,27.0,No,Engineer,4.0,Low,2.0,Cat_1,A
4087,Female,No,32.0,Yes,Homemaker,3.0,Low,4.0,Cat_2,B
4088,Female,Yes,45.0,Yes,Doctor,9.0,Average,,Cat_2,D
4089,Female,Yes,64.0,No,Marketing,11.0,Low,,,D
4090,Male,No,50.0,Yes,Artist,7.0,Average,2.0,Cat_3,B
4091,Female,No,25.0,Yes,Homemaker,3.0,Low,,Cat_3,A
4092,Female,No,35.0,No,Engineer,1.0,Low,,Cat_2,A
4093,Female,Yes,67.0,Yes,Healthcare,11.0,Average,4.0,Cat_5,D
4094,Male,No,48.0,Yes,Executive,12.0,Low,3.0,Cat_4,C
4095,Male,Yes,46.0,No,Healthcare,9.0,Average,3.0,Cat_2,B
4096,Male,Yes,34.0,Yes,Entertainment,2.0,Average,4.0,,B
4097,Male,Yes,46.0,No,Lawyer,13.0,Low,5.0,Cat_7,D
4098,Female,Yes,49.0,No,Doctor,,High,2.0,Cat_5,C
4099,Male,No,43.0,Yes,Lawyer,12.0,Low,2.0,Cat_7,C
4100,Male,Yes,43.0,Yes,Executive,9.0,Low,3.0,Cat_7,B
4101,Female,Yes,63.0,Yes,Healthcare,14.0,Average,4.0,Cat_6,D
4102,Female,No,50.0,No,Entertainment,7.0,Low,2.0,Cat_4,B
4103,Female,Yes,71.0,No,Lawyer,9.0,High,4.0,Cat_2,D
4104,Male,No,25.0,Yes,Lawyer,1.0,Low,1.0,Cat_2,A
4105,Female,Yes,49.0,Yes,Lawyer,14.0,Low,6.0,Cat_3,D
4106,Male,Yes,63.0,Yes,Homemaker,13.0,Low,5.0,Cat_6,D
4107,Male,Yes,77.0,No,Marketing,11.0,Average,7.0,Cat_6,D
4108,Female,No,59.0,Yes,Engineer,11.0,Average,4.0,Cat_7,C
4109,Male,No,37.0,Yes,Lawyer,10.0,High,2.0,Cat_7,C
4110,Male,No,64.0,Yes,Engineer,11.0,Average,6.0,Cat_7,D
4111,Male,Yes,48.0,No,Engineer,2.0,Average,2.0,Cat_7,B
4112,Female,Yes,40.0,Yes,Homemaker,7.0,High,4.0,Cat_6,C
4113,Male,Yes,60.0,Yes,Lawyer,14.0,High,6.0,Cat_5,D
4114,Female,No,49.0,No,Engineer,9.0,Low,2.0,Cat_5,B
4115,Female,Yes,47.0,Yes,Executive,8.0,High,3.0,Cat_5,C
4116,Male,Yes,52.0,No,Homemaker,11.0,High,7.0,Cat_4,D
4117,Female,Yes,78.0,No,Marketing,12.0,Average,5.0,Cat_6,D
4118,Male,Yes,66.0,Yes,Homemaker,11.0,Average,7.0,Cat_6,D
4119,Male,No,52.0,No,Homemaker,13.0,High,4.0,Cat_6,C
4120,Female,No,25.0,Yes,Marketing,4.0,Low,1.0,Cat_3,A
4121,Female,No,26.0,Yes,Artist,4.0,Low,2.0,,A
4122,Male,Yes,61.0,No,Entertainment,13.0,High,3.0,Cat_5,C
4123,Male,Yes,44.0,Yes,Artist,7.0,Low,4.0,Cat_5,B
4124,Female,Yes,55.0,No,Healthcare,11.0,High,3.0,Cat_6,C
4125,Male,Yes,57.0,Yes,Executive,5.0,High,4.0,Cat_5,C
4126,Female,No,33.0,Yes,Entertainment,0.0,Average,2.0,Cat_5,A
4127,Female,No,33.0,No,Entertainment,2.0,Low,2.0,Cat_1,A
4128,Female,No,58.0,Yes,Artist,8.0,Average,6.0,Cat_7,D
4129,Female,No,48.0,Yes,Entertainment,,High,4.0,Cat_3,C
4130,Male,Yes,60.0,Yes,Healthcare,12.0,Average,4.0,Cat_5,C
4131,Female,No,21.0,Yes,Homemaker,,Low,2.0,Cat_1,A
4132,Male,Yes,64.0,No,Entertainment,14.0,Average,3.0,Cat_7,D
4133,Female,No,42.0,Yes,Entertainment,7.0,Average,4.0,Cat_2,B
4134,Male,Yes,43.0,Yes,Executive,2.0,Low,3.0,Cat_1,B
4135,Male,Yes,35.0,Yes,Engineer,9.0,High,2.0,Cat_5,C
4136,Male,Yes,52.0,Yes,Lawyer,7.0,High,3.0,Cat_6,C
4137,Male,No,18.0,No,Healthcare,3.0,High,1.0,Cat_3,A
4138,Male,No,76.0,No,Engineer,,Low,6.0,Cat_7,D
4139,Female,Yes,29.0,Yes,Marketing,2.0,Average,3.0,Cat_3,B
4140,Female,Yes,33.0,No,Artist,7.0,Average,2.0,Cat_1,B
4141,Male,Yes,24.0,No,Healthcare,,Average,2.0,Cat_1,A
4142,Male,Yes,70.0,Yes,Marketing,,Low,7.0,Cat_6,D
4143,Female,Yes,50.0,No,Homemaker,14.0,Low,7.0,Cat_7,D
4144,Male,Yes,50.0,No,Doctor,9.0,Average,4.0,Cat_3,B
4145,Female,No,35.0,Yes,Marketing,5.0,Average,2.0,Cat_3,B
4146,Male,No,27.0,Yes,Engineer,1.0,Low,2.0,Cat_1,A
4147,Male,Yes,32.0,,Artist,3.0,Average,2.0,Cat_4,B
4148,Female,No,20.0,Yes,Artist,0.0,Low,1.0,Cat_3,A
4149,Female,Yes,57.0,Yes,Executive,14.0,Average,4.0,Cat_7,D
4150,Male,Yes,78.0,No,Doctor,14.0,High,4.0,Cat_6,D
4151,Female,No,41.0,Yes,Artist,9.0,High,4.0,Cat_6,C
4152,Female,No,59.0,Yes,Healthcare,6.0,High,4.0,Cat_4,C
4153,Female,No,80.0,Yes,Entertainment,12.0,Average,4.0,Cat_4,D
4154,Female,Yes,34.0,No,Doctor,3.0,Average,2.0,Cat_3,A
4155,Female,No,32.0,Yes,Doctor,8.0,Average,3.0,Cat_2,B
4156,Male,Yes,41.0,Yes,Artist,11.0,High,2.0,Cat_7,C
4157,Male,Yes,61.0,Yes,Artist,10.0,Low,7.0,Cat_5,D
4158,Female,No,55.0,Yes,Executive,11.0,High,2.0,,C
4159,Male,Yes,48.0,Yes,Executive,8.0,High,4.0,Cat_3,B
4160,Male,No,33.0,No,Engineer,0.0,Low,,Cat_4,A
4161,Male,Yes,35.0,No,Artist,1.0,Low,2.0,Cat_1,A
4162,Female,Yes,47.0,No,Doctor,6.0,High,3.0,Cat_4,B
4163,Male,Yes,30.0,Yes,Lawyer,,Low,2.0,Cat_4,B
4164,Male,Yes,34.0,Yes,Doctor,5.0,Low,3.0,Cat_4,B
4165,Male,Yes,77.0,Yes,Marketing,9.0,Low,5.0,Cat_3,D
4166,Female,Yes,34.0,No,Executive,9.0,Average,3.0,Cat_1,B
4167,Female,Yes,44.0,Yes,Engineer,6.0,Average,3.0,Cat_4,B
4168,Male,Yes,28.0,Yes,Artist,3.0,Low,1.0,Cat_2,A
4169,Female,No,27.0,No,Entertainment,1.0,Low,1.0,Cat_1,A
4170,Male,No,78.0,No,Entertainment,11.0,Low,4.0,Cat_6,D
4171,Male,Yes,44.0,Yes,,,Average,4.0,Cat_6,B
4172,Male,Yes,49.0,Yes,Lawyer,8.0,Average,4.0,Cat_3,B
4173,Male,,30.0,No,Homemaker,6.0,Average,4.0,Cat_2,B
4174,Female,Yes,47.0,Yes,Engineer,3.0,High,4.0,Cat_1,B
4175,Male,No,19.0,,Marketing,1.0,Low,2.0,,A
4176,Male,,79.0,Yes,Executive,14.0,Average,4.0,Cat_3,D
4177,Male,Yes,50.0,,Lawyer,3.0,High,3.0,Cat_4,B
4178,Female,No,80.0,Yes,Healthcare,13.0,Low,,Cat_1,D
4179,Female,Yes,32.0,Yes,Entertainment,1.0,Low,1.0,Cat_2,A
4180,Female,Yes,29.0,No,Doctor,3.0,Low,4.0,Cat_4,B
4181,Male,No,48.0,Yes,Engineer,,High,4.0,Cat_5,B
4182,Male,Yes,49.0,No,Healthcare,8.0,Average,3.0,Cat_6,B
4183,Female,Yes,35.0,Yes,Homemaker,4.0,Low,4.0,Cat_4,B
4184,Female,Yes,78.0,Yes,Lawyer,12.0,Low,4.0,Cat_6,D
4185,Female,Yes,45.0,No,Marketing,11.0,Average,6.0,Cat_5,D
4186,Female,Yes,35.0,Yes,Engineer,9.0,High,4.0,Cat_6,C
4187,Male,No,42.0,Yes,Lawyer,14.0,High,4.0,Cat_5,C
4188,Female,Yes,28.0,No,Healthcare,8.0,Average,3.0,Cat_2,B
4189,Male,Yes,39.0,Yes,Executive,10.0,High,4.0,Cat_3,C
4190,Female,No,39.0,No,Doctor,6.0,Average,2.0,Cat_2,B
4191,Male,No,62.0,Yes,Artist,7.0,Average,3.0,Cat_5,C
4192,Female,Yes,30.0,No,Marketing,5.0,Average,2.0,Cat_2,B
4193,Female,Yes,29.0,No,Healthcare,2.0,Low,2.0,Cat_5,B
4194,Male,Yes,70.0,No,Executive,11.0,Average,4.0,Cat_6,D
4195,Male,No,28.0,No,Lawyer,2.0,Average,2.0,Cat_3,A
4196,Male,Yes,31.0,Yes,Lawyer,2.0,Low,1.0,Cat_6,A
4197,Female,No,49.0,Yes,Entertainment,13.0,Average,4.0,Cat_3,C
4198,Female,No,52.0,Yes,Executive,10.0,High,7.0,Cat_7,D
4199,Male,No,47.0,Yes,Doctor,5.0,High,4.0,Cat_5,C
4200,Male,Yes,55.0,No,Healthcare,13.0,High,7.0,Cat_3,D
4201,Male,Yes,55.0,Yes,Engineer,7.0,Average,4.0,Cat_3,C
4202,Female,No,48.0,Yes,Lawyer,6.0,High,4.0,Cat_3,C
4203,Female,No,24.0,No,Marketing,3.0,Low,2.0,Cat_2,A
4204,Female,Yes,63.0,Yes,Doctor,6.0,Average,,Cat_3,C
4205,Male,Yes,44.0,Yes,Engineer,3.0,Low,3.0,Cat_4,B
4206,Female,No,21.0,No,Healthcare,3.0,Low,2.0,Cat_5,A
4207,Male,Yes,67.0,No,Doctor,11.0,High,4.0,Cat_7,D
4208,Female,Yes,76.0,Yes,Lawyer,11.0,Average,6.0,Cat_6,D
4209,Female,No,55.0,Yes,Engineer,11.0,Average,6.0,Cat_7,D
4210,Male,Yes,51.0,Yes,Doctor,9.0,High,4.0,Cat_7,C
4211,Female,Yes,42.0,Yes,Executive,3.0,Average,4.0,Cat_6,B
4212,Male,No,69.0,Yes,Healthcare,11.0,Low,4.0,Cat_6,D
4213,Male,Yes,34.0,,Homemaker,2.0,Average,4.0,Cat_3,B
4214,Male,Yes,45.0,Yes,Homemaker,12.0,Low,7.0,Cat_7,D
4215,Male,No,20.0,No,Entertainment,,Average,1.0,Cat_2,A
4216,Male,Yes,60.0,No,Entertainment,13.0,Average,4.0,Cat_7,D
4217,Female,No,32.0,No,Engineer,3.0,Low,4.0,Cat_2,B
4218,Male,Yes,51.0,Yes,Doctor,6.0,Average,4.0,Cat_6,C
4219,Female,Yes,24.0,Yes,Homemaker,2.0,Low,2.0,Cat_4,A
4220,Female,Yes,27.0,Yes,Lawyer,0.0,Low,1.0,Cat_1,A
4221,Female,Yes,50.0,No,Doctor,10.0,High,3.0,Cat_7,D
4222,Female,Yes,50.0,Yes,Lawyer,9.0,Average,2.0,Cat_1,B
4223,Male,Yes,47.0,Yes,Artist,10.0,Low,5.0,Cat_5,D
4224,Female,Yes,47.0,Yes,Healthcare,8.0,High,4.0,Cat_5,D
4225,Male,No,25.0,No,Healthcare,4.0,Low,,,A
4226,Female,Yes,63.0,Yes,Artist,12.0,High,4.0,Cat_6,C
4227,Male,No,65.0,No,Healthcare,8.0,Low,4.0,Cat_7,D
4228,Female,Yes,33.0,No,Lawyer,1.0,Average,1.0,Cat_1,A
4229,Male,No,19.0,No,Entertainment,,Low,2.0,Cat_2,A
4230,Female,No,22.0,Yes,Doctor,3.0,Low,1.0,Cat_6,A
4231,Female,Yes,32.0,No,Doctor,6.0,Low,2.0,Cat_4,B
4232,Male,Yes,59.0,Yes,Entertainment,12.0,Average,6.0,Cat_4,D
4233,Male,No,33.0,Yes,Entertainment,1.0,Low,1.0,Cat_5,A
4234,Female,No,21.0,No,Marketing,2.0,Low,1.0,Cat_5,A
4235,Male,No,29.0,Yes,Executive,2.0,Low,4.0,Cat_7,B
4236,Female,No,49.0,Yes,Lawyer,8.0,Low,3.0,Cat_4,B
4237,Female,Yes,45.0,No,Engineer,3.0,Average,3.0,Cat_2,B
4238,Female,No,24.0,Yes,Entertainment,1.0,Average,2.0,Cat_6,A
4239,Female,No,46.0,Yes,Executive,5.0,Low,3.0,Cat_3,B
4240,Male,No,56.0,Yes,Entertainment,11.0,High,2.0,Cat_4,C
4241,Male,,34.0,No,Healthcare,8.0,Average,3.0,Cat_4,B
4242,Male,Yes,65.0,Yes,Artist,6.0,High,3.0,Cat_6,C
4243,Female,Yes,50.0,Yes,Healthcare,7.0,High,2.0,Cat_3,C
4244,Male,No,35.0,No,Lawyer,1.0,Low,1.0,Cat_6,A
4245,Female,Yes,64.0,Yes,Lawyer,5.0,High,2.0,Cat_5,C
4246,Female,No,34.0,Yes,Doctor,0.0,Low,1.0,Cat_3,A
4247,Female,No,18.0,No,Artist,1.0,Low,2.0,Cat_3,A
4248,Male,Yes,45.0,Yes,Doctor,5.0,Average,4.0,Cat_4,B
4249,Female,No,43.0,No,Homemaker,8.0,High,2.0,Cat_6,C
4250,Male,No,29.0,Yes,Healthcare,7.0,Low,3.0,Cat_4,B
4251,Male,Yes,46.0,No,Engineer,13.0,High,4.0,Cat_5,C
4252,Male,No,27.0,No,Marketing,0.0,Average,1.0,Cat_1,A
4253,Male,Yes,39.0,No,Lawyer,9.0,Low,2.0,Cat_6,B
4254,Male,Yes,57.0,Yes,Doctor,5.0,High,3.0,Cat_5,C
4255,Male,Yes,37.0,No,Homemaker,5.0,Low,3.0,Cat_5,B
4256,Female,Yes,56.0,Yes,Entertainment,13.0,Low,3.0,Cat_6,D
4257,Female,No,23.0,Yes,Artist,3.0,Average,2.0,Cat_1,A
4258,Male,Yes,55.0,Yes,Artist,14.0,High,4.0,Cat_3,C
4259,Male,,32.0,No,,9.0,Low,4.0,Cat_4,B
4260,Female,Yes,49.0,Yes,Engineer,9.0,High,2.0,Cat_5,C
4261,Female,Yes,37.0,No,Doctor,6.0,Average,4.0,Cat_5,B
4262,Male,Yes,46.0,Yes,Healthcare,,Average,2.0,Cat_4,C
4263,Male,Yes,47.0,Yes,Lawyer,6.0,High,4.0,Cat_5,C
4264,Male,Yes,31.0,No,Entertainment,2.0,Low,1.0,Cat_1,A
4265,Female,Yes,66.0,Yes,Homemaker,10.0,Average,5.0,,D
4266,Male,No,64.0,,Executive,13.0,High,3.0,Cat_6,C
4267,Female,No,47.0,Yes,Doctor,6.0,Low,2.0,Cat_5,B
4268,Female,No,40.0,,Doctor,4.0,Low,3.0,Cat_4,B
4269,Male,Yes,79.0,Yes,Lawyer,13.0,Average,6.0,Cat_7,D
4270,Male,Yes,34.0,,Entertainment,6.0,Average,2.0,Cat_5,B
4271,Male,No,24.0,Yes,Doctor,,Low,2.0,Cat_2,A
4272,Male,No,62.0,Yes,Lawyer,13.0,Average,5.0,Cat_4,D
4273,Female,No,19.0,No,Homemaker,,Low,2.0,Cat_1,A
4274,Female,No,67.0,Yes,Executive,,Low,4.0,Cat_5,D
4275,Male,No,59.0,No,Homemaker,,Low,5.0,Cat_6,D
4276,Male,Yes,46.0,Yes,Executive,13.0,Low,4.0,Cat_5,D
4277,Male,No,25.0,No,Healthcare,,Low,1.0,Cat_1,A
4278,Male,No,46.0,No,Engineer,6.0,High,3.0,Cat_1,B
4279,Female,No,20.0,No,Doctor,3.0,Average,1.0,Cat_3,A
4280,Male,No,45.0,No,Executive,6.0,Low,4.0,Cat_4,B
4281,Female,No,29.0,No,Artist,,High,3.0,Cat_5,B
4282,Female,Yes,63.0,Yes,Marketing,13.0,Low,6.0,Cat_4,D
4283,Male,Yes,39.0,Yes,Lawyer,9.0,Average,3.0,Cat_5,B
4284,Male,Yes,61.0,Yes,Doctor,11.0,High,2.0,Cat_4,C
4285,Male,Yes,80.0,,Lawyer,9.0,Low,5.0,Cat_7,D
4286,Female,No,26.0,Yes,Entertainment,0.0,Low,1.0,Cat_1,A
4287,Female,Yes,57.0,Yes,Doctor,8.0,Average,6.0,Cat_1,D
4288,Female,No,61.0,Yes,Lawyer,9.0,High,2.0,Cat_3,C
4289,Female,Yes,68.0,Yes,Doctor,13.0,Average,7.0,Cat_6,D
4290,Female,No,27.0,No,Marketing,2.0,Low,2.0,Cat_7,A
4291,Female,Yes,37.0,Yes,Doctor,7.0,Average,,Cat_5,C
4292,Female,Yes,25.0,No,Homemaker,3.0,Low,2.0,Cat_2,A
4293,Female,Yes,39.0,Yes,Engineer,10.0,High,4.0,Cat_3,C
4294,Male,Yes,38.0,Yes,Entertainment,12.0,High,2.0,Cat_2,C
4295,Female,No,21.0,No,Artist,0.0,Low,2.0,Cat_7,A
4296,Female,Yes,52.0,Yes,Healthcare,11.0,Low,3.0,Cat_6,C
4297,Female,No,33.0,Yes,Engineer,2.0,Average,2.0,Cat_4,A
4298,Male,No,26.0,No,Homemaker,4.0,Average,1.0,Cat_1,A
4299,Female,Yes,45.0,Yes,Entertainment,10.0,High,,Cat_2,C
4300,Female,Yes,46.0,Yes,Entertainment,11.0,High,2.0,Cat_2,C
4301,Male,No,45.0,No,Executive,9.0,High,3.0,Cat_5,C
4302,Female,Yes,37.0,Yes,Engineer,8.0,Average,4.0,Cat_3,B
4303,Male,Yes,54.0,Yes,Executive,11.0,Low,5.0,Cat_7,D
4304,Female,No,34.0,Yes,Executive,6.0,Low,3.0,Cat_3,B
4305,Male,No,31.0,No,Artist,2.0,Average,1.0,Cat_5,A
4306,Female,Yes,62.0,Yes,Healthcare,9.0,High,3.0,Cat_5,C
4307,Female,No,33.0,Yes,Executive,5.0,Average,3.0,Cat_5,B
4308,Male,No,29.0,Yes,Lawyer,3.0,High,2.0,Cat_7,A
4309,Male,Yes,50.0,Yes,Artist,4.0,High,3.0,Cat_5,B
4310,Female,Yes,58.0,Yes,Lawyer,9.0,Low,3.0,Cat_1,D
4311,Male,Yes,38.0,Yes,Doctor,6.0,Average,4.0,Cat_6,C
4312,Female,Yes,59.0,No,Engineer,,High,4.0,Cat_6,C
4313,Female,Yes,20.0,No,,1.0,High,2.0,Cat_1,A
4314,Male,,34.0,Yes,Entertainment,3.0,Average,1.0,Cat_6,A
4315,Female,,34.0,Yes,Executive,3.0,Average,4.0,Cat_4,B
4316,Female,Yes,36.0,No,Engineer,2.0,High,4.0,Cat_5,B
4317,Male,Yes,48.0,Yes,Healthcare,9.0,Low,4.0,Cat_3,D
4318,Female,Yes,54.0,Yes,Lawyer,,Low,4.0,Cat_7,D
4319,Female,No,24.0,Yes,Marketing,1.0,Average,2.0,Cat_2,A
4320,Male,Yes,65.0,Yes,Healthcare,10.0,Low,4.0,Cat_4,C
4321,Male,No,29.0,Yes,Entertainment,8.0,Low,3.0,Cat_5,B
4322,Male,Yes,53.0,No,Artist,9.0,Average,6.0,Cat_4,D
4323,Female,Yes,51.0,,Doctor,13.0,Low,7.0,Cat_5,D
4324,Male,No,61.0,No,Engineer,10.0,Low,6.0,Cat_2,D
4325,Female,No,43.0,Yes,Healthcare,5.0,Average,3.0,Cat_4,B
4326,Female,No,18.0,No,Engineer,4.0,Average,2.0,Cat_7,A
4327,Male,Yes,70.0,No,Lawyer,9.0,High,7.0,Cat_4,D
4328,Male,Yes,70.0,Yes,Lawyer,12.0,Low,3.0,Cat_5,D
4329,Male,No,20.0,No,Lawyer,4.0,High,1.0,Cat_1,A
4330,Female,Yes,51.0,No,Executive,14.0,High,4.0,,D
4331,Female,Yes,46.0,Yes,Artist,6.0,Average,2.0,Cat_5,B
4332,Female,Yes,31.0,Yes,Lawyer,4.0,Low,3.0,Cat_4,B
4333,Male,Yes,77.0,No,Executive,11.0,Average,3.0,Cat_1,D
4334,Male,No,30.0,Yes,Artist,1.0,Low,1.0,Cat_4,A
4335,Male,Yes,76.0,Yes,Healthcare,8.0,Low,7.0,Cat_2,D
4336,Female,No,18.0,,Marketing,2.0,Low,1.0,Cat_6,A
4337,Female,No,38.0,Yes,Executive,3.0,Low,2.0,Cat_3,B
4338,Male,Yes,29.0,Yes,Entertainment,6.0,Average,2.0,Cat_1,B
4339,Male,,62.0,Yes,Lawyer,12.0,Average,7.0,Cat_2,D
4340,Female,Yes,50.0,Yes,Artist,5.0,High,4.0,,C
4341,Female,Yes,44.0,Yes,Engineer,12.0,High,4.0,Cat_3,C
4342,Female,Yes,27.0,Yes,Engineer,0.0,Low,1.0,Cat_4,A
4343,Male,Yes,42.0,Yes,Engineer,13.0,Average,3.0,Cat_4,C
4344,Female,Yes,66.0,No,Homemaker,12.0,High,5.0,Cat_6,D
4345,Female,No,49.0,Yes,Marketing,5.0,Average,4.0,Cat_5,B
4346,Male,No,31.0,Yes,Marketing,2.0,Average,2.0,Cat_1,A
4347,Male,No,62.0,Yes,Executive,12.0,Average,4.0,Cat_6,C
4348,Male,Yes,38.0,Yes,Entertainment,10.0,High,2.0,Cat_2,C
4349,Female,No,24.0,,Artist,3.0,Average,2.0,Cat_5,A
4350,Female,No,32.0,No,Lawyer,0.0,Low,2.0,Cat_1,A
4351,Male,Yes,73.0,No,Healthcare,14.0,Average,6.0,Cat_2,D
4352,Female,Yes,18.0,Yes,Marketing,0.0,Average,2.0,Cat_1,A
4353,Male,No,37.0,No,Executive,6.0,Average,,Cat_4,B
4354,Male,Yes,35.0,Yes,Engineer,7.0,Average,3.0,Cat_6,C
4355,Female,Yes,50.0,No,Doctor,,Low,2.0,Cat_2,B
4356,Male,Yes,45.0,Yes,Entertainment,3.0,Average,4.0,Cat_1,B
4357,Female,No,50.0,No,Healthcare,,Low,6.0,Cat_7,D
4358,Female,No,33.0,Yes,Doctor,2.0,Average,4.0,Cat_1,B
4359,Female,Yes,29.0,Yes,Lawyer,8.0,Average,3.0,Cat_4,B
4360,Male,Yes,62.0,Yes,Engineer,10.0,High,4.0,Cat_5,C
4361,Female,Yes,47.0,Yes,Healthcare,14.0,Average,7.0,Cat_7,D
4362,Female,Yes,38.0,Yes,Engineer,13.0,Low,3.0,Cat_5,C
4363,Female,No,35.0,,Marketing,3.0,Low,2.0,Cat_6,A
4364,Female,No,22.0,No,Executive,4.0,Average,1.0,Cat_6,A
4365,Male,No,46.0,Yes,Engineer,12.0,High,4.0,Cat_5,C
4366,Male,Yes,28.0,Yes,Lawyer,2.0,Low,3.0,Cat_6,B
4367,Female,No,23.0,Yes,Artist,0.0,High,1.0,Cat_3,A
4368,Female,Yes,35.0,No,Homemaker,2.0,Low,1.0,Cat_3,A
4369,Male,Yes,27.0,Yes,Executive,2.0,Low,1.0,Cat_2,A
4370,Male,Yes,39.0,Yes,Executive,13.0,Average,4.0,Cat_4,C
4371,Female,,44.0,Yes,Lawyer,8.0,Low,2.0,Cat_6,C
4372,Female,Yes,72.0,Yes,Artist,11.0,Low,5.0,Cat_6,D
4373,Male,Yes,49.0,Yes,Executive,14.0,Low,3.0,Cat_7,D
4374,Female,No,40.0,Yes,Executive,14.0,High,3.0,Cat_4,C
4375,Male,No,79.0,Yes,Artist,11.0,Low,7.0,Cat_5,D
4376,Female,Yes,80.0,,Lawyer,8.0,Low,4.0,Cat_6,D
4377,Male,No,40.0,No,Doctor,11.0,Low,3.0,Cat_6,C
4378,Male,No,27.0,Yes,,2.0,Low,2.0,Cat_1,A
4379,Male,Yes,32.0,Yes,Healthcare,3.0,Average,4.0,Cat_2,B
4380,Female,Yes,51.0,Yes,Lawyer,5.0,Average,4.0,Cat_6,C
4381,Male,,62.0,Yes,Healthcare,9.0,Low,6.0,Cat_7,D
4382,Male,Yes,24.0,,Marketing,1.0,Low,1.0,Cat_3,A
4383,Male,Yes,50.0,Yes,Marketing,,Average,,Cat_4,D
4384,Male,No,34.0,No,Executive,8.0,Low,4.0,Cat_4,B
4385,Male,Yes,32.0,No,Healthcare,8.0,High,3.0,Cat_6,B
4386,Female,No,20.0,Yes,Artist,0.0,Low,,Cat_2,A
4387,Male,No,51.0,Yes,Doctor,,High,4.0,Cat_4,C
4388,Male,Yes,64.0,No,Executive,11.0,Low,3.0,Cat_6,D
4389,Female,No,50.0,No,Lawyer,4.0,Average,4.0,Cat_2,B
4390,Male,Yes,40.0,Yes,Marketing,,High,4.0,Cat_6,C
4391,Male,Yes,38.0,Yes,Lawyer,8.0,High,4.0,Cat_3,C
4392,Male,Yes,36.0,Yes,Executive,11.0,High,4.0,Cat_3,C
4393,Male,No,37.0,No,Executive,8.0,Average,3.0,Cat_6,B
4394,Female,No,37.0,Yes,Doctor,3.0,Low,3.0,Cat_4,B
4395,Male,Yes,79.0,No,Homemaker,8.0,Average,3.0,Cat_7,D
4396,Male,Yes,69.0,No,Marketing,8.0,Average,,Cat_6,D
4397,Male,Yes,31.0,No,Executive,9.0,Average,2.0,Cat_5,B
4398,Male,Yes,48.0,No,Engineer,4.0,Low,4.0,Cat_5,B
4399,Male,Yes,37.0,Yes,Doctor,3.0,Average,2.0,Cat_4,B
4400,Female,Yes,55.0,No,Entertainment,8.0,Low,,Cat_6,C
4401,Male,Yes,33.0,Yes,Marketing,2.0,Low,1.0,Cat_5,A
4402,Male,No,36.0,Yes,Doctor,14.0,High,4.0,Cat_4,C
4403,Male,Yes,34.0,Yes,Executive,8.0,Average,,Cat_3,B
4404,Male,No,29.0,,Artist,4.0,Low,1.0,Cat_1,A
4405,Female,Yes,54.0,No,Executive,9.0,Average,4.0,Cat_5,D
4406,Male,No,37.0,No,Entertainment,6.0,Average,2.0,Cat_2,B
4407,Female,Yes,70.0,No,Homemaker,10.0,Average,6.0,,D
4408,Female,No,33.0,No,Marketing,0.0,Low,2.0,Cat_4,A
4409,Male,Yes,61.0,Yes,Doctor,,High,4.0,Cat_4,C
4410,Female,No,22.0,No,Homemaker,,Average,2.0,Cat_2,A
4411,Male,No,46.0,Yes,Lawyer,7.0,High,4.0,Cat_5,C
4412,Male,,38.0,Yes,Lawyer,6.0,Average,3.0,Cat_5,C
4413,Male,No,20.0,No,Homemaker,2.0,Low,1.0,,A
4414,Male,Yes,49.0,Yes,Entertainment,5.0,Low,2.0,Cat_1,B
4415,Male,Yes,29.0,Yes,Artist,5.0,High,2.0,Cat_3,B
4416,Male,Yes,45.0,Yes,Lawyer,10.0,Average,2.0,Cat_7,C
4417,Male,Yes,43.0,No,Marketing,8.0,Average,2.0,Cat_1,B
4418,Male,Yes,44.0,Yes,Engineer,4.0,Average,3.0,Cat_1,B
4419,Male,Yes,54.0,Yes,Homemaker,12.0,Low,5.0,Cat_5,D
4420,Female,No,35.0,Yes,Executive,14.0,High,3.0,Cat_6,C
4421,Male,No,27.0,No,Marketing,3.0,Low,1.0,Cat_2,A
4422,Male,No,26.0,Yes,Engineer,0.0,Average,1.0,Cat_2,A
4423,Male,Yes,39.0,No,Engineer,2.0,Low,2.0,Cat_2,B
4424,Female,Yes,41.0,Yes,Engineer,5.0,High,4.0,Cat_2,C
4425,Male,Yes,49.0,No,Homemaker,9.0,Low,7.0,Cat_6,D
4426,Female,Yes,34.0,Yes,Healthcare,4.0,Low,1.0,Cat_2,A
4427,Male,Yes,42.0,Yes,Marketing,9.0,Average,3.0,Cat_6,C
4428,Female,Yes,76.0,Yes,Engineer,10.0,Low,7.0,Cat_3,D
4429,Female,No,23.0,No,Artist,0.0,Low,2.0,Cat_1,A
4430,Male,No,62.0,,Artist,6.0,High,3.0,Cat_3,C
4431,Male,No,41.0,Yes,Entertainment,6.0,High,2.0,Cat_1,C
4432,Female,No,21.0,No,Homemaker,0.0,Low,2.0,Cat_2,A
4433,Female,Yes,54.0,Yes,Healthcare,11.0,Low,3.0,Cat_6,C
4434,Male,Yes,31.0,Yes,Executive,3.0,Low,3.0,Cat_3,B
4435,Male,Yes,73.0,Yes,Marketing,,Average,6.0,Cat_4,D
4436,Male,No,33.0,Yes,Entertainment,2.0,Low,2.0,Cat_2,A
4437,Male,Yes,78.0,Yes,Artist,8.0,Low,5.0,Cat_6,D
4438,Male,Yes,52.0,No,Doctor,14.0,High,3.0,,C
4439,Male,No,50.0,Yes,Healthcare,12.0,Low,4.0,Cat_7,D
4440,Male,No,40.0,Yes,Doctor,8.0,Low,2.0,Cat_1,B
4441,Female,No,21.0,No,Entertainment,,Low,2.0,Cat_4,A
4442,Male,Yes,35.0,Yes,Artist,2.0,Low,1.0,Cat_2,A
4443,Male,Yes,35.0,Yes,Doctor,3.0,Low,1.0,Cat_3,A
4444,Female,Yes,58.0,Yes,Lawyer,,High,2.0,Cat_4,C
4445,Female,No,35.0,Yes,Homemaker,2.0,Average,2.0,Cat_1,A
4446,Female,Yes,18.0,Yes,Artist,0.0,Low,2.0,Cat_4,A
4447,Female,Yes,34.0,No,Artist,2.0,Average,1.0,Cat_1,A
4448,Female,No,30.0,Yes,Homemaker,2.0,Low,2.0,Cat_1,A
4449,Female,No,22.0,No,Homemaker,2.0,Average,1.0,Cat_1,A
4450,Female,No,34.0,Yes,Homemaker,3.0,Average,1.0,Cat_2,A
4451,Female,No,76.0,No,Healthcare,8.0,Average,6.0,Cat_7,D
4452,Male,Yes,60.0,Yes,Healthcare,7.0,Average,2.0,Cat_4,C
4453,Female,Yes,49.0,Yes,Lawyer,12.0,Average,6.0,Cat_6,D
4454,Male,Yes,57.0,Yes,Marketing,14.0,High,4.0,Cat_6,C
4455,Male,No,42.0,Yes,Doctor,12.0,High,4.0,Cat_4,C
4456,Male,Yes,53.0,Yes,Executive,8.0,Low,4.0,Cat_5,D
4457,Female,No,47.0,Yes,Executive,6.0,High,3.0,Cat_5,C
4458,Male,Yes,75.0,Yes,Healthcare,9.0,Low,6.0,Cat_4,D
4459,Female,No,47.0,Yes,Marketing,4.0,Average,2.0,Cat_4,B
4460,Female,No,18.0,Yes,Engineer,,Average,1.0,Cat_5,A
4461,Female,,47.0,Yes,Marketing,5.0,Average,3.0,Cat_1,C
4462,Male,Yes,75.0,No,Homemaker,9.0,Low,5.0,Cat_4,D
4463,Male,Yes,47.0,Yes,Lawyer,8.0,Average,5.0,Cat_3,D
4464,Female,No,52.0,Yes,Marketing,9.0,Average,3.0,Cat_6,C
4465,Male,Yes,52.0,No,Engineer,14.0,Average,5.0,Cat_7,D
4466,Male,Yes,47.0,No,Executive,3.0,Low,2.0,Cat_2,B
4467,Female,,67.0,Yes,Homemaker,9.0,Average,3.0,Cat_7,D
4468,Female,Yes,44.0,Yes,Executive,8.0,Average,2.0,Cat_5,C
4469,Male,No,56.0,Yes,Engineer,8.0,Average,2.0,,C
4470,Male,No,45.0,,Healthcare,11.0,High,4.0,Cat_5,C
4471,Male,No,33.0,Yes,Engineer,2.0,Low,2.0,Cat_2,A
4472,Male,Yes,32.0,Yes,Executive,2.0,Average,4.0,Cat_2,B
4473,Male,No,31.0,Yes,Entertainment,4.0,Low,1.0,Cat_5,A
4474,Male,Yes,47.0,Yes,Executive,2.0,Low,3.0,Cat_6,B
4475,Male,No,31.0,No,Artist,,Average,2.0,Cat_5,A
4476,Female,Yes,39.0,,Executive,5.0,Low,2.0,Cat_5,B
4477,Male,Yes,49.0,No,Healthcare,,High,3.0,Cat_5,C
4478,Male,No,42.0,Yes,Homemaker,11.0,High,3.0,Cat_6,C
4479,Female,No,65.0,Yes,Homemaker,11.0,High,2.0,Cat_6,C
4480,Female,No,27.0,Yes,Homemaker,4.0,Average,2.0,Cat_2,A
4481,Female,No,29.0,Yes,Executive,,High,2.0,Cat_4,B
4482,Male,Yes,66.0,Yes,Doctor,9.0,High,7.0,Cat_6,D
4483,Female,No,42.0,No,Homemaker,3.0,Low,4.0,Cat_4,B
4484,Female,No,19.0,Yes,Lawyer,3.0,Average,2.0,Cat_4,A
4485,Female,Yes,40.0,Yes,Lawyer,9.0,High,3.0,Cat_4,C
4486,Male,No,24.0,No,Doctor,0.0,Low,1.0,Cat_1,A
4487,Male,Yes,33.0,Yes,Doctor,5.0,Average,2.0,Cat_4,B
4488,Female,No,35.0,No,,4.0,Low,2.0,Cat_1,A
4489,Male,No,70.0,Yes,Executive,8.0,Low,5.0,Cat_4,D
4490,Male,No,34.0,Yes,Marketing,,Low,2.0,Cat_6,A
4491,Male,Yes,18.0,No,Artist,4.0,Low,2.0,Cat_1,A
4492,Male,No,39.0,Yes,Homemaker,,High,2.0,Cat_1,C
4493,Male,No,19.0,No,Entertainment,4.0,Low,1.0,Cat_4,A
4494,Male,No,35.0,No,Artist,,Average,3.0,Cat_2,B
4495,Female,Yes,71.0,No,Marketing,12.0,Average,3.0,Cat_4,D
4496,Female,No,38.0,No,Healthcare,,Average,2.0,Cat_4,B
4497,Female,No,37.0,Yes,Homemaker,8.0,High,4.0,Cat_3,B
4498,Female,No,21.0,No,Doctor,0.0,Low,1.0,Cat_2,A
4499,Male,,45.0,Yes,Engineer,13.0,High,2.0,Cat_5,C
4500,Female,No,22.0,No,,2.0,Low,1.0,Cat_2,A
4501,Female,Yes,60.0,No,Artist,12.0,Average,3.0,Cat_5,D
4502,Male,Yes,57.0,Yes,Executive,8.0,High,,Cat_6,C
4503,Male,No,59.0,Yes,Homemaker,11.0,Average,4.0,Cat_7,D
4504,Male,Yes,63.0,No,Homemaker,13.0,Low,6.0,Cat_6,D
4505,Female,Yes,35.0,Yes,Doctor,11.0,High,4.0,Cat_6,C
4506,Male,No,27.0,Yes,Marketing,1.0,Low,2.0,Cat_1,A
4507,Female,Yes,76.0,Yes,Engineer,11.0,Average,4.0,Cat_4,D
4508,Female,Yes,61.0,Yes,Doctor,12.0,Average,4.0,Cat_6,C
4509,Female,,50.0,No,Artist,14.0,Low,6.0,Cat_2,D
4510,Female,No,36.0,No,Homemaker,7.0,Average,4.0,Cat_2,B
4511,Female,,40.0,No,Engineer,2.0,Average,4.0,Cat_3,B
4512,Female,No,64.0,,Homemaker,12.0,Average,7.0,Cat_5,D
4513,Female,Yes,60.0,Yes,,,High,2.0,Cat_5,C
4514,Female,No,20.0,Yes,Healthcare,1.0,Low,2.0,Cat_3,A
4515,Male,No,44.0,Yes,Engineer,7.0,Average,4.0,Cat_4,B
4516,Male,No,45.0,No,Artist,3.0,High,3.0,Cat_4,B
4517,Male,Yes,23.0,No,Healthcare,,Low,2.0,Cat_1,A
4518,Male,Yes,60.0,Yes,Doctor,13.0,Average,4.0,Cat_6,D
4519,Male,,78.0,No,Homemaker,12.0,Average,6.0,Cat_7,D
4520,Male,Yes,63.0,No,Marketing,14.0,Average,,Cat_2,D
4521,Female,No,59.0,No,Marketing,9.0,Average,5.0,Cat_2,D
4522,Male,Yes,56.0,Yes,Artist,12.0,High,3.0,Cat_5,C
4523,Male,No,58.0,Yes,Executive,13.0,Low,5.0,Cat_7,D
4524,Male,No,28.0,No,Engineer,,High,3.0,Cat_5,B
4525,Female,Yes,40.0,Yes,Lawyer,13.0,Average,2.0,,C
4526,Male,No,49.0,No,Artist,7.0,Average,2.0,Cat_3,B
4527,Female,No,25.0,No,Doctor,3.0,Low,2.0,Cat_1,A
4528,Female,Yes,58.0,Yes,Healthcare,6.0,High,2.0,Cat_5,C
4529,Male,Yes,35.0,Yes,Executive,0.0,Low,1.0,Cat_2,A
4530,Male,No,30.0,No,Artist,6.0,Average,2.0,Cat_4,B
4531,Female,Yes,61.0,Yes,Doctor,12.0,High,4.0,Cat_3,C
4532,Male,Yes,47.0,Yes,Executive,7.0,Average,4.0,Cat_2,B
4533,Male,No,29.0,Yes,Lawyer,4.0,Low,1.0,Cat_5,A
4534,Male,No,41.0,Yes,Engineer,,Average,2.0,Cat_3,B
4535,Female,Yes,52.0,,Lawyer,8.0,Average,4.0,Cat_5,D
4536,Female,Yes,56.0,Yes,Marketing,11.0,High,3.0,Cat_6,C
4537,Male,Yes,71.0,No,Healthcare,10.0,Average,5.0,Cat_5,D
4538,Female,Yes,43.0,Yes,Engineer,5.0,Average,4.0,Cat_4,B
4539,Female,No,24.0,,Marketing,,Low,2.0,Cat_2,A
4540,Female,Yes,63.0,Yes,Doctor,6.0,High,4.0,Cat_5,C
4541,Male,Yes,77.0,Yes,Engineer,11.0,Average,3.0,Cat_5,D
4542,Female,Yes,55.0,Yes,Doctor,7.0,Low,2.0,Cat_6,C
4543,Male,Yes,37.0,Yes,Lawyer,5.0,Average,2.0,Cat_5,C
4544,Male,Yes,55.0,Yes,Marketing,11.0,Low,7.0,Cat_6,D
4545,Female,No,44.0,Yes,Marketing,13.0,High,2.0,Cat_6,C
4546,Male,No,25.0,No,Healthcare,0.0,Average,2.0,Cat_5,A
4547,Female,Yes,64.0,No,Healthcare,11.0,Average,3.0,Cat_7,D
4548,Male,No,65.0,No,Doctor,10.0,Average,3.0,Cat_7,D
4549,Female,Yes,37.0,Yes,Lawyer,,Average,3.0,Cat_3,B
4550,Male,No,71.0,No,Entertainment,14.0,Low,5.0,Cat_6,D
4551,Female,Yes,64.0,No,Lawyer,,Low,7.0,Cat_4,D
4552,Female,Yes,62.0,Yes,Executive,,High,3.0,Cat_7,C
4553,Female,Yes,51.0,Yes,Entertainment,11.0,Average,3.0,Cat_6,C
4554,Female,Yes,45.0,Yes,Healthcare,8.0,Low,6.0,Cat_2,D
4555,Female,No,30.0,No,Entertainment,1.0,Low,1.0,Cat_4,A
4556,Male,No,34.0,Yes,Marketing,1.0,Low,1.0,Cat_3,A
4557,Male,No,36.0,Yes,,7.0,Average,2.0,Cat_5,B
4558,Female,Yes,38.0,,Doctor,3.0,Low,3.0,Cat_2,B
4559,Female,Yes,44.0,Yes,Marketing,11.0,High,4.0,Cat_5,C
4560,Female,No,52.0,Yes,Entertainment,10.0,Average,5.0,Cat_6,D
4561,Male,Yes,54.0,No,Healthcare,14.0,Low,7.0,Cat_6,D
4562,Male,Yes,35.0,No,Healthcare,2.0,Low,2.0,Cat_3,B
4563,Male,Yes,50.0,Yes,Engineer,8.0,High,3.0,Cat_5,C
4564,Male,No,30.0,Yes,Artist,4.0,Average,2.0,Cat_2,A
4565,Male,Yes,72.0,No,Lawyer,13.0,Average,3.0,Cat_7,D
4566,Female,No,25.0,No,Doctor,3.0,Low,2.0,Cat_5,A
4567,Male,No,34.0,No,Doctor,2.0,Average,2.0,Cat_4,A
4568,Male,No,29.0,Yes,Entertainment,2.0,Average,4.0,Cat_5,B
4569,Female,Yes,58.0,No,Executive,12.0,Low,5.0,Cat_1,D
4570,Male,Yes,78.0,Yes,Engineer,9.0,High,6.0,Cat_2,D
4571,Female,Yes,42.0,Yes,Executive,14.0,Average,3.0,Cat_6,C
4572,Female,Yes,29.0,No,Lawyer,7.0,Average,4.0,Cat_6,B
4573,Male,Yes,38.0,Yes,Marketing,8.0,Average,4.0,Cat_1,B
4574,Male,Yes,60.0,,Homemaker,12.0,Low,6.0,Cat_7,D
4575,Male,No,25.0,No,Marketing,3.0,Low,2.0,Cat_2,A
4576,Male,No,41.0,Yes,Artist,8.0,High,,Cat_4,C
4577,Male,Yes,53.0,Yes,Executive,8.0,High,3.0,Cat_6,C
4578,Male,Yes,38.0,Yes,,7.0,Low,2.0,Cat_4,B
4579,Female,No,32.0,No,Entertainment,3.0,Low,2.0,Cat_1,A
4580,Male,Yes,35.0,No,Artist,13.0,Average,3.0,Cat_7,C
4581,Male,No,46.0,Yes,Homemaker,,High,2.0,Cat_6,C
4582,Male,No,40.0,No,Executive,9.0,Low,3.0,Cat_5,B
4583,Male,,80.0,Yes,Marketing,14.0,Average,6.0,Cat_3,D
4584,Male,Yes,72.0,Yes,Homemaker,12.0,Average,6.0,Cat_7,D
4585,Male,Yes,65.0,Yes,Marketing,14.0,High,3.0,Cat_5,C
4586,Female,No,39.0,Yes,Executive,14.0,High,2.0,Cat_1,C
4587,Male,Yes,57.0,No,Healthcare,9.0,Average,7.0,Cat_7,D
4588,Male,Yes,50.0,Yes,Doctor,14.0,Low,7.0,Cat_3,D
4589,Female,Yes,80.0,No,Healthcare,13.0,Average,7.0,Cat_6,D
4590,Male,Yes,37.0,Yes,Engineer,6.0,High,2.0,Cat_5,C
4591,Female,No,30.0,No,Engineer,0.0,Average,2.0,Cat_1,A
4592,Female,Yes,33.0,No,Doctor,7.0,Average,3.0,Cat_4,B
4593,Male,Yes,60.0,Yes,Homemaker,8.0,High,2.0,Cat_2,C
4594,Female,Yes,34.0,Yes,Executive,4.0,Average,3.0,Cat_6,B
4595,Male,No,39.0,Yes,Lawyer,4.0,Average,2.0,Cat_1,B
4596,Male,No,69.0,Yes,Executive,10.0,Average,3.0,Cat_2,D
4597,Female,Yes,43.0,Yes,Executive,13.0,High,4.0,Cat_6,C
4598,Male,Yes,69.0,No,Marketing,8.0,Average,5.0,Cat_7,D
4599,Male,No,43.0,Yes,Artist,9.0,High,4.0,Cat_2,C
4600,Male,Yes,33.0,Yes,Lawyer,5.0,Low,4.0,Cat_4,B
4601,Female,Yes,21.0,Yes,Lawyer,1.0,Low,1.0,Cat_1,A
4602,Male,No,30.0,Yes,Artist,2.0,Average,3.0,Cat_4,B
4603,Male,Yes,45.0,No,Artist,8.0,High,4.0,Cat_6,D
4604,Male,No,40.0,Yes,Lawyer,10.0,High,,Cat_6,C
4605,Male,No,43.0,Yes,Doctor,5.0,Average,4.0,Cat_3,B
4606,Male,Yes,51.0,No,Lawyer,8.0,Low,4.0,Cat_2,D
4607,Male,Yes,44.0,Yes,Artist,8.0,Average,2.0,Cat_3,B
4608,Female,No,26.0,Yes,Lawyer,3.0,Average,2.0,Cat_2,A
4609,Female,Yes,55.0,Yes,Doctor,13.0,Average,,Cat_6,C
4610,Female,Yes,49.0,No,Executive,12.0,Low,7.0,Cat_7,D
4611,Female,Yes,37.0,Yes,Homemaker,3.0,Average,3.0,Cat_1,B
4612,Female,No,23.0,Yes,Homemaker,4.0,Low,2.0,,A
4613,Male,Yes,55.0,No,,13.0,Average,7.0,Cat_5,D
4614,Female,Yes,80.0,Yes,Homemaker,8.0,Average,7.0,Cat_4,D
4615,Female,No,24.0,Yes,Artist,3.0,Average,2.0,Cat_5,A
4616,Female,Yes,61.0,No,Healthcare,5.0,High,4.0,Cat_5,C
4617,Female,No,19.0,Yes,Artist,1.0,Low,2.0,Cat_1,A
4618,Female,Yes,29.0,No,Engineer,8.0,Average,4.0,Cat_2,B
4619,Female,Yes,65.0,No,Homemaker,12.0,Low,6.0,Cat_6,D
4620,Male,Yes,58.0,Yes,Healthcare,12.0,Average,4.0,Cat_7,D
4621,Female,Yes,58.0,Yes,Marketing,10.0,Average,6.0,Cat_6,D
4622,Male,Yes,55.0,Yes,Executive,13.0,Low,4.0,Cat_6,C
4623,Male,Yes,43.0,Yes,Engineer,9.0,High,4.0,Cat_1,C
4624,Female,Yes,53.0,No,Executive,13.0,High,6.0,Cat_5,D
4625,Female,Yes,24.0,No,Healthcare,1.0,Low,2.0,Cat_1,A
4626,Male,No,30.0,Yes,Engineer,1.0,Low,2.0,Cat_1,A
4627,Female,Yes,22.0,Yes,Homemaker,3.0,Low,2.0,Cat_2,A
4628,Male,Yes,50.0,Yes,Doctor,9.0,Low,4.0,Cat_3,D
4629,Male,No,29.0,Yes,Lawyer,,Low,2.0,Cat_1,A
4630,Male,No,55.0,,Executive,12.0,High,3.0,Cat_6,C
4631,Male,,64.0,No,Homemaker,,Average,4.0,Cat_7,D
4632,Male,No,29.0,No,Artist,0.0,Low,1.0,Cat_3,A
4633,Male,No,50.0,Yes,Executive,5.0,High,4.0,Cat_2,B
4634,Male,Yes,61.0,No,Lawyer,12.0,Average,2.0,Cat_5,C
4635,Male,Yes,42.0,No,,9.0,High,3.0,Cat_2,C
4636,Female,Yes,70.0,Yes,Marketing,13.0,Average,3.0,Cat_4,D
4637,Male,Yes,42.0,Yes,Entertainment,7.0,High,3.0,Cat_6,C
4638,Female,No,22.0,No,Engineer,2.0,Low,1.0,Cat_7,A
4639,Female,Yes,46.0,Yes,Engineer,11.0,High,2.0,Cat_6,C
4640,Female,No,28.0,Yes,Entertainment,4.0,Low,1.0,Cat_6,A
4641,Female,No,35.0,Yes,Engineer,4.0,Low,2.0,Cat_2,B
4642,Male,Yes,65.0,Yes,Healthcare,12.0,Low,5.0,,D
4643,Male,No,69.0,Yes,Homemaker,9.0,High,7.0,Cat_6,D
4644,Female,Yes,62.0,No,Artist,10.0,Average,7.0,Cat_7,D
4645,Male,Yes,23.0,Yes,Entertainment,1.0,Average,2.0,Cat_3,A
4646,Male,Yes,67.0,Yes,Executive,10.0,High,5.0,Cat_7,D
4647,Male,No,47.0,Yes,Engineer,5.0,Average,4.0,Cat_3,B
4648,Male,No,30.0,Yes,Engineer,7.0,Average,3.0,Cat_4,B
4649,Female,,22.0,No,Engineer,2.0,Average,1.0,Cat_2,A
4650,Male,No,26.0,No,Engineer,2.0,Low,1.0,Cat_1,A
4651,Female,Yes,28.0,No,Doctor,4.0,Average,1.0,Cat_6,A
4652,Female,No,51.0,Yes,Executive,8.0,High,3.0,Cat_7,D
4653,Female,No,30.0,No,Homemaker,0.0,Low,2.0,Cat_1,A
4654,Female,No,23.0,Yes,Marketing,,Low,1.0,Cat_2,A
4655,Male,Yes,44.0,,Executive,8.0,High,2.0,Cat_3,B
4656,Male,Yes,59.0,Yes,Marketing,8.0,Average,4.0,Cat_6,D
4657,Male,No,31.0,No,Homemaker,2.0,Average,,Cat_2,A
4658,Female,Yes,74.0,Yes,Healthcare,12.0,Average,3.0,Cat_7,D
4659,Female,Yes,39.0,Yes,Lawyer,13.0,Average,2.0,Cat_4,C
4660,Male,Yes,40.0,Yes,Executive,2.0,Low,2.0,Cat_7,B
4661,Female,No,41.0,Yes,Healthcare,12.0,High,2.0,Cat_6,C
4662,Male,Yes,39.0,Yes,Executive,10.0,High,2.0,Cat_2,C
4663,Male,Yes,41.0,Yes,Doctor,7.0,Average,4.0,Cat_6,C
4664,Female,Yes,29.0,Yes,Entertainment,6.0,Low,2.0,Cat_3,B
4665,Female,Yes,19.0,No,Lawyer,1.0,Low,2.0,,A
4666,Female,No,37.0,Yes,Doctor,14.0,High,3.0,Cat_6,C
4667,Male,Yes,46.0,No,Healthcare,7.0,Average,4.0,Cat_1,B
4668,Male,No,29.0,Yes,Entertainment,,Average,4.0,Cat_6,B
4669,Female,,20.0,No,Homemaker,4.0,Low,2.0,Cat_1,A
4670,Female,No,22.0,Yes,Healthcare,,Low,2.0,Cat_7,A
4671,Female,Yes,48.0,No,Artist,9.0,Average,3.0,Cat_6,D
4672,Female,,31.0,No,Executive,9.0,Average,,Cat_6,B
4673,Male,No,19.0,,Healthcare,0.0,Average,2.0,Cat_1,A
4674,Female,Yes,51.0,Yes,,10.0,Average,4.0,Cat_5,C
4675,Female,No,28.0,No,Engineer,0.0,Low,2.0,Cat_1,A
4676,Male,Yes,37.0,Yes,Doctor,13.0,High,3.0,Cat_2,C
4677,Female,No,30.0,No,Engineer,8.0,Low,2.0,Cat_4,B
4678,Female,No,62.0,Yes,Healthcare,,High,2.0,Cat_7,C
4679,Female,No,73.0,Yes,Doctor,9.0,Average,4.0,Cat_5,D
4680,Female,No,40.0,Yes,Homemaker,5.0,Average,2.0,Cat_5,B
4681,Male,No,29.0,No,Homemaker,2.0,Low,,Cat_3,A
4682,Female,Yes,46.0,Yes,Homemaker,14.0,Average,7.0,Cat_7,D
4683,Male,No,31.0,Yes,Homemaker,4.0,Low,1.0,Cat_1,A
4684,Female,No,32.0,Yes,Homemaker,2.0,Low,2.0,Cat_5,A
4685,Male,Yes,37.0,Yes,Marketing,14.0,High,4.0,Cat_4,C
4686,Female,No,41.0,,Executive,5.0,Average,3.0,Cat_6,C
4687,Male,Yes,65.0,Yes,Healthcare,13.0,High,3.0,,C
4688,Female,Yes,31.0,Yes,Artist,3.0,Average,3.0,Cat_3,B
4689,Male,Yes,59.0,Yes,Entertainment,9.0,High,4.0,Cat_7,D
4690,Female,Yes,68.0,No,Healthcare,11.0,Low,7.0,Cat_7,D
4691,Female,Yes,18.0,No,Engineer,2.0,Low,1.0,Cat_3,A
4692,Female,Yes,71.0,Yes,Lawyer,11.0,Low,7.0,Cat_2,D
4693,Female,Yes,47.0,Yes,Healthcare,2.0,Low,2.0,Cat_1,B
4694,Female,Yes,57.0,Yes,Doctor,5.0,High,3.0,Cat_5,C
4695,Male,Yes,64.0,Yes,Engineer,12.0,Low,3.0,Cat_5,C
4696,Male,,25.0,No,,2.0,Low,1.0,Cat_1,A
4697,Male,Yes,70.0,Yes,Marketing,12.0,Average,7.0,Cat_7,D
4698,Male,,38.0,Yes,Engineer,6.0,Average,2.0,Cat_4,B
4699,Male,,57.0,Yes,Artist,10.0,Average,6.0,Cat_7,D
4700,Female,Yes,59.0,Yes,Healthcare,11.0,High,2.0,Cat_6,C
4701,Male,Yes,62.0,Yes,Marketing,9.0,Average,3.0,Cat_2,D
4702,Male,No,49.0,No,Doctor,4.0,Low,3.0,Cat_1,B
4703,Male,Yes,41.0,No,Healthcare,2.0,High,3.0,Cat_4,B
4704,Male,Yes,58.0,Yes,Executive,12.0,Average,4.0,Cat_5,C
4705,Female,Yes,39.0,No,Healthcare,7.0,High,,Cat_6,C
4706,Female,No,36.0,,Engineer,4.0,Average,3.0,Cat_3,B
4707,Male,Yes,33.0,No,Entertainment,,Low,2.0,Cat_3,B
4708,Male,Yes,61.0,Yes,Engineer,8.0,Average,,Cat_3,D
4709,Female,No,45.0,Yes,Lawyer,6.0,Average,2.0,Cat_2,C
4710,Female,Yes,25.0,No,Executive,3.0,Average,1.0,Cat_1,A
4711,Male,Yes,66.0,No,,13.0,High,5.0,Cat_6,D
4712,Female,Yes,80.0,No,Lawyer,12.0,Low,7.0,Cat_3,D
4713,Female,Yes,79.0,Yes,Entertainment,14.0,Low,3.0,Cat_7,D
4714,Male,No,53.0,Yes,Entertainment,,High,4.0,Cat_6,C
4715,Female,Yes,45.0,No,Engineer,6.0,Average,2.0,Cat_5,B
4716,Female,Yes,48.0,Yes,Artist,9.0,Low,4.0,Cat_4,B
4717,Male,Yes,41.0,Yes,Entertainment,9.0,Low,3.0,Cat_4,B
4718,Female,No,62.0,Yes,Marketing,14.0,Average,5.0,Cat_6,D
4719,Male,Yes,41.0,Yes,Entertainment,13.0,High,2.0,Cat_5,C
4720,Male,No,47.0,Yes,Marketing,12.0,Average,4.0,Cat_7,D
4721,Male,Yes,45.0,Yes,Homemaker,7.0,High,2.0,Cat_1,C
4722,Female,No,34.0,No,Artist,0.0,High,2.0,Cat_1,A
4723,Male,Yes,69.0,No,Lawyer,9.0,Average,7.0,Cat_7,D
4724,Male,Yes,79.0,Yes,Artist,12.0,Low,5.0,Cat_7,D
4725,Male,Yes,48.0,Yes,Marketing,9.0,Low,2.0,Cat_2,C
4726,Male,Yes,20.0,No,Doctor,4.0,Low,1.0,Cat_3,A
4727,Female,No,55.0,Yes,Marketing,10.0,High,4.0,Cat_7,D
4728,Female,Yes,25.0,No,Entertainment,1.0,Low,2.0,Cat_6,A
4729,Male,Yes,47.0,Yes,Healthcare,14.0,Low,5.0,Cat_2,D
4730,Male,No,35.0,Yes,Doctor,2.0,Average,3.0,Cat_6,B
4731,Female,No,42.0,Yes,Executive,9.0,Low,4.0,Cat_4,B
4732,Female,No,23.0,No,Entertainment,0.0,Average,1.0,Cat_1,A
4733,Male,No,52.0,Yes,Doctor,6.0,High,3.0,Cat_4,C
4734,Male,Yes,50.0,No,Engineer,12.0,High,3.0,Cat_2,C
4735,Female,No,21.0,Yes,Marketing,2.0,Low,2.0,Cat_2,A
4736,Male,No,52.0,No,Healthcare,11.0,Low,6.0,Cat_6,D
4737,Female,Yes,27.0,No,Entertainment,3.0,Low,1.0,Cat_5,A
4738,Male,Yes,30.0,Yes,Healthcare,3.0,Average,,Cat_5,B
4739,Male,No,65.0,No,Artist,9.0,High,3.0,Cat_7,D
4740,Male,Yes,46.0,No,Healthcare,9.0,Low,4.0,Cat_7,D
4741,Female,Yes,37.0,Yes,Lawyer,9.0,Average,3.0,Cat_5,B
4742,Male,No,33.0,No,Artist,2.0,Low,2.0,Cat_2,A
4743,Male,Yes,29.0,Yes,Healthcare,6.0,Average,2.0,Cat_4,B
4744,Female,No,29.0,No,Lawyer,3.0,Average,1.0,Cat_3,A
4745,Female,Yes,39.0,Yes,Doctor,3.0,Average,4.0,Cat_2,B
4746,Female,No,49.0,Yes,Engineer,10.0,High,4.0,Cat_6,C
4747,Female,Yes,79.0,Yes,Marketing,11.0,Average,7.0,Cat_7,D
4748,Female,No,31.0,No,Healthcare,4.0,Low,1.0,Cat_2,A
4749,Male,Yes,77.0,Yes,Artist,11.0,Low,6.0,Cat_1,D
4750,Female,No,24.0,Yes,Healthcare,1.0,Average,2.0,Cat_4,A
4751,Male,Yes,46.0,No,Engineer,5.0,High,4.0,Cat_4,B
4752,Male,No,30.0,No,Entertainment,2.0,Low,,Cat_4,A
4753,Male,Yes,43.0,Yes,Doctor,11.0,High,4.0,Cat_6,C
4754,Male,Yes,66.0,Yes,Healthcare,8.0,Low,5.0,,D
4755,Female,Yes,33.0,No,Artist,3.0,Low,1.0,Cat_6,A
4756,Female,Yes,35.0,Yes,Entertainment,5.0,Average,3.0,Cat_3,B
4757,Female,No,18.0,No,Doctor,4.0,Low,2.0,Cat_1,A
4758,Male,No,61.0,No,Executive,9.0,Average,7.0,Cat_7,D
4759,Male,Yes,34.0,No,Lawyer,9.0,Average,4.0,Cat_3,B
4760,Male,Yes,75.0,Yes,Artist,12.0,Average,6.0,Cat_7,D
4761,Female,Yes,62.0,Yes,Artist,12.0,Average,4.0,Cat_5,C
4762,Female,Yes,48.0,No,,11.0,Low,3.0,Cat_5,D
4763,Female,No,19.0,Yes,Artist,2.0,Low,2.0,Cat_3,A
4764,Female,No,19.0,No,Artist,1.0,Average,,Cat_5,A
4765,Female,Yes,37.0,Yes,Doctor,4.0,Low,3.0,Cat_3,B
4766,Female,No,49.0,Yes,Artist,6.0,High,4.0,Cat_5,C
4767,Male,Yes,48.0,Yes,Executive,5.0,High,3.0,Cat_3,C
4768,Female,Yes,29.0,No,Lawyer,2.0,Average,2.0,Cat_4,A
4769,Female,Yes,41.0,Yes,Executive,6.0,Average,3.0,Cat_2,B
4770,Male,Yes,75.0,No,,14.0,Average,7.0,Cat_1,D
4771,Male,No,51.0,Yes,Entertainment,7.0,Average,3.0,Cat_6,C
4772,Male,No,20.0,No,Engineer,,Low,2.0,Cat_3,A
4773,Female,Yes,45.0,Yes,Entertainment,9.0,High,3.0,Cat_3,B
4774,Female,Yes,46.0,No,Artist,14.0,High,2.0,Cat_7,C
4775,Male,Yes,67.0,Yes,Homemaker,11.0,Low,7.0,Cat_3,D
4776,Male,Yes,34.0,No,Doctor,4.0,Average,2.0,,B
4777,Male,Yes,63.0,Yes,Entertainment,9.0,Average,3.0,Cat_6,D
4778,Male,Yes,62.0,No,Healthcare,5.0,Average,3.0,,C
4779,Male,Yes,50.0,No,Artist,10.0,Average,5.0,Cat_7,D
4780,Female,Yes,78.0,,Marketing,11.0,Low,3.0,Cat_7,D
4781,Female,Yes,70.0,Yes,Homemaker,10.0,High,7.0,Cat_7,D
4782,Female,Yes,67.0,Yes,Entertainment,13.0,Low,4.0,Cat_4,D
4783,Female,No,23.0,No,Homemaker,,Low,1.0,Cat_1,A
4784,Male,Yes,75.0,Yes,Engineer,,Average,4.0,Cat_7,D
4785,Female,Yes,79.0,Yes,Healthcare,14.0,Average,3.0,Cat_5,D
4786,Female,Yes,58.0,Yes,Engineer,10.0,High,3.0,Cat_5,C
4787,Male,No,42.0,No,Lawyer,2.0,Low,2.0,Cat_3,B
4788,Female,Yes,59.0,No,Lawyer,9.0,Low,3.0,Cat_7,D
4789,Female,No,51.0,No,Executive,11.0,Low,5.0,Cat_7,D
4790,Female,No,29.0,No,Healthcare,0.0,Average,1.0,Cat_3,A
4791,Female,,22.0,Yes,Entertainment,2.0,Low,2.0,Cat_2,A
4792,Female,Yes,63.0,Yes,Healthcare,14.0,Average,6.0,Cat_2,D
4793,Male,No,22.0,Yes,Engineer,0.0,Low,2.0,Cat_3,A
4794,Male,Yes,57.0,Yes,Engineer,14.0,High,4.0,Cat_7,D
4795,Male,Yes,59.0,Yes,Engineer,5.0,High,2.0,Cat_5,C
4796,Female,Yes,64.0,Yes,Artist,8.0,Average,5.0,Cat_6,D
4797,Female,Yes,58.0,No,Entertainment,13.0,Low,7.0,Cat_4,D
4798,Male,Yes,50.0,No,Healthcare,12.0,Average,3.0,Cat_6,C
4799,Female,,76.0,No,Healthcare,,Low,7.0,Cat_7,D
4800,Male,Yes,28.0,Yes,Artist,7.0,Average,3.0,Cat_6,B
4801,Male,No,25.0,No,Healthcare,1.0,Average,2.0,Cat_2,A
4802,Female,No,25.0,No,Homemaker,3.0,Low,1.0,Cat_1,A
4803,Male,Yes,28.0,Yes,Doctor,5.0,Average,4.0,Cat_1,B
4804,Female,Yes,40.0,Yes,Artist,13.0,Average,2.0,Cat_5,C
4805,Male,Yes,49.0,Yes,Lawyer,12.0,Average,7.0,Cat_7,D
4806,Female,No,53.0,Yes,Engineer,10.0,High,,Cat_6,C
4807,Female,No,44.0,No,Marketing,8.0,Average,4.0,Cat_5,B
4808,Female,Yes,72.0,No,Artist,11.0,High,3.0,Cat_6,D
4809,Female,Yes,46.0,Yes,Entertainment,6.0,Low,3.0,Cat_4,B
4810,Female,No,52.0,,Engineer,5.0,High,4.0,Cat_4,C
4811,Male,Yes,42.0,No,Homemaker,7.0,Average,4.0,Cat_6,B
4812,Female,Yes,26.0,No,Entertainment,2.0,Low,2.0,Cat_4,A
4813,Female,Yes,29.0,No,Healthcare,2.0,High,2.0,Cat_5,A
4814,Male,Yes,68.0,No,Homemaker,8.0,High,7.0,,D
4815,Male,Yes,54.0,Yes,Doctor,11.0,Average,7.0,Cat_4,D
4816,Female,Yes,26.0,No,Executive,4.0,Average,2.0,Cat_6,A
4817,Female,Yes,64.0,Yes,Homemaker,7.0,High,2.0,Cat_2,C
4818,Female,Yes,71.0,Yes,Homemaker,11.0,Low,4.0,Cat_7,D
4819,Male,No,21.0,Yes,Artist,0.0,Low,2.0,Cat_1,A
4820,Female,No,42.0,Yes,Lawyer,,Average,4.0,Cat_3,B
4821,Male,No,19.0,No,Engineer,1.0,High,1.0,Cat_1,A
4822,Male,Yes,40.0,Yes,Marketing,6.0,High,4.0,Cat_1,C
4823,Male,No,50.0,Yes,Healthcare,4.0,High,3.0,Cat_3,B
4824,Male,No,33.0,No,Doctor,6.0,Average,4.0,Cat_4,B
4825,Male,No,33.0,Yes,Engineer,4.0,Low,2.0,Cat_5,B
4826,Female,No,34.0,Yes,Artist,1.0,Low,2.0,Cat_4,A
4827,Female,No,34.0,,Lawyer,8.0,Low,2.0,Cat_6,B
4828,Male,Yes,36.0,Yes,,7.0,Average,2.0,Cat_1,B
4829,Male,Yes,56.0,Yes,Engineer,10.0,Average,5.0,Cat_4,D
4830,Male,No,29.0,Yes,Engineer,5.0,Low,2.0,Cat_2,B
4831,Female,No,18.0,,,4.0,Average,2.0,Cat_2,A
4832,Female,No,32.0,Yes,Lawyer,3.0,Average,2.0,Cat_1,A
4833,Female,Yes,50.0,No,Executive,8.0,High,4.0,Cat_3,B
4834,Female,No,49.0,No,Artist,,High,2.0,Cat_4,B
4835,Male,Yes,75.0,Yes,,14.0,Average,3.0,Cat_1,D
4836,Male,Yes,72.0,No,Engineer,9.0,Low,4.0,Cat_6,D
4837,Male,No,34.0,Yes,Engineer,0.0,Low,1.0,Cat_1,A
4838,Female,Yes,57.0,,Marketing,7.0,High,2.0,Cat_7,C
4839,Male,Yes,34.0,No,Engineer,0.0,Low,1.0,Cat_5,A
4840,Female,,48.0,Yes,Doctor,3.0,Average,3.0,Cat_5,B
4841,Male,No,28.0,No,Entertainment,9.0,Average,4.0,Cat_1,B
4842,Male,Yes,48.0,No,Engineer,,Average,4.0,Cat_3,B
4843,Female,No,29.0,No,Engineer,,Low,2.0,Cat_4,B
4844,Female,Yes,45.0,Yes,Entertainment,9.0,High,,Cat_5,C
4845,Male,No,35.0,Yes,Artist,9.0,Average,3.0,Cat_3,B
4846,Male,Yes,69.0,Yes,Engineer,14.0,High,3.0,Cat_6,D
4847,Male,No,25.0,Yes,Entertainment,4.0,Low,2.0,Cat_3,A
4848,Male,Yes,50.0,No,Homemaker,9.0,Average,2.0,Cat_3,B
4849,Female,Yes,70.0,No,Healthcare,,Average,3.0,Cat_7,D
4850,Female,Yes,50.0,Yes,Lawyer,3.0,High,3.0,Cat_2,B
4851,Female,No,27.0,No,Homemaker,3.0,Low,2.0,Cat_1,A
4852,Female,Yes,49.0,Yes,Marketing,,Average,2.0,Cat_5,B
4853,Female,Yes,50.0,Yes,Engineer,14.0,Low,6.0,Cat_4,D
4854,Female,Yes,40.0,Yes,Executive,9.0,High,,Cat_5,C
4855,Male,Yes,49.0,Yes,Engineer,2.0,Average,4.0,Cat_4,B
4856,Female,No,31.0,Yes,Entertainment,4.0,Average,2.0,Cat_6,A
4857,Male,No,50.0,Yes,Entertainment,5.0,High,3.0,Cat_4,B
4858,Female,No,18.0,No,Entertainment,4.0,Low,1.0,Cat_3,A
4859,Male,Yes,63.0,Yes,Entertainment,10.0,High,,Cat_4,C
4860,Female,Yes,19.0,No,Entertainment,4.0,Average,1.0,Cat_1,A
4861,Female,No,18.0,No,Artist,1.0,Low,1.0,Cat_1,A
4862,Female,No,48.0,Yes,Doctor,6.0,Average,2.0,Cat_6,B
4863,Male,No,46.0,Yes,Engineer,5.0,Average,4.0,Cat_6,C
4864,Male,Yes,76.0,Yes,Doctor,9.0,Low,7.0,Cat_7,D
4865,Female,Yes,49.0,Yes,Homemaker,7.0,Low,2.0,Cat_3,B
4866,Male,Yes,76.0,Yes,Lawyer,8.0,Average,7.0,Cat_3,D
4867,Female,Yes,37.0,Yes,Lawyer,3.0,Average,3.0,Cat_4,B
4868,Female,No,19.0,Yes,Healthcare,4.0,Low,1.0,Cat_1,A
4869,Female,Yes,58.0,No,Entertainment,11.0,Low,5.0,Cat_6,D
4870,Male,No,18.0,No,Marketing,2.0,Average,1.0,Cat_5,A
4871,Female,No,42.0,No,Healthcare,8.0,Low,2.0,Cat_6,B
4872,Female,Yes,20.0,No,Entertainment,0.0,Low,,Cat_3,A
4873,Male,Yes,62.0,Yes,Engineer,9.0,High,4.0,Cat_6,C
4874,Male,Yes,71.0,Yes,Healthcare,10.0,Low,3.0,Cat_6,D
4875,Female,No,54.0,No,Doctor,11.0,Low,3.0,Cat_1,D
4876,Female,Yes,65.0,Yes,Doctor,,Average,4.0,Cat_5,D
4877,Male,Yes,34.0,No,Artist,9.0,Average,2.0,Cat_2,B
4878,Male,Yes,63.0,Yes,Engineer,11.0,Low,3.0,Cat_5,D
4879,Male,No,46.0,Yes,Artist,2.0,Average,3.0,Cat_6,B
4880,Female,Yes,24.0,No,Entertainment,1.0,Low,1.0,Cat_2,A
4881,Female,No,18.0,No,Homemaker,1.0,Low,2.0,Cat_4,A
4882,Male,Yes,57.0,Yes,Executive,7.0,High,4.0,Cat_4,C
4883,Female,No,30.0,Yes,Marketing,1.0,Average,2.0,Cat_7,A
4884,Female,No,47.0,Yes,Engineer,7.0,High,4.0,Cat_4,C
4885,Male,Yes,63.0,Yes,Homemaker,14.0,Low,7.0,Cat_6,D
4886,Female,Yes,35.0,No,Doctor,7.0,Average,2.0,Cat_7,B
4887,Male,Yes,48.0,Yes,Marketing,,Average,6.0,Cat_4,D
4888,Male,Yes,50.0,No,Doctor,11.0,Average,3.0,Cat_6,D
4889,Male,No,35.0,Yes,Engineer,2.0,Average,2.0,Cat_1,B
4890,Male,No,29.0,No,Entertainment,4.0,Low,2.0,Cat_1,A
4891,Male,Yes,58.0,Yes,Engineer,7.0,Average,2.0,Cat_5,C
4892,Female,No,33.0,Yes,Entertainment,0.0,Low,,Cat_5,A
4893,Female,Yes,39.0,Yes,Executive,4.0,Average,3.0,Cat_4,B
4894,Male,,32.0,No,Doctor,7.0,High,3.0,Cat_4,B
4895,Male,Yes,66.0,Yes,Engineer,8.0,Low,3.0,Cat_5,D
4896,Male,,54.0,Yes,Engineer,5.0,High,3.0,Cat_4,C
4897,Female,No,25.0,No,Entertainment,3.0,Low,2.0,Cat_2,A
4898,Male,No,47.0,No,Lawyer,11.0,Average,3.0,Cat_7,D
4899,Male,Yes,43.0,Yes,Executive,10.0,High,2.0,Cat_6,C
4900,Female,Yes,46.0,Yes,Executive,6.0,Average,4.0,Cat_5,C
4901,Male,No,32.0,Yes,Artist,6.0,Average,3.0,Cat_5,B
4902,Male,Yes,46.0,Yes,Homemaker,8.0,Average,3.0,Cat_5,B
4903,Female,No,35.0,No,Doctor,0.0,Average,1.0,Cat_2,A
4904,Male,Yes,45.0,Yes,Engineer,10.0,High,7.0,Cat_3,D
4905,Female,Yes,61.0,Yes,Homemaker,9.0,Average,3.0,Cat_7,D
4906,Male,No,72.0,No,Executive,9.0,Average,3.0,Cat_7,D
4907,Male,Yes,37.0,Yes,Doctor,7.0,High,4.0,Cat_4,B
4908,Male,Yes,40.0,Yes,Engineer,7.0,High,2.0,Cat_6,C
4909,Male,No,60.0,Yes,Lawyer,5.0,High,4.0,Cat_7,C
4910,Male,No,40.0,Yes,Artist,7.0,Average,3.0,Cat_7,C
4911,Female,No,65.0,Yes,Entertainment,12.0,High,2.0,Cat_6,C
4912,Female,Yes,47.0,No,Marketing,8.0,Average,3.0,Cat_7,D
4913,Male,Yes,45.0,Yes,Executive,11.0,High,3.0,Cat_6,C
4914,Female,No,26.0,Yes,Entertainment,3.0,Average,2.0,Cat_2,A
4915,Male,No,35.0,Yes,Healthcare,4.0,High,1.0,Cat_5,A
4916,Male,Yes,45.0,Yes,Executive,14.0,High,3.0,Cat_5,C
4917,Male,Yes,78.0,Yes,Healthcare,10.0,Low,3.0,Cat_5,D
4918,Female,No,50.0,,Engineer,3.0,Low,3.0,Cat_5,B
4919,Male,Yes,46.0,Yes,Artist,9.0,Average,2.0,Cat_5,B
4920,Male,Yes,34.0,Yes,Healthcare,3.0,Average,3.0,Cat_4,B
4921,Female,No,50.0,Yes,Doctor,14.0,High,3.0,Cat_6,C
4922,Male,Yes,56.0,Yes,Lawyer,9.0,Average,4.0,Cat_6,D
4923,Female,Yes,47.0,No,Entertainment,11.0,Low,,Cat_7,D
4924,Female,No,40.0,Yes,Entertainment,9.0,Average,2.0,Cat_5,B
4925,Male,Yes,75.0,Yes,Executive,9.0,Low,6.0,Cat_2,D
4926,Male,Yes,61.0,No,Engineer,9.0,Average,,Cat_7,D
4927,Male,Yes,61.0,Yes,Engineer,7.0,Average,4.0,Cat_2,C
4928,Female,No,21.0,No,Homemaker,,Low,1.0,Cat_1,A
4929,Female,Yes,45.0,Yes,Artist,12.0,Average,6.0,Cat_3,D
4930,Female,No,25.0,Yes,Engineer,0.0,Average,1.0,Cat_1,A
4931,Female,Yes,70.0,No,Executive,10.0,Average,4.0,Cat_4,D
4932,Female,Yes,52.0,Yes,Healthcare,14.0,Average,6.0,Cat_3,D
4933,Female,Yes,58.0,Yes,Homemaker,11.0,High,4.0,Cat_5,C
4934,Female,Yes,21.0,Yes,Homemaker,4.0,Low,2.0,Cat_6,A
4935,Female,No,34.0,No,Lawyer,9.0,Low,2.0,Cat_3,B
4936,Male,No,41.0,No,Homemaker,3.0,Average,2.0,Cat_4,B
4937,Male,Yes,72.0,No,Lawyer,,Low,7.0,Cat_6,D
4938,Male,No,21.0,Yes,Artist,4.0,Low,1.0,Cat_6,A
4939,Female,No,23.0,No,Artist,2.0,Low,,Cat_7,A
4940,Male,No,26.0,No,Homemaker,3.0,Low,1.0,Cat_6,A
4941,Male,No,22.0,No,Healthcare,2.0,Average,2.0,Cat_7,A
4942,Male,No,22.0,,Artist,4.0,Average,2.0,Cat_1,A
4943,Female,,42.0,,Engineer,6.0,Average,4.0,Cat_5,B
4944,Female,Yes,45.0,Yes,Doctor,12.0,High,2.0,Cat_2,C
4945,Female,No,33.0,Yes,Lawyer,,Low,1.0,Cat_5,A
4946,Female,No,26.0,No,Homemaker,2.0,Low,1.0,Cat_3,A
4947,Male,Yes,64.0,Yes,Artist,13.0,High,4.0,Cat_7,D
4948,Male,Yes,61.0,Yes,Executive,,High,4.0,Cat_2,C
4949,Male,No,32.0,Yes,Entertainment,4.0,Low,1.0,Cat_4,A
4950,Male,Yes,22.0,Yes,Engineer,,Low,1.0,Cat_3,A
4951,Male,No,40.0,No,Artist,12.0,High,3.0,Cat_5,C
4952,Female,Yes,57.0,Yes,Engineer,8.0,High,3.0,Cat_2,D
4953,Female,Yes,49.0,Yes,Engineer,9.0,High,3.0,Cat_3,C
4954,Male,Yes,51.0,Yes,Healthcare,12.0,High,2.0,Cat_6,C
4955,Female,,18.0,Yes,Homemaker,3.0,Low,1.0,Cat_2,A
4956,Female,No,23.0,,Entertainment,1.0,Average,1.0,Cat_5,A
4957,Male,Yes,50.0,Yes,Entertainment,9.0,Average,4.0,Cat_3,C
4958,Female,Yes,60.0,Yes,Engineer,14.0,Average,3.0,Cat_6,D
4959,Male,Yes,53.0,Yes,Healthcare,10.0,High,3.0,Cat_5,C
4960,Female,Yes,80.0,Yes,Engineer,11.0,Average,3.0,Cat_4,D
4961,Male,No,32.0,Yes,Executive,9.0,High,4.0,Cat_7,B
4962,Female,No,21.0,Yes,Entertainment,,Low,,Cat_1,A
4963,Male,No,28.0,Yes,Doctor,2.0,Average,2.0,Cat_3,B
4964,Female,No,49.0,No,Artist,9.0,Average,2.0,Cat_3,B
4965,Male,Yes,75.0,Yes,Doctor,12.0,Low,4.0,Cat_2,D
4966,Male,Yes,46.0,No,Marketing,14.0,Average,5.0,Cat_7,D
4967,Male,No,42.0,Yes,Lawyer,,High,2.0,Cat_5,C
4968,Male,Yes,64.0,Yes,Doctor,8.0,High,4.0,Cat_2,C
4969,Female,Yes,32.0,No,Engineer,5.0,High,4.0,Cat_4,B
4970,Female,No,47.0,Yes,Lawyer,9.0,Average,4.0,Cat_5,D
4971,Female,Yes,59.0,Yes,Healthcare,8.0,High,2.0,Cat_4,C
4972,Male,Yes,56.0,Yes,Engineer,8.0,High,2.0,Cat_2,C
4973,Male,No,28.0,Yes,Marketing,,Average,2.0,Cat_5,B
4974,Female,No,21.0,No,Homemaker,4.0,Average,2.0,Cat_1,A
4975,Male,Yes,49.0,No,Healthcare,11.0,High,2.0,Cat_6,C
4976,Male,No,28.0,No,Homemaker,2.0,Low,2.0,Cat_2,A
4977,Male,No,19.0,No,Healthcare,2.0,Low,1.0,Cat_7,A
4978,Male,No,66.0,Yes,Homemaker,13.0,Low,5.0,Cat_7,D
4979,Female,No,49.0,Yes,Healthcare,3.0,Average,4.0,Cat_5,B
4980,Female,Yes,33.0,Yes,Engineer,1.0,Average,2.0,Cat_1,A
4981,Male,Yes,73.0,No,Homemaker,,Average,5.0,Cat_4,D
4982,Male,No,46.0,No,Marketing,3.0,Average,2.0,Cat_4,B
4983,Male,No,26.0,No,Entertainment,3.0,Average,1.0,Cat_1,A
4984,Male,Yes,69.0,No,Artist,13.0,Low,5.0,Cat_4,D
4985,Male,No,44.0,Yes,Homemaker,4.0,Low,4.0,Cat_5,B
4986,Male,No,66.0,No,Executive,10.0,Low,4.0,Cat_7,D
4987,Female,Yes,66.0,Yes,Engineer,13.0,Low,3.0,Cat_3,D
4988,Female,No,20.0,No,Marketing,4.0,Low,2.0,Cat_5,A
4989,Male,Yes,50.0,Yes,Executive,,High,2.0,Cat_2,B
4990,Male,Yes,58.0,Yes,Healthcare,9.0,High,4.0,Cat_5,C
4991,Female,No,50.0,No,Marketing,11.0,Average,6.0,Cat_7,D
4992,Male,No,30.0,Yes,Homemaker,4.0,Low,4.0,Cat_5,B
4993,Male,Yes,71.0,Yes,Marketing,13.0,Low,7.0,Cat_7,D
4994,Male,Yes,51.0,No,Doctor,12.0,Low,5.0,Cat_5,D
4995,Female,No,22.0,Yes,Marketing,4.0,Average,2.0,Cat_4,A
4996,Male,No,35.0,No,Homemaker,2.0,Low,1.0,Cat_2,A
4997,Male,Yes,71.0,Yes,Entertainment,9.0,Average,3.0,Cat_7,D
4998,Female,No,25.0,No,Executive,1.0,Low,2.0,Cat_1,A
4999,Female,No,44.0,Yes,Engineer,9.0,Average,2.0,Cat_6,C
5000,Female,Yes,60.0,Yes,Executive,8.0,High,4.0,Cat_5,C
5001,Female,No,62.0,Yes,Doctor,11.0,Average,3.0,Cat_2,C
5002,Male,No,35.0,No,Doctor,0.0,Low,2.0,Cat_2,A
5003,Male,No,21.0,No,Artist,0.0,Low,2.0,Cat_2,A
5004,Male,No,34.0,,Homemaker,2.0,Low,2.0,Cat_2,A
5005,Female,Yes,57.0,No,Healthcare,14.0,Average,3.0,Cat_6,C
5006,Male,No,28.0,Yes,Healthcare,1.0,Average,2.0,Cat_2,A
5007,Male,Yes,31.0,Yes,Entertainment,3.0,Average,3.0,Cat_3,B
5008,Female,Yes,35.0,Yes,,13.0,High,2.0,Cat_7,C
5009,Male,No,22.0,No,Entertainment,,Average,2.0,Cat_2,A
5010,Female,Yes,75.0,Yes,Homemaker,13.0,High,3.0,Cat_7,D
5011,Female,Yes,45.0,Yes,Homemaker,14.0,Low,6.0,Cat_5,D
5012,Female,No,48.0,No,Homemaker,,Average,4.0,Cat_3,B
5013,Female,No,29.0,No,Homemaker,,Low,2.0,Cat_1,A
5014,Male,Yes,64.0,Yes,Artist,10.0,High,4.0,Cat_4,C
5015,Female,,50.0,No,Executive,13.0,Low,6.0,Cat_6,D
5016,Female,,50.0,,Executive,12.0,Low,,Cat_7,D
5017,Male,Yes,63.0,No,Doctor,10.0,Low,4.0,Cat_5,D
5018,Female,No,32.0,Yes,Lawyer,0.0,Average,2.0,Cat_6,A
5019,Male,Yes,33.0,Yes,Doctor,4.0,High,3.0,Cat_4,B
5020,Female,No,32.0,No,Homemaker,,Low,2.0,Cat_2,A
5021,Male,Yes,25.0,No,Artist,,Low,1.0,Cat_1,A
5022,Female,No,45.0,Yes,Healthcare,10.0,High,7.0,Cat_3,D
5023,Female,Yes,79.0,Yes,Healthcare,13.0,Low,3.0,Cat_7,D
5024,Female,Yes,50.0,No,Healthcare,,Average,3.0,Cat_3,B
5025,Male,Yes,61.0,No,Artist,9.0,Average,5.0,Cat_7,D
5026,Male,No,39.0,No,Executive,7.0,Average,2.0,Cat_4,B
5027,Male,No,54.0,Yes,Engineer,8.0,Low,3.0,Cat_1,C
5028,Male,Yes,41.0,Yes,Healthcare,2.0,Average,3.0,Cat_5,B
5029,Male,,47.0,Yes,Doctor,6.0,High,,Cat_6,C
5030,Male,Yes,78.0,Yes,Artist,9.0,Low,5.0,Cat_4,D
5031,Male,No,50.0,Yes,Lawyer,6.0,Low,2.0,Cat_4,B
5032,Male,No,37.0,No,Entertainment,2.0,Low,2.0,Cat_5,B
5033,Male,Yes,64.0,Yes,Engineer,8.0,High,4.0,Cat_3,D
5034,Female,Yes,59.0,,Homemaker,9.0,Average,5.0,Cat_7,D
5035,Male,Yes,43.0,No,Engineer,14.0,Low,3.0,Cat_6,C
5036,Female,Yes,49.0,Yes,Marketing,5.0,Average,4.0,Cat_1,B
5037,Male,No,59.0,No,Homemaker,14.0,Average,4.0,Cat_7,D
5038,Female,Yes,61.0,Yes,Healthcare,,High,4.0,Cat_4,C
5039,Female,Yes,80.0,Yes,Marketing,9.0,High,7.0,Cat_7,D
5040,Female,No,29.0,,Executive,8.0,Low,3.0,Cat_4,B
5041,Male,Yes,48.0,Yes,Homemaker,11.0,High,7.0,Cat_7,D
5042,Female,Yes,48.0,Yes,Homemaker,9.0,High,7.0,Cat_3,D
5043,Female,Yes,42.0,Yes,Lawyer,8.0,High,4.0,Cat_7,C
5044,Male,No,30.0,No,Entertainment,3.0,Average,1.0,Cat_1,A
5045,Male,Yes,52.0,No,Marketing,12.0,Low,2.0,Cat_7,C
5046,Male,Yes,45.0,No,Executive,6.0,Low,4.0,Cat_2,B
5047,Male,No,37.0,Yes,Lawyer,2.0,Average,4.0,Cat_4,B
5048,Male,Yes,57.0,Yes,Engineer,12.0,High,4.0,Cat_5,C
5049,Male,Yes,28.0,Yes,Entertainment,1.0,Average,2.0,Cat_4,A
5050,Female,No,49.0,Yes,Engineer,6.0,High,4.0,,C
5051,Female,Yes,78.0,Yes,Homemaker,11.0,Average,5.0,Cat_7,D
5052,Male,No,26.0,No,Marketing,3.0,Low,1.0,Cat_2,A
5053,Female,No,24.0,No,Marketing,0.0,Average,1.0,Cat_3,A
5054,Male,No,35.0,No,Artist,,Low,1.0,,A
5055,Male,Yes,53.0,Yes,Lawyer,12.0,High,4.0,Cat_2,C
5056,Male,,18.0,No,Artist,1.0,Low,2.0,Cat_1,A
5057,Male,Yes,47.0,No,Homemaker,7.0,Average,,Cat_4,B
5058,Female,Yes,32.0,No,Doctor,0.0,Low,1.0,Cat_1,A
5059,Male,No,25.0,,Homemaker,0.0,Low,1.0,Cat_1,A
5060,Female,No,41.0,Yes,Executive,9.0,Average,2.0,Cat_3,B
5061,Male,No,35.0,No,Artist,3.0,Low,,Cat_3,A
5062,Male,Yes,63.0,No,Artist,14.0,High,2.0,Cat_4,C
5063,Male,Yes,32.0,Yes,Engineer,4.0,High,2.0,Cat_3,B
5064,Female,No,28.0,No,Healthcare,8.0,High,,Cat_5,B
5065,Male,No,23.0,No,Marketing,2.0,Low,2.0,Cat_2,A
5066,Male,Yes,30.0,Yes,Entertainment,2.0,Average,4.0,Cat_3,B
5067,Female,No,46.0,Yes,Engineer,5.0,High,2.0,Cat_6,C
5068,Female,No,63.0,Yes,Artist,14.0,Low,6.0,Cat_7,D
5069,Male,Yes,34.0,Yes,Entertainment,1.0,Average,1.0,Cat_2,A
5070,Female,Yes,33.0,Yes,Engineer,9.0,Average,4.0,Cat_3,B
5071,Female,No,46.0,Yes,Healthcare,4.0,Average,3.0,Cat_2,B
5072,Female,Yes,63.0,Yes,Doctor,,Average,4.0,Cat_2,C
5073,Male,No,38.0,No,Entertainment,2.0,Low,3.0,Cat_3,B
5074,Female,Yes,43.0,Yes,Engineer,3.0,Average,4.0,Cat_4,B
5075,Female,Yes,42.0,Yes,Marketing,8.0,Average,4.0,Cat_1,B
5076,Male,Yes,65.0,Yes,Entertainment,9.0,Average,5.0,Cat_5,D
5077,Female,Yes,40.0,Yes,Executive,5.0,Average,2.0,Cat_4,B
5078,Female,No,22.0,No,Doctor,1.0,Low,1.0,Cat_3,A
5079,Male,No,52.0,Yes,Engineer,13.0,Average,3.0,Cat_2,D
5080,Male,No,32.0,Yes,Homemaker,4.0,Average,3.0,Cat_7,B
5081,Male,Yes,43.0,Yes,Marketing,10.0,High,3.0,Cat_1,C
5082,Male,Yes,51.0,Yes,Homemaker,6.0,High,2.0,Cat_5,C
5083,Male,Yes,35.0,No,Doctor,7.0,High,3.0,Cat_5,C
5084,Male,Yes,26.0,No,Engineer,4.0,Low,2.0,Cat_4,A
5085,Male,Yes,55.0,No,Homemaker,,High,2.0,Cat_7,C
5086,Female,No,29.0,No,Entertainment,,Low,2.0,Cat_2,A
5087,Female,Yes,34.0,Yes,Executive,2.0,Low,3.0,Cat_3,B
5088,Male,Yes,27.0,Yes,Entertainment,3.0,Low,2.0,Cat_2,A
5089,Male,Yes,55.0,Yes,Lawyer,,High,6.0,Cat_7,D
5090,Female,Yes,55.0,Yes,Homemaker,13.0,Low,7.0,Cat_7,D
5091,Male,No,43.0,No,Healthcare,6.0,High,2.0,Cat_4,B
5092,Female,No,18.0,No,Executive,2.0,Average,1.0,Cat_2,A
5093,Female,Yes,43.0,No,Doctor,9.0,Average,2.0,Cat_4,B
5094,Male,No,33.0,No,Marketing,2.0,Average,1.0,Cat_1,A
5095,Male,No,33.0,Yes,Engineer,0.0,Low,2.0,Cat_2,A
5096,Male,No,35.0,Yes,Artist,11.0,Average,3.0,Cat_5,C
5097,Male,No,44.0,No,Executive,2.0,High,,Cat_4,B
5098,Female,Yes,35.0,No,Healthcare,1.0,Average,1.0,Cat_2,A
5099,Female,Yes,45.0,Yes,Homemaker,8.0,Low,4.0,Cat_7,D
5100,Female,Yes,37.0,Yes,Engineer,5.0,High,4.0,Cat_3,B
5101,Male,Yes,28.0,Yes,Healthcare,3.0,High,3.0,Cat_2,B
5102,Male,No,28.0,Yes,Healthcare,,Average,2.0,Cat_2,B
5103,Female,Yes,30.0,No,Entertainment,0.0,Average,1.0,Cat_1,A
5104,Male,No,56.0,Yes,Executive,11.0,High,2.0,Cat_5,C
5105,Female,Yes,41.0,Yes,Engineer,7.0,High,3.0,Cat_7,C
5106,Female,No,22.0,Yes,Artist,4.0,Low,1.0,Cat_4,A
5107,Male,Yes,41.0,No,Artist,8.0,Average,2.0,Cat_5,B
5108,Male,No,26.0,Yes,Healthcare,2.0,Low,2.0,Cat_5,A
5109,Male,No,52.0,Yes,Marketing,,Average,4.0,Cat_1,C
5110,Male,Yes,45.0,Yes,Doctor,9.0,Average,3.0,Cat_2,C
5111,Male,No,48.0,Yes,Artist,6.0,High,4.0,Cat_1,C
5112,Female,Yes,43.0,No,Executive,6.0,Low,2.0,Cat_3,B
5113,Female,No,75.0,Yes,Marketing,13.0,Average,4.0,Cat_4,D
5114,Female,No,48.0,Yes,Doctor,7.0,Average,2.0,Cat_4,B
5115,Male,No,29.0,,Healthcare,3.0,Low,1.0,Cat_1,A
5116,Female,Yes,63.0,Yes,Marketing,8.0,Low,,Cat_6,D
5117,Male,No,39.0,Yes,Entertainment,13.0,Average,2.0,Cat_1,C
5118,Female,No,22.0,Yes,Doctor,2.0,Low,2.0,Cat_4,A
5119,Female,Yes,60.0,,Artist,13.0,Average,4.0,Cat_6,C
5120,Female,Yes,51.0,,Homemaker,12.0,Low,4.0,Cat_6,D
5121,Male,Yes,53.0,Yes,Healthcare,12.0,High,3.0,Cat_7,C
5122,Female,Yes,60.0,No,Artist,13.0,Low,5.0,Cat_3,D
5123,Male,Yes,62.0,Yes,Entertainment,8.0,Average,6.0,Cat_7,D
5124,Female,Yes,59.0,Yes,Lawyer,14.0,High,,Cat_6,C
5125,Female,Yes,46.0,Yes,Doctor,8.0,Average,2.0,Cat_4,B
5126,Female,Yes,59.0,Yes,Lawyer,14.0,High,2.0,Cat_2,C
5127,Female,No,31.0,No,Executive,2.0,High,3.0,Cat_4,B
5128,Female,No,61.0,Yes,Homemaker,14.0,Low,7.0,Cat_7,D
5129,Male,Yes,48.0,Yes,Doctor,9.0,Low,3.0,Cat_7,D
5130,Male,No,31.0,No,Homemaker,7.0,Average,3.0,Cat_2,B
5131,Female,No,36.0,Yes,Marketing,10.0,Average,4.0,Cat_4,C
5132,Male,Yes,64.0,Yes,Artist,11.0,Average,2.0,Cat_5,C
5133,Male,Yes,36.0,Yes,Executive,2.0,Average,4.0,Cat_2,B
5134,Male,Yes,43.0,Yes,Artist,7.0,Low,3.0,Cat_3,B
5135,Female,Yes,59.0,No,Healthcare,11.0,High,4.0,Cat_6,D
5136,Male,No,29.0,Yes,Lawyer,1.0,Average,1.0,Cat_2,A
5137,Male,Yes,53.0,Yes,Executive,13.0,High,2.0,Cat_1,C
5138,Female,No,47.0,Yes,Executive,8.0,Average,4.0,Cat_3,B
5139,Female,Yes,47.0,Yes,Artist,14.0,Low,7.0,Cat_4,D
5140,Female,No,38.0,Yes,Lawyer,12.0,High,4.0,Cat_5,C
5141,Male,No,46.0,Yes,Healthcare,2.0,Average,2.0,Cat_4,B
5142,Male,Yes,49.0,Yes,Lawyer,4.0,Low,3.0,Cat_3,B
5143,Male,No,36.0,Yes,Healthcare,12.0,High,4.0,Cat_4,C
5144,Female,Yes,53.0,Yes,Homemaker,10.0,Average,7.0,Cat_4,D
5145,Male,No,38.0,Yes,Doctor,3.0,Average,2.0,Cat_4,B
5146,Male,No,49.0,Yes,Homemaker,5.0,Average,3.0,Cat_3,B
5147,Male,Yes,61.0,Yes,Healthcare,12.0,High,3.0,Cat_5,C
5148,Male,Yes,34.0,No,Lawyer,,Average,3.0,Cat_6,B
5149,Male,Yes,65.0,Yes,Homemaker,5.0,Low,3.0,Cat_6,C
5150,Male,No,21.0,No,Homemaker,0.0,Low,1.0,Cat_2,A
5151,Male,Yes,20.0,Yes,Lawyer,,Low,2.0,Cat_5,A
5152,Female,Yes,54.0,No,Executive,8.0,Average,5.0,Cat_7,D
5153,Female,No,59.0,No,Doctor,14.0,Low,3.0,Cat_1,D
5154,Male,No,55.0,Yes,Lawyer,8.0,High,7.0,Cat_5,D
5155,Male,Yes,72.0,Yes,Lawyer,11.0,High,5.0,Cat_7,D
5156,Male,No,31.0,No,Lawyer,4.0,High,1.0,Cat_7,A
5157,Male,Yes,75.0,Yes,Healthcare,12.0,Average,6.0,Cat_1,D
5158,Male,No,70.0,Yes,Healthcare,13.0,High,3.0,Cat_5,D
5159,Female,No,24.0,No,Marketing,0.0,Low,2.0,Cat_1,A
5160,Female,Yes,36.0,Yes,Healthcare,14.0,High,2.0,Cat_2,C
5161,Female,Yes,49.0,No,Entertainment,6.0,Low,3.0,Cat_3,B
5162,Female,No,18.0,No,Homemaker,4.0,Low,2.0,Cat_6,A
5163,Female,Yes,51.0,,Homemaker,6.0,High,2.0,Cat_3,C
5164,Male,Yes,35.0,Yes,Healthcare,11.0,High,2.0,Cat_3,C
5165,Male,No,33.0,,,2.0,Low,2.0,Cat_2,A
5166,Female,Yes,44.0,Yes,Doctor,10.0,Average,2.0,Cat_2,C
5167,Male,Yes,50.0,Yes,Doctor,5.0,Average,3.0,Cat_3,B
5168,Male,Yes,76.0,No,Marketing,10.0,Low,6.0,Cat_4,D
5169,Male,No,24.0,Yes,Artist,1.0,Low,2.0,Cat_5,A
5170,Female,Yes,45.0,,Doctor,11.0,Low,4.0,,D
5171,Male,Yes,36.0,Yes,Entertainment,2.0,Average,3.0,Cat_4,B
5172,Male,No,25.0,Yes,Healthcare,2.0,Average,1.0,Cat_4,A
5173,Male,Yes,45.0,No,Executive,9.0,Average,6.0,Cat_2,D
5174,Male,Yes,52.0,Yes,Marketing,12.0,Low,5.0,Cat_4,D
5175,Male,Yes,70.0,No,Lawyer,14.0,Low,6.0,Cat_7,D
5176,Male,Yes,41.0,Yes,Engineer,,High,,,C
5177,Female,No,29.0,No,,0.0,Low,1.0,Cat_1,A
5178,Male,No,35.0,,Engineer,5.0,Average,3.0,Cat_3,B
5179,Male,Yes,47.0,Yes,Healthcare,11.0,Average,3.0,Cat_5,C
5180,Female,No,21.0,Yes,Engineer,1.0,Low,2.0,Cat_2,A
5181,Male,No,52.0,No,Engineer,14.0,High,3.0,Cat_6,C
5182,Female,Yes,62.0,No,Engineer,8.0,High,2.0,Cat_5,C
5183,Male,Yes,46.0,Yes,Marketing,7.0,Low,3.0,Cat_3,B
5184,Male,Yes,65.0,No,Homemaker,9.0,Low,7.0,Cat_3,D
5185,Female,Yes,33.0,No,Entertainment,7.0,Average,2.0,Cat_3,B
5186,Male,Yes,29.0,Yes,Doctor,6.0,Average,4.0,Cat_5,B
5187,Male,No,34.0,Yes,Homemaker,2.0,Low,2.0,Cat_1,A
5188,Female,No,29.0,No,Executive,2.0,Average,1.0,Cat_3,A
5189,Male,Yes,73.0,Yes,Lawyer,14.0,Low,,Cat_4,D
5190,Male,No,44.0,No,Artist,6.0,Average,3.0,Cat_3,B
5191,Male,Yes,47.0,No,Homemaker,14.0,Low,4.0,Cat_7,D
5192,Male,No,58.0,Yes,Executive,12.0,Low,5.0,Cat_6,D
5193,Male,Yes,54.0,Yes,Marketing,13.0,Average,,Cat_6,C
5194,Male,No,51.0,Yes,Executive,12.0,Low,4.0,Cat_5,C
5195,Female,No,18.0,No,Homemaker,1.0,Low,2.0,Cat_2,A
5196,Male,No,22.0,No,Homemaker,1.0,Average,2.0,Cat_3,A
5197,Male,Yes,58.0,Yes,Lawyer,14.0,High,7.0,Cat_7,D
5198,Female,No,52.0,Yes,Doctor,7.0,Low,4.0,Cat_6,C
5199,Female,Yes,53.0,No,Lawyer,,High,4.0,Cat_5,C
5200,Female,No,29.0,No,Artist,1.0,Low,1.0,Cat_4,A
5201,Male,No,60.0,Yes,Lawyer,14.0,Low,6.0,Cat_6,D
5202,Female,Yes,34.0,Yes,Lawyer,3.0,High,2.0,Cat_4,B
5203,Male,Yes,70.0,Yes,Executive,9.0,Average,3.0,Cat_6,D
5204,Female,No,26.0,Yes,Artist,3.0,Low,1.0,Cat_2,A
5205,Male,No,50.0,Yes,Homemaker,13.0,Average,4.0,,D
5206,Female,Yes,44.0,Yes,Healthcare,3.0,High,3.0,Cat_5,B
5207,Male,Yes,52.0,Yes,Entertainment,11.0,Average,4.0,Cat_5,C
5208,Male,Yes,34.0,No,Homemaker,8.0,High,2.0,Cat_6,B
5209,Male,No,40.0,No,Doctor,7.0,Average,2.0,Cat_2,B
5210,Male,Yes,49.0,Yes,Artist,10.0,High,2.0,Cat_7,C
5211,Female,Yes,35.0,Yes,Executive,0.0,Average,2.0,Cat_2,A
5212,Female,Yes,41.0,Yes,Doctor,6.0,High,2.0,Cat_4,C
5213,Female,,31.0,No,Executive,0.0,Average,,Cat_1,A
5214,Male,Yes,39.0,No,Engineer,4.0,Average,4.0,Cat_4,B
5215,Female,No,29.0,Yes,Artist,0.0,Low,2.0,Cat_5,A
5216,Male,No,38.0,Yes,Healthcare,6.0,Average,4.0,Cat_4,B
5217,Male,Yes,60.0,Yes,Lawyer,14.0,Average,2.0,Cat_3,C
5218,Male,Yes,66.0,Yes,Lawyer,,Low,3.0,Cat_7,D
5219,Female,No,67.0,Yes,Doctor,13.0,Low,,Cat_6,D
5220,Male,Yes,49.0,Yes,Homemaker,8.0,High,5.0,Cat_7,D
5221,Male,Yes,43.0,Yes,Lawyer,12.0,High,2.0,Cat_6,C
5222,Female,No,25.0,No,Homemaker,4.0,Low,1.0,Cat_4,A
5223,Female,Yes,34.0,,Artist,6.0,Average,3.0,Cat_2,B
5224,Female,No,50.0,Yes,Lawyer,9.0,High,3.0,Cat_5,C
5225,Male,No,43.0,Yes,Artist,8.0,Average,2.0,Cat_3,B
5226,Male,Yes,36.0,Yes,Engineer,7.0,High,3.0,Cat_5,C
5227,Female,Yes,61.0,Yes,Lawyer,10.0,Low,4.0,Cat_1,D
5228,Male,No,29.0,,Healthcare,5.0,Low,2.0,Cat_1,B
5229,Male,Yes,41.0,Yes,Doctor,10.0,Low,2.0,Cat_3,C
5230,Female,No,30.0,Yes,Executive,2.0,Low,2.0,Cat_7,A
5231,Female,Yes,23.0,No,Engineer,4.0,Low,,Cat_5,A
5232,Male,Yes,35.0,Yes,Executive,5.0,High,3.0,Cat_6,C
5233,Male,No,67.0,Yes,Engineer,8.0,Average,4.0,Cat_7,D
5234,Female,Yes,49.0,Yes,Executive,5.0,High,3.0,Cat_6,C
5235,Female,Yes,45.0,No,Engineer,8.0,Low,2.0,Cat_4,B
5236,Female,Yes,72.0,No,Homemaker,8.0,Low,4.0,Cat_4,D
5237,Female,Yes,36.0,Yes,Marketing,13.0,High,3.0,Cat_5,C
5238,Male,No,30.0,Yes,Artist,,Low,2.0,Cat_3,B
5239,Male,No,23.0,Yes,Engineer,4.0,Low,2.0,Cat_3,A
5240,Female,No,45.0,Yes,Marketing,11.0,Low,2.0,Cat_6,C
5241,Female,Yes,65.0,Yes,Executive,12.0,Average,2.0,Cat_4,C
5242,Female,Yes,63.0,Yes,Executive,11.0,High,3.0,Cat_6,C
5243,Female,Yes,39.0,No,Engineer,8.0,Low,3.0,Cat_4,B
5244,Female,Yes,51.0,Yes,Healthcare,10.0,Low,7.0,Cat_2,D
5245,Male,Yes,71.0,Yes,Lawyer,9.0,Average,4.0,Cat_2,D
5246,Male,Yes,57.0,Yes,Doctor,13.0,Average,6.0,Cat_6,D
5247,Male,No,51.0,Yes,Entertainment,11.0,High,4.0,Cat_4,C
5248,Female,Yes,46.0,No,Marketing,8.0,Average,4.0,Cat_6,D
5249,Female,Yes,40.0,Yes,Doctor,8.0,Average,4.0,Cat_4,B
5250,Male,Yes,50.0,No,Executive,14.0,Average,3.0,Cat_6,D
5251,Female,No,48.0,No,Engineer,4.0,Low,4.0,Cat_1,B
5252,Male,Yes,46.0,Yes,Healthcare,14.0,High,3.0,Cat_7,C
5253,Male,Yes,70.0,Yes,Lawyer,14.0,High,6.0,Cat_7,D
5254,Female,Yes,54.0,Yes,Entertainment,,Average,5.0,Cat_7,D
5255,Female,No,34.0,No,Entertainment,0.0,Average,2.0,Cat_2,A
5256,Male,Yes,24.0,No,Artist,2.0,Low,1.0,Cat_2,A
5257,Male,Yes,56.0,Yes,Engineer,14.0,High,6.0,Cat_6,D
5258,Female,Yes,78.0,Yes,Healthcare,13.0,Average,7.0,Cat_7,D
5259,Male,Yes,59.0,No,Artist,8.0,Low,5.0,Cat_5,D
5260,Male,No,56.0,No,Doctor,10.0,Low,5.0,Cat_5,D
5261,Female,Yes,33.0,No,Homemaker,4.0,Average,1.0,Cat_1,A
5262,Male,No,30.0,Yes,Doctor,4.0,Average,4.0,Cat_2,B
5263,Female,No,30.0,No,Healthcare,2.0,Average,2.0,Cat_5,A
5264,Male,Yes,69.0,No,Engineer,11.0,High,7.0,Cat_5,D
5265,Female,No,55.0,Yes,Healthcare,12.0,High,3.0,Cat_7,C
5266,Female,Yes,47.0,Yes,Homemaker,,Average,4.0,Cat_4,B
5267,Female,Yes,44.0,Yes,Engineer,7.0,High,4.0,Cat_6,C
5268,Female,No,51.0,No,Engineer,13.0,High,2.0,Cat_1,C
5269,Male,Yes,50.0,Yes,Marketing,9.0,Average,3.0,Cat_4,B
5270,Male,Yes,76.0,Yes,Lawyer,10.0,Average,4.0,Cat_7,D
5271,Male,No,19.0,No,Artist,1.0,Low,2.0,Cat_1,A
5272,Male,No,30.0,Yes,Homemaker,1.0,Average,2.0,Cat_3,A
5273,Male,No,28.0,No,Homemaker,5.0,Low,4.0,Cat_2,B
5274,Female,Yes,52.0,Yes,Doctor,,Average,,,D
5275,Female,No,35.0,Yes,Marketing,3.0,Low,2.0,Cat_1,A
5276,Male,No,20.0,,Engineer,0.0,Low,2.0,Cat_6,A
5277,Male,No,30.0,Yes,Executive,3.0,Low,2.0,Cat_5,A
5278,Male,Yes,62.0,No,Lawyer,11.0,Average,4.0,Cat_3,D
5279,Female,Yes,50.0,Yes,Executive,12.0,High,4.0,Cat_6,C
5280,Male,Yes,54.0,Yes,Engineer,10.0,Average,4.0,Cat_5,C
5281,Male,Yes,79.0,Yes,Entertainment,8.0,Average,7.0,Cat_3,D
5282,Female,Yes,41.0,Yes,Marketing,11.0,High,3.0,Cat_1,C
5283,Female,No,45.0,Yes,Entertainment,2.0,Average,3.0,Cat_5,B
5284,Male,No,24.0,No,Marketing,1.0,Average,1.0,Cat_7,A
5285,Male,No,23.0,No,Entertainment,1.0,Low,1.0,Cat_2,A
5286,Female,No,26.0,No,Artist,,Low,1.0,Cat_3,A
5287,Female,Yes,47.0,Yes,Healthcare,4.0,Average,3.0,Cat_1,B
5288,Male,No,29.0,No,Artist,1.0,Average,2.0,Cat_2,A
5289,Female,Yes,69.0,No,Executive,,Low,3.0,Cat_7,D
5290,Male,No,34.0,Yes,Marketing,0.0,Low,1.0,Cat_1,A
5291,Female,No,19.0,Yes,Engineer,0.0,Average,1.0,Cat_3,A
5292,Male,Yes,28.0,Yes,Healthcare,2.0,High,3.0,Cat_4,B
5293,Male,Yes,80.0,No,Homemaker,14.0,Average,4.0,Cat_4,D
5294,Male,Yes,20.0,No,Homemaker,4.0,Average,2.0,Cat_6,A
5295,Male,Yes,46.0,,Doctor,,Low,4.0,Cat_7,C
5296,Male,Yes,50.0,Yes,Lawyer,8.0,High,2.0,Cat_5,C
5297,Female,No,38.0,Yes,Lawyer,11.0,Average,3.0,Cat_6,C
5298,Male,Yes,37.0,Yes,Artist,2.0,Average,,Cat_2,B
5299,Male,No,42.0,Yes,Executive,,High,4.0,Cat_5,C
5300,Female,No,30.0,Yes,Artist,4.0,Low,1.0,Cat_1,A
5301,Male,Yes,68.0,No,Lawyer,9.0,Average,4.0,Cat_3,D
5302,Female,No,21.0,No,Homemaker,1.0,Low,1.0,,A
5303,Female,No,26.0,Yes,Artist,3.0,High,2.0,Cat_2,A
5304,Male,Yes,74.0,Yes,Artist,8.0,Low,4.0,Cat_4,D
5305,Female,Yes,55.0,Yes,Artist,8.0,Low,5.0,Cat_3,D
5306,Female,Yes,20.0,Yes,Artist,2.0,Low,2.0,Cat_3,A
5307,Female,No,28.0,No,Homemaker,7.0,Low,4.0,Cat_5,B
5308,Male,Yes,55.0,Yes,Entertainment,10.0,Low,7.0,Cat_6,D
5309,Male,Yes,60.0,Yes,Executive,12.0,High,3.0,Cat_5,C
5310,Female,Yes,35.0,Yes,Doctor,12.0,High,4.0,Cat_5,C
5311,Male,Yes,77.0,Yes,Homemaker,11.0,Average,5.0,Cat_7,D
5312,Male,No,22.0,Yes,Entertainment,3.0,Low,1.0,Cat_3,A
5313,Female,Yes,53.0,No,Executive,13.0,Low,3.0,Cat_1,D
5314,Male,No,47.0,No,Executive,10.0,High,5.0,Cat_5,D
5315,Male,No,45.0,Yes,Executive,3.0,High,2.0,Cat_7,B
5316,Male,Yes,33.0,No,Marketing,6.0,Average,3.0,Cat_3,B
5317,Male,Yes,48.0,No,Entertainment,4.0,Average,3.0,Cat_3,B
5318,Female,No,18.0,No,Entertainment,,Low,1.0,Cat_6,A
5319,Female,No,32.0,No,Artist,,Low,2.0,Cat_1,A
5320,Male,Yes,48.0,Yes,Entertainment,4.0,Average,4.0,Cat_2,B
5321,Female,Yes,50.0,Yes,Lawyer,5.0,High,4.0,Cat_6,C
5322,Male,No,47.0,No,Artist,2.0,High,2.0,Cat_5,B
5323,Male,Yes,61.0,Yes,Lawyer,11.0,High,4.0,Cat_7,D
5324,Female,Yes,55.0,Yes,Doctor,14.0,Low,4.0,Cat_7,D
5325,Female,No,41.0,Yes,Executive,7.0,High,,Cat_6,C
5326,Female,No,38.0,Yes,Entertainment,4.0,Average,2.0,Cat_4,B
5327,Female,Yes,38.0,No,Artist,,Average,3.0,Cat_3,B
5328,Female,No,29.0,No,Entertainment,0.0,Low,1.0,Cat_1,A
5329,Female,No,24.0,No,Homemaker,3.0,Low,1.0,Cat_5,A
5330,Male,No,42.0,Yes,Homemaker,5.0,High,4.0,Cat_4,B
5331,Female,No,65.0,No,Artist,8.0,Average,3.0,Cat_3,C
5332,Female,No,21.0,No,Artist,3.0,Low,1.0,Cat_5,A
5333,Female,No,55.0,Yes,Lawyer,6.0,High,4.0,Cat_6,C
5334,Female,Yes,25.0,No,Marketing,0.0,Low,2.0,Cat_1,A
5335,Male,Yes,65.0,Yes,Doctor,12.0,Average,7.0,Cat_6,D
5336,Male,Yes,59.0,Yes,Engineer,12.0,High,2.0,Cat_5,C
5337,Male,No,47.0,Yes,Homemaker,10.0,Average,4.0,Cat_5,D
5338,Male,Yes,56.0,No,Doctor,12.0,Average,7.0,Cat_7,D
5339,Female,,59.0,Yes,Marketing,,Low,7.0,Cat_2,D
5340,Male,No,49.0,No,Homemaker,9.0,Average,3.0,Cat_4,B
5341,Female,Yes,61.0,Yes,Doctor,13.0,Low,5.0,Cat_7,D
5342,Male,Yes,62.0,Yes,Healthcare,14.0,Average,7.0,Cat_6,D
5343,Male,No,40.0,Yes,Entertainment,8.0,Average,3.0,Cat_6,C
5344,Female,No,44.0,Yes,Executive,5.0,High,4.0,Cat_3,C
5345,Female,Yes,34.0,No,Executive,8.0,Average,4.0,Cat_6,B
5346,Male,Yes,48.0,Yes,Homemaker,6.0,Average,3.0,Cat_5,B
5347,Male,Yes,60.0,No,Healthcare,12.0,Average,5.0,Cat_5,D
5348,Male,Yes,42.0,Yes,Artist,4.0,High,4.0,Cat_2,B
5349,Male,Yes,57.0,No,Engineer,11.0,Average,6.0,Cat_6,D
5350,Female,Yes,42.0,Yes,Homemaker,7.0,Average,3.0,Cat_3,B
5351,Female,No,27.0,Yes,Lawyer,2.0,Average,2.0,Cat_4,A
5352,Female,Yes,21.0,Yes,Executive,4.0,Low,1.0,Cat_5,A
5353,Male,Yes,42.0,No,Executive,4.0,Average,3.0,Cat_3,B
5354,Female,Yes,35.0,,Engineer,13.0,High,3.0,Cat_5,C
5355,Male,No,26.0,No,Executive,2.0,Low,1.0,Cat_2,A
5356,Male,No,58.0,Yes,Entertainment,9.0,Low,5.0,Cat_7,D
5357,Female,Yes,50.0,Yes,Entertainment,14.0,High,2.0,Cat_4,C
5358,Female,No,20.0,Yes,Homemaker,2.0,Low,2.0,Cat_6,A
5359,Female,,38.0,No,Marketing,6.0,Average,3.0,Cat_2,C
5360,Female,Yes,65.0,Yes,Marketing,9.0,High,2.0,Cat_2,C
5361,Female,No,19.0,Yes,Executive,0.0,Low,1.0,Cat_4,A
5362,Male,No,24.0,Yes,Artist,0.0,Low,2.0,Cat_6,A
5363,Female,No,35.0,No,Artist,2.0,Average,1.0,Cat_5,A
5364,Female,No,41.0,Yes,Artist,8.0,Average,4.0,Cat_4,C
5365,Female,Yes,60.0,No,Healthcare,8.0,High,3.0,Cat_6,D
5366,Male,No,28.0,No,Doctor,2.0,Low,2.0,Cat_4,A
5367,Male,No,30.0,No,Marketing,0.0,Low,1.0,Cat_2,A
5368,Female,Yes,66.0,No,Homemaker,14.0,Average,6.0,Cat_7,D
5369,Female,No,50.0,Yes,Doctor,11.0,High,2.0,Cat_2,C
5370,Female,No,44.0,Yes,Lawyer,2.0,Average,2.0,Cat_3,B
5371,Female,Yes,43.0,Yes,Engineer,8.0,High,3.0,Cat_4,C
5372,Male,No,32.0,No,Marketing,1.0,Average,1.0,Cat_1,A
5373,Male,Yes,57.0,Yes,Lawyer,9.0,Average,4.0,Cat_4,C
5374,Male,No,31.0,Yes,Marketing,2.0,Low,1.0,,A
5375,Male,No,63.0,Yes,Engineer,13.0,High,4.0,Cat_5,C
5376,Male,No,36.0,,Healthcare,7.0,Low,,Cat_5,B
5377,Male,Yes,68.0,Yes,Artist,11.0,Average,3.0,Cat_6,D
5378,Female,Yes,35.0,,Entertainment,9.0,High,2.0,Cat_3,B
5379,Female,No,23.0,No,Entertainment,4.0,Low,1.0,Cat_2,A
5380,Female,Yes,74.0,,Homemaker,8.0,Average,4.0,Cat_6,D
5381,Female,Yes,77.0,No,Healthcare,9.0,Low,7.0,Cat_7,D
5382,Male,Yes,77.0,Yes,Executive,13.0,Low,6.0,Cat_5,D
5383,Male,Yes,56.0,Yes,Doctor,10.0,High,2.0,Cat_4,C
5384,Male,Yes,75.0,Yes,Executive,8.0,Low,6.0,Cat_6,D
5385,Female,No,35.0,,Entertainment,3.0,Average,1.0,Cat_2,A
5386,Female,Yes,73.0,Yes,Homemaker,12.0,Average,7.0,Cat_5,D
5387,Male,Yes,38.0,No,Doctor,4.0,Average,2.0,Cat_1,B
5388,Male,,62.0,Yes,Engineer,5.0,High,4.0,Cat_5,C
5389,Male,Yes,49.0,Yes,Homemaker,11.0,High,3.0,Cat_3,D
5390,Male,Yes,80.0,No,Healthcare,12.0,Average,6.0,Cat_4,D
5391,Male,Yes,74.0,Yes,Engineer,14.0,High,6.0,Cat_6,D
5392,Male,No,32.0,Yes,Marketing,4.0,Low,2.0,Cat_2,A
5393,Female,Yes,37.0,Yes,Doctor,13.0,High,3.0,Cat_6,C
5394,Male,Yes,52.0,Yes,Healthcare,11.0,High,5.0,Cat_7,D
5395,Female,Yes,75.0,No,Homemaker,10.0,High,6.0,,D
5396,Female,No,49.0,Yes,Engineer,11.0,High,2.0,Cat_4,C
5397,Female,Yes,55.0,Yes,Lawyer,8.0,High,2.0,Cat_4,C
5398,Female,Yes,77.0,Yes,Executive,14.0,Average,3.0,Cat_5,D
5399,Female,Yes,56.0,Yes,Entertainment,11.0,Low,7.0,Cat_6,D
5400,Male,Yes,42.0,Yes,Artist,2.0,Average,4.0,Cat_3,B
5401,Male,Yes,48.0,Yes,Healthcare,10.0,High,2.0,Cat_6,C
5402,Male,Yes,50.0,Yes,Executive,8.0,High,6.0,Cat_7,D
5403,Female,Yes,73.0,No,Marketing,10.0,Average,3.0,Cat_7,D
5404,Male,Yes,34.0,No,Lawyer,,High,2.0,Cat_3,B
5405,Female,Yes,62.0,No,Entertainment,10.0,High,3.0,Cat_6,D
5406,Female,Yes,42.0,,Executive,6.0,Average,2.0,Cat_7,B
5407,Male,Yes,30.0,No,Healthcare,4.0,Low,2.0,Cat_1,A
5408,Female,Yes,44.0,Yes,Entertainment,4.0,Average,2.0,Cat_6,B
5409,Female,Yes,30.0,Yes,Doctor,9.0,Low,3.0,Cat_5,B
5410,Male,No,51.0,,Homemaker,13.0,Average,4.0,Cat_6,C
5411,Female,Yes,40.0,Yes,Artist,5.0,High,4.0,Cat_5,C
5412,Male,Yes,63.0,No,Entertainment,9.0,Low,7.0,Cat_6,D
5413,Male,Yes,73.0,Yes,Engineer,11.0,High,3.0,Cat_6,D
5414,Female,Yes,40.0,Yes,Entertainment,5.0,Average,3.0,,B
5415,Male,Yes,59.0,No,Executive,14.0,Average,4.0,Cat_6,D
5416,Male,,49.0,No,Marketing,7.0,Average,4.0,Cat_1,B
5417,Male,No,40.0,No,Engineer,3.0,High,4.0,Cat_7,B
5418,Male,Yes,35.0,Yes,Engineer,7.0,Low,2.0,Cat_7,C
5419,Female,Yes,56.0,Yes,Engineer,6.0,High,3.0,Cat_3,C
5420,Male,No,28.0,No,Homemaker,2.0,Low,2.0,Cat_2,A
5421,Female,Yes,46.0,Yes,Healthcare,5.0,Average,2.0,Cat_4,B
5422,Female,Yes,29.0,No,Engineer,3.0,High,4.0,Cat_4,B
5423,Male,No,27.0,No,Marketing,1.0,Average,2.0,Cat_1,A
5424,Female,Yes,42.0,Yes,Doctor,2.0,Low,3.0,Cat_2,B
5425,Female,No,41.0,No,Healthcare,5.0,High,2.0,Cat_5,B
5426,Female,Yes,37.0,Yes,Engineer,12.0,High,2.0,,C
5427,Female,Yes,76.0,No,Marketing,8.0,Average,,Cat_1,D
5428,Female,Yes,66.0,Yes,Homemaker,11.0,Average,3.0,Cat_6,D
5429,Female,No,51.0,Yes,Marketing,14.0,Low,7.0,Cat_3,D
5430,Female,Yes,59.0,Yes,Entertainment,10.0,Average,2.0,Cat_5,C
5431,Female,Yes,62.0,No,Engineer,9.0,Average,3.0,Cat_7,D
5432,Male,No,43.0,Yes,Healthcare,2.0,High,2.0,Cat_3,B
5433,Male,No,69.0,No,Doctor,10.0,High,6.0,Cat_2,D
5434,Male,Yes,50.0,Yes,Healthcare,10.0,Average,,Cat_6,D
5435,Female,Yes,26.0,No,Executive,0.0,Average,1.0,Cat_1,A
5436,Female,Yes,39.0,Yes,Homemaker,7.0,Low,2.0,Cat_3,B
5437,Male,Yes,54.0,Yes,Homemaker,8.0,Low,5.0,Cat_6,D
5438,Female,No,39.0,Yes,Doctor,9.0,High,4.0,Cat_4,C
5439,Female,Yes,38.0,Yes,Artist,7.0,Low,3.0,Cat_6,B
5440,Male,Yes,42.0,No,Artist,5.0,Low,4.0,Cat_3,B
5441,Male,Yes,63.0,,Marketing,9.0,Low,7.0,Cat_4,D
5442,Female,Yes,47.0,No,Executive,12.0,Average,6.0,,D
5443,Male,No,60.0,No,Marketing,11.0,Low,6.0,,D
5444,Female,No,22.0,No,Engineer,2.0,Low,2.0,Cat_3,A
5445,Male,Yes,43.0,No,Lawyer,6.0,Average,2.0,Cat_4,B
5446,Male,Yes,63.0,Yes,Doctor,9.0,Low,5.0,Cat_7,D
5447,Male,Yes,63.0,Yes,Engineer,6.0,Average,4.0,Cat_2,C
5448,Male,No,78.0,Yes,Artist,11.0,Average,5.0,Cat_7,D
5449,Female,No,30.0,No,Entertainment,0.0,Low,1.0,Cat_4,A
5450,Male,Yes,43.0,Yes,,11.0,Average,4.0,Cat_3,C
5451,Female,Yes,45.0,Yes,Entertainment,7.0,Average,2.0,Cat_5,C
5452,Male,Yes,62.0,Yes,Marketing,14.0,Average,3.0,Cat_6,D
5453,Female,Yes,37.0,Yes,Lawyer,14.0,High,2.0,Cat_7,C
5454,Male,No,31.0,No,Engineer,3.0,Low,1.0,Cat_7,A
5455,Female,No,39.0,Yes,Homemaker,5.0,Average,3.0,Cat_6,B
5456,Female,Yes,31.0,Yes,Doctor,2.0,Average,2.0,Cat_5,A
5457,Male,Yes,21.0,Yes,Entertainment,1.0,Average,2.0,Cat_1,A
5458,Male,Yes,64.0,Yes,Artist,11.0,Average,4.0,Cat_7,D
5459,Male,Yes,68.0,Yes,Marketing,13.0,Average,5.0,Cat_7,D
5460,Female,No,61.0,Yes,Healthcare,8.0,High,3.0,Cat_3,C
5461,Male,Yes,41.0,Yes,Engineer,2.0,High,2.0,Cat_2,B
5462,Female,Yes,58.0,Yes,Executive,11.0,High,3.0,Cat_1,C
5463,Female,Yes,43.0,Yes,Marketing,8.0,Low,4.0,Cat_2,B
5464,Female,No,34.0,No,Executive,4.0,Average,2.0,Cat_2,A
5465,Male,Yes,43.0,No,Marketing,,Low,2.0,Cat_4,B
5466,Female,,35.0,No,Homemaker,4.0,Average,2.0,Cat_6,B
5467,Female,Yes,36.0,No,Artist,7.0,High,2.0,Cat_3,C
5468,Female,No,21.0,No,Marketing,3.0,Average,2.0,Cat_4,A
5469,Male,Yes,62.0,Yes,Healthcare,9.0,Average,6.0,Cat_5,D
5470,Female,Yes,58.0,Yes,Entertainment,8.0,Low,7.0,Cat_4,D
5471,Female,Yes,28.0,No,Healthcare,1.0,Low,1.0,Cat_2,A
5472,Male,No,30.0,No,Homemaker,0.0,Low,2.0,Cat_1,A
5473,Male,No,35.0,No,Healthcare,9.0,Average,3.0,Cat_2,B
5474,Male,Yes,37.0,Yes,Marketing,12.0,High,3.0,Cat_7,C
5475,Male,No,27.0,No,Homemaker,3.0,High,1.0,Cat_2,A
5476,Male,No,33.0,Yes,Healthcare,4.0,Average,2.0,Cat_1,A
5477,Female,No,71.0,,Marketing,13.0,Low,3.0,Cat_6,D
5478,Female,Yes,63.0,No,Marketing,8.0,Low,4.0,Cat_3,D
5479,Female,Yes,50.0,Yes,Marketing,2.0,Average,2.0,Cat_3,B
5480,Female,Yes,30.0,No,Doctor,2.0,Low,2.0,Cat_4,B
5481,Female,Yes,36.0,Yes,Executive,10.0,High,3.0,Cat_6,C
5482,Female,Yes,34.0,Yes,Lawyer,2.0,Average,2.0,Cat_5,A
5483,Female,Yes,50.0,Yes,Entertainment,14.0,High,3.0,Cat_5,C
5484,Female,No,34.0,No,Entertainment,1.0,Low,1.0,Cat_1,A
5485,Female,Yes,64.0,Yes,Artist,6.0,Average,4.0,Cat_4,C
5486,Female,Yes,33.0,Yes,Entertainment,2.0,Low,1.0,Cat_1,A
5487,Female,No,31.0,No,Healthcare,3.0,Low,,Cat_5,A
5488,Male,No,35.0,Yes,Engineer,7.0,Low,3.0,Cat_6,C
5489,Male,Yes,20.0,No,Entertainment,4.0,Low,1.0,Cat_2,A
5490,Female,No,50.0,No,Healthcare,7.0,Average,4.0,Cat_5,B
5491,Male,,65.0,No,Healthcare,10.0,High,3.0,Cat_6,C
5492,Male,Yes,45.0,Yes,Lawyer,14.0,Average,3.0,Cat_6,D
5493,Female,No,40.0,Yes,Executive,7.0,Average,2.0,,B
5494,Male,No,43.0,No,Lawyer,3.0,Average,4.0,Cat_6,B
5495,Male,Yes,43.0,Yes,Doctor,13.0,High,4.0,Cat_7,C
5496,Male,No,49.0,Yes,Homemaker,5.0,Average,4.0,Cat_2,C
5497,Male,Yes,43.0,No,Artist,9.0,Average,3.0,Cat_4,C
5498,Male,Yes,37.0,No,Healthcare,4.0,Average,4.0,Cat_4,B
5499,Male,Yes,29.0,Yes,Homemaker,2.0,Low,1.0,Cat_2,A
5500,Female,No,59.0,Yes,Doctor,14.0,High,3.0,Cat_6,C
5501,Male,No,37.0,Yes,Doctor,3.0,Low,3.0,Cat_3,B
5502,Male,No,22.0,Yes,Homemaker,0.0,Low,2.0,Cat_2,A
5503,Female,Yes,37.0,No,Entertainment,4.0,Average,3.0,Cat_3,B
5504,Female,No,44.0,Yes,Lawyer,12.0,Average,2.0,Cat_3,C
5505,Female,No,61.0,No,Doctor,13.0,Low,3.0,Cat_5,D
5506,Male,Yes,48.0,Yes,Entertainment,8.0,Average,5.0,Cat_5,D
5507,Male,No,44.0,Yes,Homemaker,7.0,Average,2.0,Cat_4,B
5508,Female,Yes,49.0,Yes,Executive,8.0,Low,4.0,Cat_7,B
5509,Male,Yes,49.0,Yes,Lawyer,,Average,3.0,Cat_6,D
5510,Male,Yes,76.0,Yes,Engineer,14.0,Average,7.0,Cat_2,D
5511,Male,No,50.0,No,Executive,12.0,Average,,Cat_6,D
5512,Female,,58.0,Yes,Executive,10.0,High,2.0,Cat_6,C
5513,Female,Yes,74.0,Yes,Healthcare,14.0,Low,5.0,Cat_7,D
5514,Male,No,64.0,Yes,Entertainment,9.0,High,2.0,Cat_1,C
5515,Male,Yes,39.0,Yes,Engineer,,High,3.0,Cat_6,C
5516,Female,No,21.0,No,Engineer,1.0,Low,1.0,Cat_1,A
5517,Female,No,28.0,Yes,Healthcare,1.0,Low,1.0,Cat_5,A
5518,Female,No,27.0,Yes,Homemaker,0.0,Average,1.0,Cat_1,A
5519,Female,Yes,44.0,No,Lawyer,4.0,Average,2.0,Cat_5,B
5520,Female,No,22.0,No,Entertainment,2.0,Low,1.0,Cat_1,A
5521,Female,Yes,71.0,No,Entertainment,13.0,Average,5.0,Cat_5,D
5522,Male,No,30.0,No,Artist,3.0,Low,1.0,Cat_3,A
5523,Female,Yes,47.0,Yes,Engineer,12.0,Low,6.0,Cat_1,D
5524,Male,No,30.0,No,Marketing,0.0,Low,1.0,Cat_3,A
5525,Male,No,31.0,Yes,Homemaker,8.0,Low,3.0,Cat_1,B
5526,Female,Yes,33.0,Yes,Artist,5.0,High,2.0,Cat_1,B
5527,Female,No,50.0,Yes,Marketing,9.0,Average,6.0,Cat_6,D
5528,Female,Yes,33.0,No,Executive,4.0,Average,2.0,Cat_2,B
5529,Male,Yes,18.0,No,Entertainment,1.0,Low,2.0,Cat_2,A
5530,Male,Yes,61.0,No,Artist,14.0,Average,,Cat_7,D
5531,Female,Yes,61.0,Yes,Doctor,7.0,High,2.0,Cat_3,C
5532,Male,Yes,29.0,Yes,Executive,2.0,Low,3.0,Cat_6,B
5533,Female,No,35.0,Yes,Doctor,7.0,Low,4.0,Cat_7,B
5534,Male,Yes,40.0,Yes,Artist,3.0,Low,2.0,Cat_1,B
5535,Female,Yes,31.0,No,Engineer,9.0,High,3.0,Cat_6,B
5536,Female,Yes,52.0,No,Doctor,9.0,Average,7.0,Cat_6,D
5537,Female,No,29.0,No,Doctor,3.0,Average,1.0,Cat_7,A
5538,Female,Yes,45.0,Yes,Entertainment,8.0,High,2.0,Cat_6,C
5539,Male,Yes,60.0,Yes,Engineer,11.0,High,2.0,Cat_4,C
5540,Male,No,19.0,Yes,Entertainment,1.0,Low,2.0,Cat_1,A
5541,Female,Yes,49.0,No,Lawyer,9.0,Average,4.0,Cat_7,D
5542,Male,,69.0,Yes,Doctor,,Low,3.0,Cat_7,D
5543,Male,No,39.0,Yes,Doctor,8.0,Average,4.0,Cat_5,B
5544,Male,No,25.0,No,,1.0,Low,1.0,Cat_2,A
5545,Male,Yes,63.0,No,Healthcare,13.0,Average,6.0,Cat_7,D
5546,Male,Yes,64.0,Yes,Doctor,9.0,High,3.0,Cat_6,C
5547,Female,Yes,54.0,Yes,Doctor,8.0,Average,4.0,Cat_5,C
5548,Male,Yes,56.0,Yes,Healthcare,12.0,Low,6.0,Cat_7,D
5549,Female,No,30.0,Yes,Marketing,3.0,Low,2.0,Cat_2,A
5550,Female,No,57.0,Yes,Marketing,12.0,High,2.0,Cat_7,C
5551,Male,Yes,50.0,Yes,Artist,8.0,Average,4.0,Cat_2,C
5552,Male,Yes,75.0,No,Engineer,8.0,High,7.0,Cat_3,D
5553,Male,Yes,63.0,No,Marketing,12.0,Average,4.0,Cat_7,D
5554,Female,Yes,21.0,Yes,Homemaker,2.0,Low,2.0,Cat_2,A
5555,Male,,46.0,Yes,Lawyer,7.0,Average,2.0,Cat_5,C
5556,Female,Yes,31.0,,Engineer,7.0,Average,3.0,Cat_3,B
5557,Female,No,62.0,No,Entertainment,9.0,Average,4.0,Cat_2,D
5558,Male,Yes,59.0,No,Entertainment,8.0,High,3.0,Cat_6,C
5559,Male,Yes,47.0,Yes,Doctor,12.0,High,4.0,Cat_6,C
5560,Male,No,33.0,No,Artist,,Average,1.0,Cat_3,A
5561,Female,No,29.0,No,Homemaker,1.0,Average,2.0,Cat_4,A
5562,Female,No,29.0,No,Marketing,0.0,Low,2.0,Cat_1,A
5563,Female,Yes,41.0,Yes,Doctor,12.0,High,3.0,Cat_5,C
5564,Male,Yes,48.0,Yes,Lawyer,5.0,Average,3.0,Cat_5,B
5565,Male,Yes,32.0,Yes,Doctor,3.0,Average,4.0,Cat_4,B
5566,Female,Yes,50.0,Yes,Executive,8.0,Average,,Cat_3,C
5567,Male,Yes,37.0,Yes,Entertainment,5.0,Average,4.0,Cat_3,B
5568,Male,,52.0,Yes,Healthcare,12.0,High,,Cat_4,D
5569,Female,,26.0,Yes,Lawyer,2.0,Low,2.0,Cat_2,A
5570,Female,Yes,39.0,Yes,Doctor,2.0,Average,2.0,Cat_1,B
5571,Female,Yes,30.0,No,Lawyer,4.0,Average,3.0,Cat_2,B
5572,Male,Yes,48.0,,Engineer,5.0,Low,2.0,Cat_5,B
5573,Male,Yes,31.0,Yes,Executive,4.0,Average,3.0,Cat_4,B
5574,Male,Yes,39.0,Yes,Lawyer,13.0,High,4.0,Cat_6,C
5575,Male,Yes,39.0,Yes,Lawyer,5.0,High,4.0,Cat_5,C
5576,Female,,18.0,Yes,Lawyer,0.0,Average,2.0,Cat_3,A
5577,Male,No,45.0,Yes,Executive,7.0,Average,2.0,Cat_6,C
5578,Male,No,27.0,No,Lawyer,3.0,Low,2.0,Cat_6,A
5579,Female,No,29.0,No,,0.0,Average,1.0,Cat_6,A
5580,Female,Yes,41.0,No,Healthcare,6.0,Low,2.0,Cat_5,B
5581,Female,Yes,71.0,Yes,Artist,12.0,Average,4.0,Cat_5,D
5582,Female,No,33.0,No,Homemaker,8.0,Average,3.0,Cat_1,B
5583,Male,Yes,29.0,Yes,Doctor,9.0,Average,2.0,Cat_2,B
5584,Female,No,25.0,No,Homemaker,4.0,Average,2.0,Cat_2,A
5585,Female,Yes,40.0,Yes,Executive,4.0,Average,3.0,Cat_4,B
5586,Female,,30.0,Yes,Homemaker,5.0,Low,,Cat_3,B
5587,Male,No,33.0,Yes,Homemaker,1.0,Average,1.0,Cat_2,A
5588,Male,,33.0,Yes,Artist,8.0,Average,2.0,Cat_3,B
5589,Female,Yes,32.0,No,Homemaker,2.0,Average,2.0,Cat_1,B
5590,Male,Yes,29.0,Yes,Entertainment,4.0,High,3.0,Cat_4,B
5591,Female,No,52.0,Yes,Engineer,11.0,High,2.0,Cat_1,C
5592,Female,,26.0,No,Homemaker,3.0,Low,1.0,Cat_1,A
5593,Male,Yes,62.0,Yes,Doctor,,Average,4.0,Cat_5,C
5594,Male,No,18.0,Yes,Healthcare,,Low,2.0,Cat_5,A
5595,Female,Yes,59.0,No,Homemaker,9.0,Average,3.0,Cat_6,D
5596,Female,Yes,29.0,No,Healthcare,5.0,Average,2.0,Cat_2,B
5597,Male,No,37.0,Yes,Executive,9.0,Average,3.0,Cat_3,B
5598,Male,No,19.0,No,Healthcare,,Average,1.0,Cat_2,A
5599,Female,Yes,51.0,Yes,Homemaker,8.0,Average,4.0,Cat_4,D
5600,Male,Yes,47.0,No,Doctor,,Low,6.0,Cat_4,D
5601,Male,No,54.0,Yes,Engineer,10.0,Low,2.0,Cat_6,C
5602,Male,No,47.0,No,Engineer,14.0,Low,5.0,Cat_7,D
5603,Female,Yes,68.0,Yes,Executive,9.0,Average,7.0,Cat_4,D
5604,Female,Yes,49.0,No,Lawyer,7.0,Low,4.0,Cat_3,B
5605,Male,No,22.0,No,Artist,3.0,Average,1.0,Cat_1,A
5606,Male,Yes,49.0,Yes,Healthcare,11.0,High,5.0,Cat_7,D
5607,Female,Yes,18.0,No,Homemaker,0.0,Low,1.0,Cat_1,A
5608,Male,,34.0,Yes,Homemaker,2.0,Low,2.0,Cat_6,A
5609,Male,No,34.0,No,Healthcare,2.0,High,3.0,Cat_5,B
5610,Female,Yes,49.0,Yes,Entertainment,14.0,Average,4.0,Cat_6,D
5611,Male,Yes,70.0,No,Homemaker,11.0,Average,4.0,Cat_6,D
5612,Male,Yes,20.0,No,Marketing,0.0,Low,1.0,Cat_1,A
5613,Male,No,24.0,No,Marketing,0.0,Average,1.0,Cat_3,A
5614,Male,Yes,65.0,Yes,Executive,14.0,High,4.0,Cat_6,C
5615,Female,Yes,48.0,Yes,Executive,,High,2.0,Cat_5,C
5616,Female,No,29.0,No,Entertainment,2.0,Average,2.0,Cat_6,A
5617,Male,No,22.0,No,Artist,1.0,Low,2.0,Cat_1,A
5618,Male,No,64.0,No,Doctor,5.0,Average,2.0,Cat_4,C
5619,Male,No,49.0,,Homemaker,6.0,Average,3.0,Cat_7,B
5620,Male,Yes,48.0,No,Marketing,8.0,Low,5.0,Cat_1,D
5621,Male,No,26.0,No,Executive,0.0,Low,1.0,Cat_4,A
5622,Male,Yes,64.0,Yes,Lawyer,12.0,Low,4.0,Cat_7,D
5623,Male,Yes,42.0,Yes,Executive,4.0,Low,2.0,Cat_3,B
5624,Male,Yes,79.0,Yes,Marketing,12.0,Low,3.0,Cat_7,D
5625,Female,Yes,55.0,No,Lawyer,11.0,Average,3.0,Cat_6,D
5626,Female,Yes,56.0,No,Lawyer,10.0,High,4.0,Cat_5,C
5627,Male,Yes,79.0,Yes,Engineer,14.0,Average,4.0,Cat_7,D
5628,Male,Yes,35.0,No,Entertainment,3.0,Average,2.0,Cat_7,B
5629,Male,Yes,66.0,,Lawyer,14.0,Low,7.0,Cat_7,D
5630,Female,No,29.0,No,Executive,4.0,Average,2.0,Cat_2,A
5631,Male,Yes,50.0,Yes,Engineer,11.0,High,2.0,Cat_5,C
5632,Male,Yes,71.0,No,Lawyer,14.0,Average,7.0,Cat_6,D
5633,Male,No,50.0,Yes,Lawyer,4.0,High,2.0,Cat_5,B
5634,Male,No,47.0,No,Entertainment,4.0,Average,2.0,Cat_2,B
5635,Male,Yes,30.0,Yes,Entertainment,6.0,Low,4.0,Cat_3,B
5636,Male,Yes,67.0,Yes,Engineer,13.0,Average,7.0,Cat_6,D
5637,Female,,35.0,Yes,Artist,0.0,Low,1.0,Cat_2,A
5638,Female,Yes,68.0,Yes,,8.0,Average,5.0,Cat_6,D
5639,Male,Yes,43.0,Yes,Entertainment,13.0,High,4.0,Cat_7,C
5640,Female,Yes,68.0,,Doctor,,Average,4.0,Cat_5,D
5641,Male,Yes,56.0,Yes,Healthcare,13.0,Average,2.0,Cat_5,C
5642,Male,Yes,54.0,Yes,Lawyer,9.0,High,4.0,Cat_6,C
5643,Male,Yes,64.0,No,Entertainment,14.0,Average,3.0,Cat_4,D
5644,Male,Yes,34.0,No,Doctor,3.0,Low,1.0,Cat_1,A
5645,Male,Yes,64.0,Yes,,9.0,Low,4.0,Cat_7,D
5646,Female,No,60.0,Yes,Artist,14.0,Low,4.0,Cat_7,D
5647,Female,Yes,52.0,No,Marketing,12.0,Average,3.0,Cat_3,D
5648,Female,Yes,62.0,Yes,Executive,8.0,High,7.0,Cat_4,D
5649,Female,No,42.0,No,Homemaker,9.0,Average,2.0,Cat_3,B
5650,Male,No,47.0,Yes,Engineer,8.0,Average,4.0,Cat_3,B
5651,Male,No,44.0,Yes,Lawyer,4.0,Average,3.0,Cat_2,B
5652,Male,Yes,59.0,Yes,Healthcare,7.0,High,4.0,Cat_5,C
5653,Male,Yes,47.0,Yes,Engineer,9.0,High,3.0,Cat_3,B
5654,Male,No,31.0,No,Homemaker,,Average,1.0,Cat_5,A
5655,Male,Yes,38.0,Yes,Healthcare,14.0,High,2.0,Cat_6,C
5656,Male,No,29.0,No,Homemaker,0.0,Low,1.0,Cat_7,A
5657,Female,Yes,69.0,Yes,Artist,10.0,Low,6.0,Cat_6,D
5658,Male,No,38.0,Yes,Healthcare,,High,2.0,Cat_2,C
5659,Female,No,18.0,No,Lawyer,3.0,Average,1.0,Cat_4,A
5660,Male,No,19.0,Yes,,2.0,Low,2.0,Cat_1,A
5661,Male,Yes,34.0,No,Homemaker,4.0,Low,1.0,Cat_2,A
5662,Female,No,33.0,Yes,Lawyer,3.0,Low,2.0,Cat_3,A
5663,Male,No,77.0,Yes,Homemaker,9.0,Average,3.0,Cat_7,D
5664,Female,Yes,46.0,Yes,Engineer,5.0,High,3.0,Cat_7,C
5665,Female,Yes,21.0,Yes,Homemaker,1.0,Low,2.0,Cat_5,A
5666,Female,No,50.0,No,Executive,9.0,Average,2.0,Cat_4,B
5667,Female,Yes,49.0,No,Executive,12.0,Low,3.0,Cat_7,D
5668,Male,No,46.0,Yes,Engineer,11.0,High,3.0,Cat_7,C
5669,Female,Yes,47.0,Yes,Engineer,9.0,High,4.0,Cat_4,C
5670,Male,Yes,68.0,No,Doctor,14.0,Low,5.0,Cat_7,D
5671,Female,Yes,55.0,No,Engineer,11.0,High,4.0,Cat_7,C
5672,Male,Yes,80.0,Yes,Executive,11.0,Low,3.0,Cat_2,D
5673,Female,Yes,30.0,No,Engineer,,Low,4.0,Cat_1,B
5674,Female,Yes,48.0,Yes,Healthcare,9.0,Average,,Cat_6,D
5675,Male,No,33.0,Yes,Entertainment,3.0,Low,2.0,Cat_1,A
5676,Female,Yes,50.0,,Engineer,6.0,Average,3.0,Cat_4,B
5677,Male,Yes,69.0,No,Executive,11.0,Low,3.0,Cat_6,D
5678,Female,No,46.0,Yes,Artist,,Average,3.0,Cat_3,B
5679,Male,Yes,69.0,No,Entertainment,8.0,Average,7.0,Cat_6,D
5680,Male,Yes,57.0,No,Homemaker,9.0,Average,6.0,Cat_7,D
5681,Male,No,19.0,Yes,Entertainment,4.0,Low,2.0,Cat_3,A
5682,Female,No,34.0,No,Executive,8.0,Average,2.0,Cat_3,B
5683,Male,No,45.0,No,Doctor,,Average,4.0,Cat_2,B
5684,Male,Yes,32.0,No,Entertainment,1.0,Low,2.0,Cat_2,A
5685,Male,Yes,38.0,No,Homemaker,6.0,High,3.0,Cat_2,C
5686,Female,No,21.0,No,Marketing,3.0,Low,1.0,Cat_1,A
5687,Male,No,19.0,Yes,Marketing,4.0,Average,1.0,Cat_1,A
5688,Female,No,30.0,No,Marketing,0.0,Low,2.0,Cat_4,A
5689,Male,Yes,72.0,Yes,Executive,12.0,Low,7.0,Cat_7,D
5690,Female,Yes,55.0,Yes,Lawyer,8.0,Average,3.0,Cat_7,C
5691,Female,Yes,48.0,Yes,Healthcare,9.0,High,3.0,,B
5692,Female,No,50.0,Yes,Marketing,7.0,Average,2.0,Cat_5,B
5693,Male,Yes,61.0,Yes,,,Low,2.0,Cat_6,C
5694,Female,No,26.0,Yes,Entertainment,4.0,Average,2.0,Cat_3,A
5695,Male,No,75.0,,Doctor,11.0,Low,3.0,Cat_6,D
5696,Male,No,35.0,,Healthcare,3.0,Average,2.0,Cat_3,A
5697,Female,Yes,32.0,Yes,Artist,1.0,Average,1.0,Cat_1,A
5698,Female,No,24.0,Yes,Entertainment,,Low,2.0,Cat_1,A
5699,Female,No,32.0,No,Healthcare,0.0,Low,1.0,Cat_1,A
5700,Female,Yes,50.0,No,Lawyer,3.0,Average,4.0,Cat_5,B
5701,Female,Yes,71.0,Yes,Homemaker,14.0,Low,6.0,Cat_7,D
5702,Male,No,33.0,No,Artist,0.0,Low,,Cat_2,A
5703,Female,Yes,57.0,Yes,Lawyer,12.0,Average,2.0,Cat_5,C
5704,Male,No,19.0,Yes,Artist,2.0,Average,2.0,Cat_2,A
5705,Male,No,23.0,No,Engineer,1.0,Low,1.0,Cat_6,A
5706,Male,Yes,80.0,No,Doctor,10.0,High,3.0,Cat_6,D
5707,Male,No,27.0,No,Lawyer,2.0,Average,2.0,Cat_1,A
5708,Female,No,23.0,Yes,Artist,4.0,Low,2.0,Cat_3,A
5709,Female,Yes,65.0,Yes,Healthcare,12.0,Low,6.0,Cat_6,D
5710,Female,Yes,25.0,Yes,Homemaker,3.0,Average,2.0,Cat_4,A
5711,Male,No,22.0,Yes,Artist,0.0,Low,2.0,Cat_2,A
5712,Male,Yes,41.0,No,Healthcare,4.0,Average,2.0,Cat_1,B
5713,Female,No,45.0,Yes,Healthcare,2.0,Average,2.0,Cat_1,B
5714,Female,Yes,36.0,Yes,Healthcare,3.0,Average,2.0,Cat_1,B
5715,Male,Yes,57.0,Yes,Marketing,10.0,Average,7.0,Cat_7,D
5716,Male,Yes,39.0,Yes,,4.0,Average,2.0,Cat_3,B
5717,Female,No,37.0,Yes,Executive,8.0,Low,4.0,Cat_4,B
5718,Female,No,28.0,No,Doctor,3.0,Low,1.0,Cat_4,A
5719,Female,No,18.0,No,Entertainment,1.0,Average,2.0,Cat_7,A
5720,Female,Yes,41.0,No,,6.0,Average,4.0,,B
5721,Male,No,18.0,No,Marketing,2.0,Average,1.0,Cat_2,A
5722,Female,No,80.0,No,Healthcare,9.0,Low,5.0,Cat_7,D
5723,Female,No,52.0,Yes,Lawyer,14.0,Average,4.0,Cat_6,C
5724,Female,Yes,56.0,No,Entertainment,13.0,Low,4.0,Cat_4,D
5725,Female,No,65.0,Yes,Engineer,6.0,Low,4.0,Cat_6,C
5726,Male,No,25.0,No,Engineer,2.0,Low,2.0,Cat_3,A
5727,Female,No,45.0,Yes,Homemaker,7.0,Low,3.0,Cat_3,B
5728,Male,No,30.0,No,Entertainment,1.0,Low,1.0,Cat_2,A
5729,Female,No,19.0,Yes,Engineer,0.0,Low,1.0,Cat_2,A
5730,Male,Yes,63.0,Yes,Healthcare,14.0,Low,3.0,Cat_7,D
5731,Male,Yes,45.0,No,,6.0,Average,4.0,Cat_7,B
5732,Male,,29.0,Yes,Lawyer,9.0,Average,2.0,Cat_5,B
5733,Male,Yes,56.0,Yes,Healthcare,11.0,Average,6.0,Cat_3,D
5734,Female,Yes,54.0,Yes,Healthcare,8.0,Average,4.0,Cat_6,C
5735,Male,Yes,44.0,No,Lawyer,9.0,Average,3.0,Cat_7,B
5736,Male,Yes,53.0,No,Entertainment,10.0,Average,4.0,Cat_6,D
5737,Female,No,43.0,Yes,Healthcare,10.0,High,2.0,Cat_4,C
5738,Male,No,60.0,No,Healthcare,14.0,Average,2.0,Cat_7,C
5739,Male,No,29.0,No,Healthcare,4.0,Low,1.0,Cat_2,A
5740,Female,Yes,59.0,Yes,Healthcare,,Average,3.0,Cat_3,C
5741,Female,Yes,80.0,,Executive,,Average,7.0,Cat_5,D
5742,Female,No,43.0,Yes,Engineer,,Average,2.0,Cat_4,B
5743,Male,No,24.0,No,Artist,2.0,Low,1.0,Cat_1,A
5744,Male,Yes,18.0,,Marketing,2.0,Low,1.0,Cat_2,A
5745,Female,Yes,39.0,No,Doctor,,Low,4.0,Cat_4,B
5746,Male,Yes,48.0,No,Marketing,10.0,Average,7.0,Cat_5,D
5747,Female,Yes,43.0,Yes,Artist,9.0,Average,4.0,Cat_5,B
5748,Female,,54.0,No,Lawyer,13.0,Average,7.0,Cat_5,D
5749,Male,No,39.0,No,Healthcare,8.0,Average,2.0,Cat_5,B
5750,Female,No,23.0,No,Artist,0.0,Low,2.0,Cat_2,A
5751,Male,Yes,36.0,Yes,Artist,9.0,Low,4.0,Cat_6,C
5752,Male,Yes,80.0,Yes,Lawyer,13.0,Average,,Cat_5,D
5753,Female,No,56.0,Yes,Healthcare,,High,4.0,Cat_5,C
5754,Female,No,27.0,Yes,Engineer,2.0,Low,2.0,Cat_1,A
5755,Female,Yes,71.0,Yes,Doctor,9.0,Low,4.0,Cat_7,D
5756,Female,Yes,44.0,Yes,Engineer,7.0,Low,2.0,Cat_6,C
5757,Male,No,25.0,No,Lawyer,2.0,Low,2.0,Cat_1,A
5758,Male,No,28.0,Yes,Healthcare,9.0,Average,4.0,Cat_5,B
5759,Male,Yes,57.0,Yes,Engineer,12.0,Average,2.0,Cat_5,C
5760,Female,Yes,36.0,Yes,Engineer,2.0,Average,3.0,Cat_5,B
5761,Female,No,33.0,No,Artist,,Average,2.0,Cat_5,B
5762,Male,No,30.0,Yes,Homemaker,,Average,3.0,Cat_3,B
5763,Male,No,32.0,No,Entertainment,3.0,Low,1.0,Cat_6,A
5764,Male,Yes,45.0,Yes,Doctor,8.0,Average,4.0,Cat_3,C
5765,Female,Yes,50.0,No,Entertainment,9.0,Average,7.0,Cat_7,D
5766,Male,Yes,25.0,No,Marketing,,Low,1.0,Cat_1,A
5767,Male,Yes,56.0,Yes,Doctor,14.0,Average,3.0,Cat_3,D
5768,Male,Yes,47.0,Yes,Healthcare,8.0,Average,2.0,Cat_5,C
5769,Female,Yes,37.0,Yes,Marketing,11.0,Average,3.0,Cat_5,C
5770,Male,Yes,40.0,No,Artist,5.0,High,4.0,Cat_4,B
5771,Female,Yes,46.0,No,Artist,7.0,Average,2.0,Cat_4,B
5772,Male,Yes,74.0,No,Doctor,14.0,Average,7.0,Cat_7,D
5773,Female,Yes,46.0,No,Healthcare,9.0,Average,3.0,Cat_6,D
5774,Male,Yes,64.0,Yes,Doctor,,Average,3.0,Cat_1,D
5775,Male,Yes,39.0,No,Engineer,8.0,Average,2.0,Cat_5,B
5776,Male,No,24.0,No,Artist,1.0,Low,1.0,Cat_7,A
5777,Male,Yes,42.0,No,Marketing,3.0,Low,,Cat_3,B
5778,Male,Yes,62.0,Yes,Marketing,8.0,Average,5.0,Cat_7,D
5779,Male,No,47.0,Yes,Doctor,10.0,High,2.0,Cat_6,C
5780,Female,No,25.0,Yes,Marketing,3.0,Low,2.0,Cat_5,A
5781,Male,No,46.0,Yes,Lawyer,12.0,High,2.0,Cat_6,C
5782,Female,No,35.0,Yes,Doctor,1.0,Average,1.0,Cat_1,A
5783,Male,Yes,36.0,Yes,Healthcare,5.0,High,4.0,Cat_2,C
5784,Male,Yes,41.0,Yes,Engineer,5.0,Low,3.0,Cat_2,B
5785,Female,No,61.0,Yes,Engineer,7.0,Average,3.0,Cat_6,C
5786,Male,No,28.0,Yes,Executive,3.0,Low,2.0,Cat_1,A
5787,Male,No,43.0,Yes,Healthcare,5.0,Low,4.0,Cat_4,B
5788,Male,No,21.0,No,Marketing,0.0,Low,2.0,Cat_2,A
5789,Male,Yes,76.0,No,Executive,8.0,Average,3.0,Cat_4,D
5790,Female,Yes,77.0,Yes,Homemaker,10.0,Low,4.0,Cat_7,D
5791,Female,No,45.0,Yes,Executive,4.0,Average,2.0,Cat_2,B
5792,Male,Yes,44.0,Yes,Lawyer,12.0,High,4.0,Cat_5,C
5793,Female,No,29.0,No,Homemaker,2.0,Low,2.0,Cat_3,A
5794,Female,Yes,65.0,Yes,Healthcare,9.0,High,2.0,Cat_3,C
5795,Female,Yes,28.0,No,Artist,2.0,Average,2.0,Cat_6,A
5796,Female,No,21.0,No,Artist,4.0,Average,2.0,Cat_2,A
5797,Female,Yes,49.0,Yes,Lawyer,9.0,Low,7.0,Cat_6,D
5798,Male,Yes,50.0,No,Healthcare,11.0,High,7.0,Cat_7,D
5799,Male,Yes,62.0,Yes,Doctor,9.0,Average,5.0,,D
5800,Male,Yes,57.0,No,Homemaker,10.0,High,3.0,Cat_4,D
5801,Male,No,34.0,No,Homemaker,3.0,Low,2.0,Cat_3,A
5802,Male,Yes,42.0,Yes,Entertainment,7.0,Average,3.0,Cat_3,B
5803,Female,Yes,65.0,Yes,Healthcare,8.0,Average,3.0,Cat_5,D
5804,Female,Yes,18.0,No,Lawyer,1.0,Average,1.0,Cat_1,A
5805,Female,Yes,31.0,No,Executive,0.0,Low,2.0,Cat_2,A
5806,Female,Yes,46.0,Yes,Doctor,7.0,Average,4.0,Cat_3,B
5807,Male,No,59.0,Yes,Doctor,8.0,High,4.0,Cat_4,C
5808,Male,No,29.0,No,Healthcare,3.0,Average,2.0,Cat_6,A
5809,Female,No,25.0,,Engineer,2.0,Low,2.0,Cat_1,A
5810,Male,No,60.0,Yes,Lawyer,12.0,High,4.0,Cat_6,C
5811,Male,Yes,65.0,Yes,Doctor,5.0,High,3.0,Cat_6,C
5812,Male,No,37.0,No,Doctor,,High,4.0,Cat_5,C
5813,Female,No,33.0,No,Marketing,4.0,Low,2.0,Cat_1,A
5814,Male,No,45.0,Yes,Doctor,,High,,Cat_5,B
5815,Female,,80.0,No,Entertainment,9.0,Average,3.0,Cat_4,D
5816,Female,No,50.0,Yes,Healthcare,9.0,Average,4.0,Cat_4,B
5817,Male,No,20.0,No,Engineer,1.0,Average,1.0,Cat_6,A
5818,Female,Yes,60.0,Yes,Healthcare,7.0,High,2.0,Cat_4,C
5819,Female,No,25.0,Yes,Healthcare,4.0,Average,1.0,Cat_6,A
5820,Male,No,27.0,,,0.0,Low,1.0,Cat_4,A
5821,Female,Yes,47.0,Yes,Lawyer,4.0,High,4.0,Cat_5,B
5822,Male,No,32.0,Yes,Engineer,1.0,Average,1.0,Cat_4,A
5823,Male,Yes,39.0,,Healthcare,5.0,High,3.0,Cat_3,B
5824,Female,Yes,50.0,Yes,Engineer,7.0,High,4.0,Cat_6,C
5825,Male,Yes,37.0,No,Artist,7.0,Average,3.0,Cat_6,B
5826,Male,No,32.0,Yes,Marketing,4.0,High,4.0,Cat_3,B
5827,Female,Yes,49.0,Yes,Healthcare,4.0,High,3.0,,B
5828,Female,Yes,24.0,No,Marketing,0.0,Average,1.0,Cat_4,A
5829,Female,Yes,62.0,Yes,Marketing,8.0,Low,6.0,Cat_3,D
5830,Female,No,48.0,Yes,Healthcare,8.0,Average,2.0,Cat_3,B
5831,Female,Yes,20.0,No,Marketing,4.0,Average,2.0,Cat_1,A
5832,Female,No,30.0,,Engineer,3.0,Average,4.0,Cat_4,B
5833,Male,Yes,61.0,Yes,Healthcare,7.0,High,3.0,Cat_5,C
5834,Male,No,32.0,Yes,Healthcare,4.0,High,1.0,Cat_4,A
5835,Female,Yes,45.0,Yes,Healthcare,7.0,Average,2.0,Cat_4,C
5836,Female,Yes,52.0,No,Executive,12.0,High,6.0,Cat_6,D
5837,Male,Yes,78.0,No,Homemaker,9.0,Average,4.0,Cat_7,D
5838,Female,Yes,50.0,Yes,Marketing,3.0,Average,4.0,Cat_3,B
5839,Male,Yes,41.0,Yes,Entertainment,8.0,Low,3.0,Cat_2,B
5840,Female,Yes,54.0,Yes,Homemaker,,Average,4.0,Cat_7,C
5841,Male,Yes,54.0,Yes,Doctor,11.0,High,2.0,Cat_7,C
5842,Female,Yes,52.0,Yes,Engineer,12.0,High,3.0,Cat_5,C
5843,Male,Yes,36.0,Yes,Lawyer,11.0,High,2.0,Cat_2,C
5844,Male,No,27.0,No,Homemaker,0.0,Low,1.0,Cat_2,A
5845,Male,Yes,73.0,Yes,Engineer,8.0,Average,4.0,Cat_4,D
5846,Female,No,33.0,No,Marketing,3.0,Low,1.0,Cat_2,A
5847,Male,Yes,57.0,Yes,Lawyer,10.0,High,6.0,Cat_6,D
5848,Male,Yes,61.0,Yes,Entertainment,10.0,Average,3.0,Cat_5,D
5849,Female,Yes,78.0,No,Engineer,11.0,Low,4.0,Cat_3,D
5850,Female,Yes,67.0,Yes,Entertainment,10.0,Average,4.0,Cat_6,D
5851,Female,No,31.0,Yes,Entertainment,1.0,Low,1.0,Cat_3,A
5852,Female,Yes,74.0,No,Engineer,11.0,Average,5.0,Cat_4,D
5853,Female,No,29.0,Yes,Entertainment,3.0,Low,,Cat_5,A
5854,Male,No,27.0,No,Entertainment,2.0,Low,1.0,Cat_6,A
5855,Male,Yes,44.0,No,Entertainment,6.0,Average,3.0,Cat_6,B
5856,Female,No,30.0,Yes,Entertainment,3.0,Low,2.0,Cat_4,A
5857,Male,Yes,60.0,Yes,Engineer,9.0,Low,6.0,Cat_6,D
5858,Female,Yes,43.0,Yes,Executive,14.0,High,4.0,Cat_2,C
5859,Male,No,31.0,No,Homemaker,4.0,Low,1.0,Cat_3,A
5860,Male,Yes,67.0,No,,14.0,Average,7.0,Cat_3,D
5861,Female,No,29.0,Yes,Artist,3.0,High,2.0,Cat_7,A
5862,Male,No,33.0,No,Entertainment,9.0,Low,3.0,Cat_3,B
5863,Male,Yes,75.0,Yes,Engineer,10.0,Low,7.0,Cat_4,D
5864,Male,Yes,20.0,No,Entertainment,0.0,Average,2.0,Cat_1,A
5865,Male,No,27.0,Yes,Homemaker,0.0,Low,2.0,Cat_3,A
5866,Female,No,31.0,Yes,Homemaker,0.0,Low,1.0,Cat_3,A
5867,Female,No,49.0,No,Homemaker,6.0,Average,4.0,Cat_3,B
5868,Male,No,28.0,Yes,Engineer,2.0,Average,3.0,Cat_1,B
5869,Female,Yes,49.0,Yes,Doctor,10.0,High,4.0,Cat_7,D
5870,Male,,24.0,Yes,Marketing,0.0,Low,2.0,Cat_1,A
5871,Male,No,26.0,No,Artist,1.0,Low,,Cat_2,A
5872,Male,No,28.0,,Executive,4.0,Low,2.0,Cat_4,A
5873,Female,Yes,69.0,No,Homemaker,14.0,Average,7.0,Cat_7,D
5874,Male,Yes,61.0,No,Doctor,6.0,Average,3.0,Cat_5,C
5875,Female,Yes,22.0,No,Homemaker,2.0,Average,1.0,,A
5876,Female,Yes,60.0,Yes,Entertainment,7.0,High,3.0,Cat_5,C
5877,Female,No,30.0,No,Healthcare,,Average,1.0,Cat_1,A
5878,Male,Yes,48.0,Yes,Executive,7.0,Average,4.0,Cat_5,B
5879,Female,,54.0,Yes,Lawyer,11.0,High,4.0,Cat_6,C
5880,Male,No,34.0,Yes,Entertainment,2.0,Average,3.0,Cat_3,B
5881,Male,No,23.0,No,Artist,0.0,Low,1.0,Cat_3,A
5882,Female,No,32.0,Yes,Marketing,4.0,Low,2.0,Cat_2,A
5883,Female,Yes,30.0,Yes,Marketing,,Average,3.0,Cat_4,B
5884,Male,No,40.0,Yes,Executive,8.0,Average,4.0,Cat_4,B
5885,Male,Yes,67.0,Yes,Healthcare,8.0,Average,5.0,Cat_6,D
5886,Female,No,32.0,No,Entertainment,1.0,Low,2.0,Cat_3,A
5887,Male,No,36.0,Yes,Lawyer,3.0,Average,4.0,Cat_3,B
5888,Female,Yes,67.0,Yes,Executive,12.0,Low,6.0,Cat_7,D
5889,Female,Yes,37.0,Yes,Healthcare,8.0,Average,4.0,Cat_5,B
5890,Male,No,31.0,No,,0.0,Low,1.0,Cat_1,A
5891,Female,Yes,54.0,Yes,Healthcare,7.0,High,2.0,Cat_6,C
5892,Male,No,21.0,No,Doctor,2.0,Low,1.0,Cat_3,A
5893,Female,Yes,71.0,No,Marketing,14.0,Average,4.0,Cat_7,D
5894,Male,Yes,36.0,Yes,Executive,8.0,Low,2.0,Cat_4,B
5895,Female,,59.0,No,Engineer,12.0,Average,4.0,Cat_6,C
5896,Female,Yes,80.0,Yes,Doctor,14.0,Low,7.0,Cat_6,D
5897,Male,No,24.0,Yes,Entertainment,4.0,Low,1.0,Cat_4,A
5898,Male,Yes,61.0,Yes,Homemaker,9.0,Average,7.0,Cat_6,D
5899,Female,Yes,52.0,Yes,Executive,11.0,High,3.0,Cat_5,C
5900,Female,Yes,28.0,Yes,Entertainment,3.0,Average,3.0,Cat_6,B
5901,Female,No,45.0,Yes,Homemaker,7.0,Average,3.0,Cat_3,B
5902,Female,Yes,28.0,Yes,Homemaker,2.0,Low,1.0,Cat_3,A
5903,Female,Yes,74.0,No,Engineer,8.0,Average,7.0,Cat_4,D
5904,Male,Yes,46.0,No,Executive,14.0,Low,5.0,Cat_3,D
5905,Female,No,24.0,Yes,Homemaker,4.0,Low,2.0,Cat_2,A
5906,Female,No,35.0,No,Executive,0.0,Low,2.0,Cat_4,A
5907,Female,No,64.0,No,Executive,12.0,High,5.0,Cat_4,D
5908,Male,Yes,49.0,No,Executive,7.0,Average,4.0,Cat_6,B
5909,Male,,48.0,Yes,Marketing,13.0,Average,5.0,Cat_5,D
5910,Female,No,19.0,No,Homemaker,1.0,Average,1.0,Cat_2,A
5911,Male,Yes,50.0,No,Engineer,10.0,Average,6.0,Cat_7,D
5912,Female,Yes,61.0,Yes,Engineer,11.0,Average,4.0,Cat_7,C
5913,Male,No,34.0,No,Healthcare,1.0,Low,2.0,Cat_2,A
5914,Male,No,26.0,No,Homemaker,4.0,Low,2.0,Cat_1,A
5915,Male,,54.0,Yes,Engineer,10.0,Average,3.0,Cat_2,C
5916,Female,No,29.0,Yes,Doctor,3.0,High,2.0,Cat_2,B
5917,Male,Yes,62.0,Yes,Executive,14.0,Average,6.0,Cat_7,D
5918,Female,Yes,75.0,Yes,Doctor,10.0,Average,7.0,Cat_7,D
5919,Male,Yes,57.0,Yes,Lawyer,8.0,Average,2.0,Cat_4,C
5920,Male,Yes,18.0,Yes,Entertainment,4.0,Average,2.0,,A
5921,Female,No,25.0,No,Homemaker,,Average,2.0,Cat_1,A
5922,Male,No,41.0,Yes,,5.0,Average,4.0,Cat_5,B
5923,Male,No,42.0,Yes,Homemaker,6.0,Low,,Cat_2,C
5924,Male,Yes,80.0,No,Executive,12.0,Average,5.0,Cat_7,D
5925,Male,Yes,32.0,No,Healthcare,4.0,Average,2.0,Cat_1,B
5926,Female,,42.0,Yes,Executive,6.0,Average,4.0,Cat_6,C
5927,Male,No,18.0,Yes,Artist,4.0,Low,2.0,Cat_2,A
5928,Male,No,21.0,Yes,Healthcare,4.0,Average,1.0,Cat_2,A
5929,Male,Yes,48.0,Yes,Executive,10.0,High,3.0,Cat_2,D
5930,Female,Yes,60.0,No,Homemaker,11.0,High,4.0,Cat_2,D
5931,Female,Yes,68.0,No,Homemaker,13.0,Average,3.0,Cat_7,D
5932,Male,Yes,67.0,Yes,Engineer,13.0,Average,7.0,Cat_3,D
5933,Male,Yes,76.0,No,Lawyer,10.0,Average,7.0,Cat_6,D
5934,Female,Yes,54.0,No,Artist,9.0,Low,6.0,Cat_7,D
5935,Female,No,27.0,No,Engineer,3.0,Low,2.0,Cat_2,A
5936,Male,No,27.0,Yes,Doctor,,Low,2.0,Cat_2,A
5937,Female,Yes,24.0,No,Homemaker,2.0,Low,2.0,Cat_2,A
5938,Male,No,53.0,Yes,Entertainment,13.0,Average,2.0,Cat_3,C
5939,Male,No,30.0,,Executive,5.0,Low,3.0,Cat_1,B
5940,Female,No,39.0,Yes,Artist,7.0,High,3.0,Cat_1,B
5941,Male,Yes,43.0,No,Healthcare,8.0,Average,4.0,Cat_2,B
5942,Female,Yes,28.0,No,Marketing,9.0,High,2.0,Cat_4,B
5943,Female,No,22.0,No,Entertainment,0.0,Low,2.0,,A
5944,Male,No,45.0,No,Healthcare,7.0,Low,2.0,Cat_1,B
5945,Female,No,53.0,Yes,Lawyer,7.0,High,2.0,Cat_3,C
5946,Female,No,32.0,No,Doctor,3.0,High,2.0,Cat_4,B
5947,Female,Yes,57.0,Yes,Engineer,9.0,High,,Cat_5,C
5948,Male,No,24.0,No,Healthcare,3.0,Low,1.0,Cat_4,A
5949,Male,Yes,55.0,Yes,Executive,12.0,Low,4.0,Cat_5,D
5950,Male,Yes,44.0,No,Engineer,12.0,High,4.0,Cat_5,C
5951,Female,Yes,48.0,Yes,Healthcare,6.0,Average,2.0,Cat_3,B
5952,Male,Yes,42.0,,Doctor,9.0,High,4.0,Cat_4,C
5953,Female,No,32.0,No,Marketing,,Average,1.0,Cat_3,A
5954,Female,No,22.0,No,Marketing,2.0,Low,2.0,Cat_1,A
5955,Female,Yes,28.0,Yes,Healthcare,0.0,Low,2.0,Cat_2,A
5956,Female,No,37.0,No,Artist,3.0,Average,2.0,Cat_3,B
5957,Male,No,46.0,Yes,Healthcare,6.0,Average,2.0,Cat_4,B
5958,Male,No,45.0,Yes,Engineer,7.0,Low,2.0,Cat_3,C
5959,Male,Yes,75.0,Yes,Engineer,8.0,Average,6.0,Cat_1,D
5960,Female,Yes,60.0,Yes,Artist,7.0,High,4.0,Cat_5,C
5961,Male,No,22.0,Yes,Artist,3.0,Low,1.0,Cat_2,A
5962,Male,No,34.0,Yes,Healthcare,7.0,Average,2.0,Cat_4,B
5963,Female,Yes,50.0,Yes,Artist,13.0,Low,,Cat_7,D
5964,Male,Yes,53.0,No,Entertainment,,High,5.0,Cat_6,D
5965,Male,,29.0,Yes,Executive,2.0,Low,1.0,Cat_3,A
5966,Male,No,28.0,No,Healthcare,2.0,Average,2.0,Cat_4,A
5967,Male,No,18.0,No,Doctor,0.0,Low,1.0,Cat_1,A
5968,Female,Yes,56.0,Yes,Healthcare,,High,4.0,Cat_7,D
5969,Female,No,27.0,Yes,Doctor,2.0,Low,2.0,Cat_3,A
5970,Female,No,30.0,Yes,Engineer,2.0,Low,2.0,Cat_4,A
5971,Male,No,38.0,No,Marketing,7.0,Low,2.0,Cat_5,B
5972,Female,Yes,31.0,Yes,Engineer,8.0,Average,4.0,Cat_7,B
5973,Female,,25.0,Yes,Executive,3.0,High,2.0,Cat_5,A
5974,Female,No,35.0,No,Healthcare,,Average,2.0,Cat_2,B
5975,Male,Yes,50.0,Yes,Marketing,,Average,3.0,Cat_6,D
5976,Male,Yes,45.0,Yes,Engineer,7.0,High,4.0,Cat_4,C
5977,Male,No,50.0,Yes,Homemaker,7.0,High,2.0,Cat_5,C
5978,Male,Yes,66.0,Yes,Doctor,12.0,Average,6.0,Cat_4,D
5979,Female,Yes,50.0,No,Executive,11.0,Average,4.0,,C
5980,Male,Yes,41.0,,Doctor,8.0,Low,2.0,Cat_5,B
5981,Female,Yes,79.0,Yes,Executive,12.0,Average,4.0,Cat_4,D
5982,Female,Yes,45.0,Yes,Homemaker,6.0,High,2.0,Cat_2,C
5983,Male,No,27.0,No,Lawyer,1.0,Average,1.0,Cat_4,A
5984,Male,Yes,69.0,Yes,Lawyer,10.0,Low,3.0,Cat_7,D
5985,Male,No,37.0,No,Lawyer,7.0,Average,4.0,Cat_3,B
5986,Male,No,69.0,Yes,Marketing,8.0,High,6.0,Cat_6,D
5987,Male,Yes,32.0,No,Lawyer,8.0,Average,4.0,Cat_2,B
5988,Male,Yes,63.0,Yes,Engineer,13.0,High,3.0,Cat_6,C
5989,Male,Yes,73.0,No,Lawyer,10.0,High,5.0,Cat_6,D
5990,Female,Yes,31.0,Yes,Executive,3.0,Average,3.0,Cat_3,B
5991,Female,Yes,48.0,Yes,Executive,,Average,2.0,Cat_3,B
5992,Female,Yes,52.0,Yes,Executive,,High,4.0,Cat_6,C
5993,Female,Yes,35.0,Yes,Engineer,11.0,Average,2.0,Cat_4,C
5994,Female,Yes,42.0,Yes,Executive,5.0,Average,4.0,Cat_3,B
5995,Female,Yes,56.0,Yes,Healthcare,10.0,Low,3.0,Cat_7,D
5996,Female,No,32.0,Yes,Homemaker,1.0,Low,2.0,Cat_4,A
5997,Male,Yes,49.0,Yes,Homemaker,11.0,Low,7.0,Cat_7,D
5998,Female,Yes,37.0,No,Entertainment,9.0,High,4.0,Cat_6,B
5999,Male,No,30.0,No,Artist,2.0,Low,2.0,Cat_1,A
6000,Male,No,47.0,Yes,Healthcare,9.0,Average,3.0,Cat_6,D
6001,Female,Yes,50.0,Yes,Doctor,9.0,Average,6.0,Cat_7,D
6002,Male,Yes,20.0,No,Marketing,4.0,Average,2.0,Cat_6,A
6003,Female,Yes,52.0,Yes,Doctor,11.0,Low,5.0,Cat_6,D
6004,Female,Yes,38.0,Yes,Executive,14.0,High,3.0,Cat_5,C
6005,Female,No,26.0,No,Healthcare,2.0,Low,2.0,Cat_6,A
6006,Female,No,40.0,No,Doctor,9.0,High,3.0,Cat_5,B
6007,Male,No,44.0,No,Engineer,7.0,Low,2.0,Cat_4,B
6008,Female,Yes,58.0,Yes,Executive,5.0,High,3.0,Cat_6,C
6009,Female,No,32.0,Yes,Healthcare,2.0,Average,2.0,Cat_3,B
6010,Male,No,43.0,Yes,Engineer,9.0,Average,3.0,Cat_4,B
6011,Female,Yes,32.0,Yes,Healthcare,9.0,Average,2.0,Cat_3,B
6012,Male,Yes,66.0,Yes,Lawyer,13.0,Average,6.0,Cat_6,D
6013,Female,No,31.0,Yes,Engineer,3.0,Low,1.0,Cat_2,A
6014,Male,No,27.0,No,Entertainment,4.0,Low,2.0,Cat_7,A
6015,Male,Yes,66.0,Yes,Homemaker,12.0,Average,7.0,Cat_2,D
6016,Female,No,50.0,Yes,Homemaker,8.0,Average,4.0,Cat_3,B
6017,Male,Yes,36.0,Yes,Marketing,6.0,High,2.0,Cat_6,B
6018,Female,Yes,42.0,No,Healthcare,10.0,High,,Cat_6,C
6019,Male,No,64.0,No,Healthcare,5.0,High,4.0,Cat_7,C
6020,Male,No,32.0,Yes,Executive,2.0,Low,1.0,Cat_3,A
6021,Male,No,38.0,Yes,Lawyer,6.0,Low,2.0,Cat_4,B
6022,Female,Yes,36.0,No,Entertainment,11.0,Average,3.0,Cat_7,C
6023,Female,Yes,20.0,Yes,Artist,3.0,Low,2.0,Cat_2,A
6024,Male,No,19.0,No,Marketing,0.0,Low,1.0,Cat_1,A
6025,Female,Yes,69.0,Yes,Artist,8.0,Low,4.0,Cat_4,D
6026,Female,No,42.0,No,Entertainment,5.0,Low,3.0,Cat_4,B
6027,Female,Yes,47.0,No,Engineer,8.0,High,7.0,Cat_3,D
6028,Male,No,58.0,Yes,Healthcare,10.0,Average,,Cat_3,D
6029,Male,No,25.0,Yes,Healthcare,4.0,Average,2.0,Cat_3,A
6030,Female,No,35.0,No,Entertainment,3.0,Average,2.0,Cat_5,B
6031,Male,Yes,20.0,Yes,Homemaker,3.0,Average,1.0,Cat_1,A
6032,Male,Yes,29.0,Yes,Healthcare,4.0,Low,1.0,Cat_2,A
6033,Male,No,21.0,Yes,Homemaker,3.0,High,1.0,Cat_1,A
6034,Male,Yes,73.0,No,Marketing,11.0,Average,5.0,Cat_7,D
6035,Female,No,34.0,No,Marketing,0.0,Low,2.0,Cat_3,A
6036,Male,Yes,53.0,Yes,Marketing,7.0,High,2.0,Cat_3,C
6037,Male,No,64.0,Yes,Entertainment,,Low,5.0,Cat_7,D
6038,Female,Yes,80.0,Yes,Executive,14.0,Low,7.0,Cat_7,D
6039,Female,No,32.0,Yes,Homemaker,3.0,Average,2.0,Cat_3,A
6040,Female,Yes,52.0,Yes,Doctor,8.0,High,3.0,Cat_7,C
6041,Female,Yes,44.0,No,Doctor,,Average,2.0,Cat_5,B
6042,Male,No,24.0,No,Artist,2.0,Low,2.0,Cat_6,A
6043,Female,No,29.0,Yes,Doctor,2.0,Low,3.0,Cat_1,B
6044,Female,No,31.0,Yes,Engineer,2.0,Low,2.0,Cat_2,A
6045,Female,No,29.0,Yes,Marketing,2.0,Average,1.0,Cat_2,A
6046,Female,,42.0,,Entertainment,4.0,Average,3.0,Cat_4,B
6047,Male,No,51.0,Yes,Engineer,8.0,High,4.0,Cat_5,C
6048,Male,No,26.0,Yes,Doctor,1.0,Low,2.0,Cat_1,A
6049,Male,No,46.0,No,Lawyer,10.0,High,3.0,Cat_6,C
6050,Female,Yes,43.0,,Doctor,12.0,High,2.0,Cat_6,C
6051,Male,No,50.0,Yes,Entertainment,,Low,4.0,Cat_4,B
6052,Female,Yes,34.0,Yes,Homemaker,,Average,3.0,Cat_6,B
6053,Female,Yes,58.0,No,Entertainment,10.0,High,3.0,Cat_5,C
6054,Male,No,22.0,,Artist,4.0,Low,2.0,Cat_2,A
6055,Male,No,59.0,Yes,Lawyer,5.0,High,2.0,Cat_3,C
6056,Female,Yes,52.0,Yes,Entertainment,,High,3.0,Cat_4,C
6057,Male,Yes,78.0,Yes,Healthcare,14.0,Average,4.0,Cat_4,D
6058,Female,Yes,75.0,Yes,Lawyer,8.0,Low,3.0,Cat_7,D
6059,Male,No,27.0,Yes,Homemaker,1.0,Average,1.0,Cat_2,A
6060,Female,Yes,52.0,Yes,Engineer,6.0,High,2.0,Cat_1,C
6061,Female,Yes,47.0,No,Healthcare,10.0,Average,4.0,Cat_6,D
6062,Female,No,25.0,No,Lawyer,,Low,1.0,Cat_4,A
6063,Female,Yes,71.0,Yes,Homemaker,10.0,Average,3.0,Cat_5,D
6064,Male,No,52.0,Yes,Artist,8.0,Average,5.0,Cat_6,D
6065,Male,Yes,62.0,No,Homemaker,12.0,High,2.0,Cat_7,C
6066,Female,No,25.0,No,Artist,1.0,Low,1.0,Cat_1,A
6067,Female,Yes,34.0,No,Entertainment,0.0,Low,1.0,Cat_1,A
6068,Female,No,33.0,Yes,Artist,0.0,Low,1.0,Cat_1,A
6069,Male,No,27.0,Yes,Engineer,2.0,Average,1.0,Cat_3,A
6070,Male,No,24.0,Yes,Executive,1.0,Low,2.0,Cat_2,A
6071,Female,Yes,32.0,Yes,Engineer,,Low,4.0,Cat_6,B
6072,Male,Yes,41.0,Yes,Engineer,4.0,Average,4.0,Cat_5,B
6073,Female,Yes,36.0,Yes,Homemaker,4.0,High,,Cat_4,B
6074,Female,Yes,30.0,No,Artist,2.0,Low,3.0,Cat_2,B
6075,Male,No,71.0,No,Executive,8.0,Low,6.0,Cat_5,D
6076,Female,No,29.0,No,Homemaker,6.0,High,3.0,Cat_4,B
6077,Male,Yes,41.0,Yes,Homemaker,6.0,Average,3.0,Cat_2,B
6078,Male,No,31.0,No,Executive,,Low,2.0,Cat_3,B
6079,Male,Yes,57.0,Yes,Lawyer,10.0,High,2.0,Cat_3,C
6080,Male,No,36.0,Yes,Healthcare,13.0,Average,4.0,Cat_5,C
6081,Male,No,53.0,No,Doctor,9.0,Average,4.0,Cat_6,D
6082,Male,Yes,61.0,No,Engineer,11.0,Average,6.0,Cat_7,D
6083,Male,No,24.0,Yes,Entertainment,0.0,Low,2.0,Cat_5,A
6084,Male,No,62.0,Yes,Homemaker,,High,4.0,Cat_3,C
6085,Male,No,37.0,No,Engineer,3.0,High,3.0,Cat_4,B
6086,Male,,40.0,No,Executive,8.0,Average,4.0,Cat_4,B
6087,Female,No,65.0,Yes,,10.0,High,,Cat_6,C
6088,Female,Yes,78.0,Yes,Lawyer,8.0,Average,5.0,Cat_7,D
6089,Male,Yes,64.0,Yes,Engineer,14.0,High,4.0,Cat_6,C
6090,Male,No,21.0,Yes,Homemaker,2.0,Average,1.0,Cat_1,A
6091,Female,Yes,42.0,Yes,Healthcare,8.0,High,4.0,Cat_4,B
6092,Male,No,45.0,No,Artist,,Average,3.0,Cat_7,D
6093,Female,No,29.0,Yes,Artist,2.0,Low,1.0,Cat_2,A
6094,Female,No,49.0,Yes,Homemaker,8.0,Average,3.0,Cat_3,B
6095,Female,Yes,43.0,No,Lawyer,3.0,Average,3.0,Cat_4,B
6096,Male,Yes,30.0,No,Lawyer,2.0,Average,4.0,Cat_4,B
6097,Female,Yes,61.0,No,Entertainment,11.0,Average,3.0,Cat_5,C
6098,Female,Yes,18.0,No,Marketing,,High,2.0,Cat_1,A
6099,Male,Yes,77.0,Yes,Artist,13.0,Low,4.0,Cat_3,D
6100,Male,Yes,70.0,Yes,Homemaker,9.0,High,,Cat_6,D
6101,Female,Yes,80.0,No,Healthcare,11.0,Average,3.0,Cat_1,D
6102,Male,Yes,35.0,Yes,Marketing,8.0,Low,3.0,Cat_6,B
6103,Female,Yes,37.0,Yes,Marketing,8.0,High,2.0,Cat_5,C
6104,Male,Yes,61.0,,Executive,10.0,Average,4.0,Cat_5,D
6105,Male,Yes,24.0,No,Marketing,3.0,Low,2.0,Cat_3,A
6106,Male,Yes,80.0,No,Homemaker,12.0,Low,5.0,Cat_1,D
6107,Male,Yes,64.0,Yes,Lawyer,9.0,Average,4.0,Cat_7,D
6108,Male,No,46.0,Yes,Executive,2.0,Low,2.0,Cat_5,B
6109,Female,No,43.0,No,Healthcare,,Low,3.0,Cat_1,B
6110,Female,Yes,35.0,Yes,Engineer,1.0,Low,1.0,Cat_6,A
6111,Female,Yes,58.0,Yes,Doctor,13.0,Low,5.0,Cat_6,D
6112,Female,Yes,32.0,Yes,Doctor,2.0,Average,3.0,Cat_5,B
6113,Male,No,40.0,Yes,Executive,9.0,Average,4.0,Cat_3,C
6114,Female,No,45.0,No,Artist,10.0,Average,6.0,Cat_7,D
6115,Male,Yes,45.0,Yes,Homemaker,9.0,Average,4.0,Cat_1,D
6116,Male,Yes,46.0,Yes,Entertainment,6.0,Average,4.0,Cat_5,B
6117,Male,No,30.0,No,Entertainment,0.0,Low,2.0,Cat_1,A
6118,Female,Yes,33.0,,Executive,2.0,Average,2.0,Cat_4,B
6119,Male,No,23.0,Yes,Marketing,2.0,Low,2.0,Cat_1,A
6120,Female,Yes,37.0,No,Engineer,4.0,Low,2.0,Cat_4,B
6121,Male,Yes,32.0,No,Executive,1.0,Average,1.0,Cat_1,A
6122,Male,Yes,58.0,Yes,Lawyer,14.0,High,3.0,Cat_5,C
6123,Female,No,27.0,No,Engineer,3.0,Average,1.0,Cat_1,A
6124,Female,No,37.0,Yes,Executive,13.0,Low,3.0,Cat_2,C
6125,Male,No,65.0,Yes,Entertainment,13.0,High,2.0,Cat_6,C
6126,Female,No,41.0,,Homemaker,7.0,High,4.0,Cat_4,B
6127,Male,Yes,58.0,Yes,Executive,14.0,Average,4.0,Cat_5,C
6128,Female,,59.0,Yes,Healthcare,14.0,High,3.0,Cat_4,C
6129,Male,No,26.0,Yes,Engineer,4.0,Low,1.0,Cat_2,A
6130,Female,No,34.0,No,Marketing,,Average,1.0,Cat_2,A
6131,Male,Yes,55.0,No,Executive,8.0,Average,6.0,Cat_1,D
6132,Female,No,32.0,No,Homemaker,3.0,Low,1.0,Cat_1,A
6133,Female,No,32.0,Yes,Engineer,1.0,Average,1.0,Cat_2,A
6134,Female,Yes,50.0,Yes,Doctor,6.0,High,4.0,Cat_5,C
6135,Female,Yes,44.0,Yes,Entertainment,6.0,High,4.0,Cat_2,C
6136,Female,Yes,55.0,Yes,Marketing,11.0,Low,4.0,Cat_7,D
6137,Female,Yes,52.0,Yes,Doctor,9.0,High,4.0,Cat_5,C
6138,Male,No,28.0,Yes,Artist,4.0,Average,2.0,Cat_1,A
6139,Male,Yes,78.0,Yes,Healthcare,14.0,Low,7.0,Cat_6,D
6140,Male,Yes,56.0,No,Artist,14.0,Average,6.0,Cat_1,D
6141,Male,No,34.0,No,Artist,2.0,Average,2.0,Cat_4,A
6142,Female,No,44.0,No,Executive,4.0,Average,3.0,Cat_2,B
6143,Male,No,58.0,Yes,Engineer,11.0,High,4.0,Cat_2,C
6144,Female,Yes,28.0,Yes,Entertainment,1.0,Low,2.0,Cat_5,A
6145,Female,No,32.0,Yes,Executive,1.0,Low,1.0,Cat_1,A
6146,Male,,44.0,No,Executive,3.0,High,3.0,Cat_2,B
6147,Male,No,24.0,No,Engineer,4.0,High,1.0,Cat_4,A
6148,Female,No,30.0,No,Lawyer,3.0,Low,1.0,Cat_3,A
6149,Male,Yes,63.0,Yes,Engineer,5.0,High,2.0,Cat_6,C
6150,Male,Yes,72.0,Yes,Entertainment,10.0,Average,,Cat_3,D
6151,Female,Yes,45.0,No,Engineer,8.0,Average,4.0,Cat_1,B
6152,Male,No,23.0,No,Entertainment,0.0,Average,2.0,Cat_1,A
6153,Male,Yes,23.0,Yes,Entertainment,3.0,High,2.0,Cat_1,A
6154,Male,No,50.0,Yes,Healthcare,6.0,Average,2.0,Cat_4,C
6155,Male,No,38.0,Yes,Executive,4.0,Average,3.0,Cat_3,B
6156,Male,Yes,61.0,Yes,Doctor,14.0,Average,2.0,Cat_3,C
6157,Female,,32.0,No,Engineer,0.0,Average,2.0,Cat_1,A
6158,Male,Yes,50.0,No,Artist,7.0,High,2.0,Cat_4,B
6159,Female,No,22.0,Yes,Engineer,3.0,Low,2.0,Cat_1,A
6160,Female,,33.0,No,Marketing,3.0,Average,2.0,Cat_3,B
6161,Female,No,39.0,,Homemaker,7.0,Average,,Cat_4,B
6162,Male,No,35.0,,Doctor,4.0,Average,1.0,Cat_7,A
6163,Male,No,23.0,Yes,Lawyer,3.0,Low,2.0,Cat_1,A
6164,Male,Yes,53.0,Yes,Doctor,,High,3.0,Cat_5,C
6165,Female,No,32.0,Yes,Marketing,3.0,Low,2.0,Cat_1,A
6166,Male,No,49.0,Yes,Marketing,9.0,High,2.0,Cat_2,C
6167,Female,Yes,54.0,Yes,Lawyer,11.0,Low,4.0,Cat_7,D
6168,Female,Yes,43.0,Yes,Executive,5.0,High,4.0,Cat_6,C
6169,Male,Yes,33.0,Yes,Lawyer,4.0,Average,,Cat_2,B
6170,Male,Yes,31.0,Yes,Lawyer,4.0,Low,1.0,Cat_1,A
6171,Female,Yes,34.0,Yes,Artist,0.0,Low,2.0,Cat_5,A
6172,Female,Yes,31.0,No,Homemaker,4.0,Low,1.0,Cat_5,A
6173,Female,Yes,39.0,Yes,Engineer,2.0,Average,4.0,Cat_5,B
6174,Female,,45.0,Yes,Healthcare,8.0,Average,4.0,Cat_6,C
6175,Male,Yes,39.0,,Artist,6.0,Low,,Cat_2,B
6176,Male,Yes,30.0,Yes,Marketing,3.0,Average,2.0,Cat_2,B
6177,Female,No,34.0,Yes,Entertainment,4.0,Average,1.0,Cat_1,A
6178,Female,Yes,61.0,Yes,Homemaker,13.0,High,6.0,Cat_7,D
6179,Female,Yes,25.0,Yes,Marketing,1.0,Average,2.0,Cat_2,A
6180,Male,Yes,55.0,Yes,Marketing,12.0,High,4.0,Cat_6,C
6181,Male,Yes,33.0,No,Engineer,,High,4.0,Cat_2,B
6182,Male,,25.0,No,Homemaker,2.0,Low,2.0,Cat_2,A
6183,Male,Yes,46.0,Yes,Healthcare,3.0,Average,4.0,Cat_4,B
6184,Male,No,32.0,Yes,Marketing,0.0,Low,1.0,Cat_6,A
6185,Female,Yes,47.0,Yes,Engineer,13.0,Low,4.0,Cat_6,C
6186,Male,Yes,64.0,Yes,Executive,12.0,High,4.0,Cat_6,C
6187,Female,,65.0,Yes,Marketing,9.0,High,,Cat_6,C
6188,Male,Yes,37.0,Yes,Artist,12.0,Average,2.0,Cat_5,C
6189,Female,Yes,21.0,Yes,Entertainment,3.0,Low,1.0,Cat_5,A
6190,Female,Yes,44.0,Yes,Engineer,10.0,Low,3.0,Cat_6,C
6191,Male,No,24.0,Yes,Entertainment,4.0,Average,2.0,Cat_3,A
6192,Male,No,31.0,No,Doctor,8.0,Low,3.0,Cat_3,B
6193,Male,Yes,47.0,No,Homemaker,7.0,High,4.0,Cat_5,C
6194,Male,No,33.0,No,Engineer,2.0,Low,1.0,Cat_3,A
6195,Female,No,33.0,No,Artist,1.0,Average,2.0,Cat_1,A
6196,Female,Yes,69.0,,Engineer,8.0,Low,7.0,Cat_6,D
6197,Male,Yes,68.0,No,Artist,12.0,Average,4.0,Cat_6,D
6198,Male,No,39.0,No,Lawyer,6.0,Low,4.0,Cat_4,B
6199,Female,Yes,29.0,No,Marketing,4.0,Average,3.0,Cat_2,B
6200,Male,Yes,80.0,No,Artist,13.0,Average,4.0,Cat_5,D
6201,Male,Yes,67.0,No,Healthcare,9.0,Average,6.0,Cat_4,D
6202,Female,Yes,46.0,No,Doctor,2.0,High,4.0,Cat_4,B
6203,Male,No,23.0,Yes,Lawyer,2.0,Average,2.0,Cat_4,A
6204,Female,Yes,63.0,Yes,Healthcare,6.0,High,2.0,Cat_1,C
6205,Female,Yes,28.0,No,Engineer,2.0,Average,2.0,Cat_3,B
6206,Female,Yes,71.0,No,Marketing,11.0,High,6.0,Cat_3,D
6207,Male,,33.0,No,Artist,4.0,Low,1.0,Cat_2,A
6208,Female,No,35.0,No,Executive,2.0,Low,1.0,Cat_3,A
6209,Female,Yes,50.0,No,Healthcare,8.0,High,3.0,Cat_5,C
6210,Male,Yes,49.0,Yes,Marketing,12.0,High,2.0,Cat_4,C
6211,Male,,19.0,Yes,Lawyer,0.0,High,2.0,Cat_4,A
6212,Male,No,34.0,Yes,Artist,0.0,Average,1.0,Cat_1,A
6213,Male,Yes,48.0,Yes,Engineer,,Average,7.0,,D
6214,Female,No,29.0,No,Homemaker,1.0,Low,1.0,Cat_1,A
6215,Female,No,36.0,No,Artist,8.0,Low,3.0,Cat_4,B
6216,Female,No,24.0,No,Engineer,2.0,Low,1.0,Cat_3,A
6217,Male,Yes,44.0,Yes,Entertainment,4.0,Average,2.0,Cat_4,B
6218,Female,Yes,29.0,Yes,Executive,3.0,Average,,Cat_1,B
6219,Female,Yes,56.0,Yes,Doctor,13.0,High,2.0,Cat_6,C
6220,Male,No,63.0,Yes,Healthcare,14.0,High,2.0,Cat_4,C
6221,Male,Yes,73.0,No,Engineer,12.0,Average,4.0,Cat_6,D
6222,Male,Yes,76.0,Yes,Executive,12.0,High,5.0,Cat_3,D
6223,Male,Yes,49.0,Yes,Homemaker,,High,3.0,Cat_5,C
6224,Male,,33.0,No,Healthcare,5.0,High,4.0,Cat_4,B
6225,Male,No,33.0,Yes,Doctor,0.0,Low,2.0,Cat_6,A
6226,Female,No,23.0,No,Healthcare,2.0,Low,1.0,Cat_7,A
6227,Male,Yes,47.0,Yes,Healthcare,2.0,Average,4.0,Cat_3,B
6228,Male,No,27.0,No,Artist,1.0,Low,2.0,Cat_2,A
6229,Male,No,42.0,Yes,Doctor,,Average,4.0,Cat_5,C
6230,Male,Yes,63.0,No,,8.0,Low,7.0,Cat_6,D
6231,Female,No,20.0,Yes,Entertainment,4.0,Low,2.0,Cat_2,A
6232,Female,No,68.0,No,Homemaker,8.0,Low,7.0,Cat_5,D
6233,Female,Yes,57.0,Yes,Artist,14.0,High,2.0,Cat_4,C
6234,Male,No,19.0,No,,3.0,Low,2.0,Cat_3,A
6235,Female,No,76.0,No,Engineer,9.0,Average,4.0,Cat_3,D
6236,Male,Yes,63.0,No,Healthcare,12.0,Low,3.0,Cat_7,D
6237,Female,No,29.0,No,Entertainment,1.0,Low,2.0,,A
6238,Female,No,51.0,No,Engineer,5.0,Low,3.0,Cat_5,C
6239,Female,No,38.0,No,Doctor,6.0,Average,2.0,Cat_3,B
6240,Female,Yes,56.0,No,Homemaker,10.0,Low,7.0,Cat_6,D
6241,Male,Yes,64.0,Yes,Healthcare,14.0,Average,4.0,Cat_1,D
6242,Male,Yes,52.0,No,Artist,9.0,Low,7.0,Cat_5,D
6243,Female,No,19.0,Yes,Entertainment,0.0,Average,2.0,Cat_1,A
6244,Male,Yes,59.0,Yes,Homemaker,10.0,Low,3.0,Cat_7,D
6245,Male,Yes,60.0,Yes,Engineer,6.0,High,4.0,Cat_4,C
6246,Male,Yes,34.0,Yes,Homemaker,2.0,Average,3.0,Cat_2,B
6247,Male,No,18.0,Yes,Marketing,4.0,Low,1.0,Cat_4,A
6248,Male,No,33.0,Yes,Artist,9.0,Low,3.0,Cat_5,B
6249,Male,No,19.0,Yes,Entertainment,3.0,Low,1.0,Cat_2,A
6250,Female,Yes,34.0,Yes,Artist,,Low,,Cat_2,A
6251,Male,Yes,37.0,No,Engineer,6.0,Average,4.0,Cat_3,B
6252,Female,No,30.0,Yes,Artist,1.0,Average,2.0,Cat_6,A
6253,Male,Yes,51.0,Yes,Engineer,11.0,High,4.0,Cat_5,C
6254,Female,Yes,70.0,No,Artist,11.0,Low,3.0,Cat_7,D
6255,Male,No,42.0,Yes,Marketing,6.0,Average,2.0,Cat_5,C
6256,Female,Yes,32.0,Yes,Lawyer,6.0,Low,3.0,Cat_4,B
6257,Male,No,33.0,Yes,Lawyer,1.0,Low,2.0,Cat_2,A
6258,Male,No,80.0,No,Executive,10.0,High,5.0,Cat_4,D
6259,Male,Yes,45.0,No,Executive,4.0,Average,2.0,Cat_5,B
6260,Female,Yes,39.0,Yes,Artist,5.0,Average,3.0,,B
6261,Male,No,19.0,Yes,Engineer,2.0,High,1.0,Cat_2,A
6262,Female,No,51.0,No,Doctor,7.0,Average,2.0,Cat_4,C
6263,Female,No,53.0,No,Healthcare,10.0,High,2.0,Cat_1,C
6264,Male,No,35.0,No,Engineer,5.0,Average,4.0,Cat_2,B
6265,Male,Yes,45.0,Yes,Healthcare,11.0,High,,Cat_5,C
6266,Male,Yes,54.0,Yes,Executive,13.0,Low,4.0,Cat_7,D
6267,Male,No,38.0,Yes,Lawyer,6.0,High,4.0,Cat_1,C
6268,Male,Yes,36.0,No,Healthcare,,Average,2.0,Cat_5,B
6269,Female,Yes,28.0,Yes,Doctor,8.0,Average,2.0,Cat_3,B
6270,Male,No,21.0,No,Homemaker,,High,1.0,Cat_1,A
6271,Male,Yes,48.0,No,Executive,9.0,Average,6.0,Cat_7,D
6272,Male,No,24.0,No,Artist,2.0,Low,1.0,Cat_4,A
6273,Male,Yes,69.0,No,Engineer,,Average,7.0,Cat_6,D
6274,Male,Yes,34.0,No,Homemaker,0.0,Average,2.0,Cat_1,A
6275,Male,Yes,55.0,Yes,Engineer,8.0,Average,3.0,Cat_1,C
6276,Female,Yes,50.0,Yes,Healthcare,,Average,2.0,Cat_4,B
6277,Female,Yes,21.0,No,Doctor,1.0,Average,1.0,Cat_1,A
6278,Female,Yes,36.0,Yes,Executive,5.0,Average,4.0,Cat_4,B
6279,Female,Yes,59.0,Yes,Doctor,9.0,High,2.0,Cat_6,C
6280,Male,Yes,72.0,No,Engineer,,Average,4.0,Cat_7,D
6281,Male,No,77.0,No,Marketing,8.0,Low,5.0,Cat_5,D
6282,Female,Yes,44.0,Yes,Lawyer,6.0,High,4.0,Cat_7,C
6283,Female,,30.0,No,Marketing,0.0,Average,2.0,Cat_6,A
6284,Female,No,22.0,Yes,Executive,4.0,Low,1.0,Cat_1,A
6285,Male,Yes,44.0,Yes,Healthcare,5.0,Low,4.0,,B
6286,Female,No,49.0,Yes,Healthcare,5.0,High,4.0,Cat_6,C
6287,Female,,28.0,No,Doctor,2.0,Low,2.0,Cat_2,A
6288,Male,No,45.0,Yes,,11.0,High,,Cat_4,C
6289,Male,Yes,43.0,Yes,Engineer,9.0,Average,4.0,Cat_3,B
6290,Female,No,34.0,Yes,Homemaker,2.0,Low,1.0,Cat_1,A
6291,Male,No,63.0,,Lawyer,,High,4.0,Cat_4,C
6292,Male,Yes,51.0,Yes,Marketing,10.0,Low,4.0,Cat_6,D
6293,Female,Yes,65.0,Yes,Lawyer,13.0,High,4.0,Cat_6,C
6294,Male,Yes,50.0,No,Executive,,High,3.0,Cat_3,B
6295,Male,No,34.0,Yes,Artist,4.0,Average,1.0,Cat_2,A
6296,Male,No,39.0,Yes,Artist,7.0,High,3.0,Cat_5,C
6297,Female,Yes,36.0,Yes,Executive,14.0,High,3.0,Cat_4,C
6298,Female,Yes,79.0,Yes,Entertainment,10.0,Low,6.0,Cat_6,D
6299,Male,Yes,32.0,Yes,Healthcare,8.0,Low,2.0,Cat_4,B
6300,Male,No,26.0,Yes,Homemaker,,Low,2.0,Cat_2,A
6301,Female,Yes,52.0,No,Doctor,13.0,Average,4.0,Cat_2,C
6302,Female,Yes,46.0,No,Marketing,8.0,Average,5.0,Cat_7,D
6303,Female,No,66.0,Yes,Healthcare,14.0,Average,4.0,Cat_6,D
6304,Male,Yes,38.0,No,Marketing,8.0,Low,3.0,Cat_3,B
6305,Female,Yes,39.0,Yes,Artist,6.0,Average,3.0,Cat_6,B
6306,Male,Yes,49.0,Yes,Entertainment,,High,7.0,Cat_7,D
6307,Male,Yes,36.0,No,Doctor,13.0,Low,3.0,Cat_3,C
6308,Male,No,47.0,Yes,Engineer,10.0,High,,Cat_4,C
6309,Male,Yes,70.0,Yes,Artist,8.0,High,6.0,Cat_6,D
6310,Male,Yes,29.0,No,,7.0,Average,3.0,Cat_1,B
6311,Female,,55.0,Yes,Homemaker,6.0,Low,4.0,Cat_5,C
6312,Female,No,29.0,No,Homemaker,4.0,Low,1.0,Cat_6,A
6313,Male,Yes,76.0,No,Doctor,12.0,Low,4.0,Cat_6,D
6314,Female,Yes,55.0,,Executive,12.0,Low,5.0,Cat_6,D
6315,Male,,44.0,,Executive,2.0,High,3.0,Cat_3,B
6316,Female,No,71.0,Yes,,9.0,Low,6.0,Cat_7,D
6317,Male,No,23.0,No,Artist,0.0,Low,2.0,Cat_2,A
6318,Female,No,33.0,Yes,Artist,0.0,Average,2.0,Cat_1,A
6319,Male,Yes,49.0,,Executive,9.0,Average,2.0,Cat_4,B
6320,Female,No,25.0,No,Homemaker,0.0,Low,2.0,Cat_6,A
6321,Female,Yes,76.0,Yes,Doctor,9.0,Low,6.0,Cat_7,D
6322,Male,Yes,46.0,Yes,Lawyer,11.0,Average,6.0,Cat_7,D
6323,Female,Yes,47.0,Yes,Engineer,8.0,High,2.0,Cat_3,B
6324,Male,Yes,34.0,Yes,Doctor,9.0,Average,4.0,Cat_4,B
6325,Male,No,32.0,Yes,Engineer,0.0,Low,1.0,Cat_2,A
6326,Female,Yes,48.0,,Doctor,13.0,Average,6.0,Cat_7,D
6327,Female,No,31.0,No,Homemaker,6.0,Average,2.0,Cat_3,B
6328,Male,Yes,61.0,Yes,Marketing,12.0,Average,3.0,Cat_3,D
6329,Male,No,32.0,,Entertainment,8.0,Average,4.0,Cat_4,B
6330,Female,No,54.0,Yes,Executive,,Average,6.0,Cat_5,D
6331,Female,Yes,50.0,Yes,Artist,9.0,High,2.0,Cat_3,B
6332,Male,Yes,36.0,Yes,Executive,,High,2.0,Cat_4,C
6333,Male,Yes,50.0,Yes,Engineer,8.0,Low,4.0,Cat_3,B
6334,Female,No,27.0,Yes,Homemaker,1.0,Average,1.0,Cat_3,A
6335,Female,Yes,21.0,Yes,Homemaker,0.0,Low,2.0,Cat_1,A
6336,Female,No,49.0,Yes,Engineer,9.0,High,4.0,Cat_6,C
6337,Female,Yes,75.0,No,Marketing,10.0,Low,3.0,Cat_6,D
6338,Male,Yes,44.0,No,Doctor,6.0,Average,3.0,Cat_4,B
6339,Female,Yes,55.0,Yes,Lawyer,12.0,High,2.0,Cat_6,C
6340,Male,Yes,53.0,Yes,Doctor,,Low,4.0,Cat_6,C
6341,Female,Yes,59.0,Yes,,12.0,Low,6.0,Cat_2,D
6342,Female,Yes,53.0,No,Executive,11.0,High,6.0,Cat_5,D
6343,Male,Yes,64.0,No,Engineer,8.0,Low,6.0,Cat_5,D
6344,Female,No,18.0,Yes,Homemaker,0.0,Low,1.0,Cat_6,A
6345,Female,No,29.0,Yes,Executive,0.0,Low,1.0,Cat_3,A
6346,Female,Yes,34.0,No,Executive,4.0,Low,1.0,,A
6347,Male,Yes,55.0,Yes,Doctor,7.0,Average,3.0,Cat_6,C
6348,Female,Yes,46.0,Yes,Marketing,5.0,High,3.0,Cat_7,C
6349,Male,Yes,52.0,Yes,Lawyer,12.0,High,6.0,Cat_3,D
6350,Male,Yes,32.0,No,Engineer,2.0,High,3.0,Cat_6,B
6351,Female,No,26.0,No,Homemaker,,High,1.0,Cat_4,A
6352,Female,No,21.0,Yes,Entertainment,0.0,Low,1.0,Cat_2,A
6353,Male,Yes,64.0,No,Executive,9.0,Average,4.0,Cat_6,D
6354,Male,,23.0,No,Healthcare,1.0,Low,2.0,Cat_2,A
6355,Female,Yes,61.0,Yes,Engineer,,Low,6.0,Cat_6,D
6356,Female,Yes,55.0,No,Executive,8.0,High,4.0,Cat_7,C
6357,Male,No,31.0,Yes,Engineer,2.0,High,2.0,Cat_3,B
6358,Male,No,29.0,Yes,Marketing,0.0,Average,1.0,Cat_1,A
6359,Male,No,26.0,Yes,Marketing,4.0,Average,2.0,Cat_2,A
6360,Female,No,33.0,No,Engineer,3.0,Low,1.0,Cat_5,A
6361,Male,Yes,71.0,No,Engineer,13.0,Low,,Cat_3,D
6362,Female,No,70.0,No,Marketing,13.0,High,3.0,Cat_4,D
6363,Female,No,49.0,Yes,Lawyer,13.0,Average,4.0,Cat_5,C
6364,Female,Yes,37.0,Yes,Healthcare,13.0,Low,4.0,Cat_4,C
6365,Female,No,47.0,No,Marketing,6.0,Average,2.0,Cat_2,B
6366,Male,Yes,46.0,Yes,Engineer,14.0,Average,5.0,Cat_5,D
6367,Male,Yes,53.0,Yes,Homemaker,10.0,Average,3.0,Cat_6,C
6368,Female,No,21.0,No,Engineer,0.0,Average,2.0,Cat_3,A
6369,Male,No,69.0,No,Executive,10.0,High,4.0,Cat_2,D
6370,Female,No,41.0,Yes,Artist,6.0,Low,2.0,Cat_3,B
6371,Male,No,26.0,Yes,Healthcare,2.0,Low,1.0,Cat_2,A
6372,Female,No,22.0,,Executive,0.0,Average,,Cat_1,A
6373,Male,No,19.0,Yes,Lawyer,2.0,Low,1.0,Cat_5,A
6374,Male,Yes,63.0,No,Healthcare,11.0,Average,4.0,Cat_6,D
6375,Male,Yes,78.0,No,Engineer,8.0,Low,7.0,Cat_3,D
6376,Male,No,18.0,Yes,Artist,3.0,Average,2.0,Cat_7,A
6377,Male,Yes,43.0,Yes,Marketing,5.0,High,4.0,Cat_6,C
6378,Female,No,45.0,,Artist,5.0,High,2.0,Cat_7,C
6379,Male,Yes,63.0,Yes,,9.0,High,5.0,Cat_7,D
6380,Female,Yes,43.0,Yes,Healthcare,6.0,Average,4.0,Cat_5,B
6381,Female,No,42.0,Yes,Engineer,5.0,Low,2.0,Cat_7,C
6382,Female,Yes,29.0,No,Doctor,8.0,High,4.0,Cat_7,B
6383,Male,Yes,39.0,Yes,Healthcare,6.0,Average,2.0,Cat_3,B
6384,Female,No,24.0,Yes,Artist,,Low,1.0,,A
6385,Female,Yes,46.0,Yes,Engineer,,High,3.0,Cat_3,C
6386,Female,Yes,60.0,Yes,Executive,8.0,Average,6.0,Cat_7,D
6387,Male,,65.0,Yes,Healthcare,10.0,High,4.0,Cat_7,D
6388,Male,Yes,46.0,Yes,Doctor,6.0,High,3.0,Cat_1,C
6389,Female,Yes,31.0,No,Doctor,6.0,Average,4.0,Cat_4,B
6390,Female,No,71.0,No,Executive,,Average,5.0,Cat_3,D
6391,Female,Yes,62.0,,Artist,14.0,Average,3.0,Cat_4,C
6392,Male,No,40.0,Yes,Executive,4.0,Average,,Cat_5,B
6393,Male,,37.0,Yes,Healthcare,7.0,High,4.0,Cat_1,B
6394,Male,Yes,64.0,No,Lawyer,9.0,Average,3.0,Cat_6,D
6395,Female,No,22.0,No,Doctor,0.0,Average,1.0,Cat_3,A
6396,Male,Yes,49.0,Yes,Healthcare,4.0,Average,3.0,Cat_3,B
6397,Male,No,27.0,No,Entertainment,0.0,Low,2.0,Cat_2,A
6398,Male,Yes,62.0,No,Doctor,12.0,Average,,Cat_6,D
6399,Male,No,60.0,No,Entertainment,9.0,High,7.0,Cat_3,D
6400,Male,No,28.0,Yes,Homemaker,4.0,Low,1.0,,A
6401,Male,Yes,40.0,Yes,Engineer,7.0,High,3.0,Cat_7,C
6402,Female,Yes,65.0,Yes,Executive,5.0,Average,4.0,Cat_2,C
6403,Female,No,65.0,Yes,Entertainment,10.0,High,5.0,Cat_7,D
6404,Female,Yes,28.0,Yes,Healthcare,2.0,Low,2.0,Cat_3,B
6405,Female,Yes,45.0,No,Homemaker,8.0,Average,2.0,Cat_6,B
6406,Male,Yes,71.0,Yes,Engineer,11.0,Average,7.0,Cat_3,D
6407,Female,No,24.0,No,Entertainment,4.0,Average,1.0,Cat_1,A
6408,Female,,56.0,Yes,Marketing,13.0,Average,2.0,Cat_6,C
6409,Male,No,52.0,Yes,Doctor,6.0,High,3.0,Cat_5,C
6410,Female,Yes,36.0,No,Homemaker,9.0,Low,3.0,Cat_5,C
6411,Female,Yes,76.0,Yes,Homemaker,9.0,Low,6.0,Cat_3,D
6412,Male,No,35.0,No,Marketing,1.0,Low,1.0,Cat_2,A
6413,Male,Yes,52.0,Yes,Entertainment,13.0,Low,2.0,Cat_4,C
6414,Male,No,37.0,Yes,Doctor,6.0,Average,3.0,Cat_5,B
6415,Male,Yes,41.0,Yes,Doctor,7.0,Low,2.0,Cat_5,B
6416,Male,No,32.0,No,Entertainment,4.0,Average,3.0,Cat_4,B
6417,Male,No,35.0,Yes,Lawyer,3.0,Average,1.0,Cat_6,A
6418,Male,Yes,47.0,No,Engineer,,Average,3.0,Cat_3,D
6419,Male,Yes,58.0,No,Doctor,10.0,Low,3.0,Cat_6,D
6420,Female,No,45.0,No,Artist,2.0,Low,3.0,Cat_4,B
6421,Female,No,45.0,No,Doctor,5.0,High,2.0,Cat_3,B
6422,Female,No,42.0,No,Engineer,3.0,High,4.0,Cat_2,B
6423,Male,No,21.0,No,Entertainment,0.0,Low,1.0,Cat_1,A
6424,Male,No,18.0,No,Marketing,,Low,1.0,Cat_1,A
6425,Male,No,31.0,No,Engineer,8.0,Average,4.0,Cat_4,B
6426,Female,No,23.0,No,Engineer,1.0,Average,2.0,Cat_4,A
6427,Female,Yes,68.0,No,Healthcare,,Average,5.0,Cat_7,D
6428,Male,No,41.0,No,Healthcare,5.0,Average,2.0,Cat_4,B
6429,Female,No,34.0,No,Doctor,1.0,Low,2.0,Cat_7,A
6430,Female,No,35.0,Yes,Marketing,1.0,Low,1.0,Cat_1,A
6431,Female,Yes,66.0,Yes,Lawyer,13.0,Low,4.0,Cat_6,D
6432,Female,Yes,34.0,No,Entertainment,6.0,Average,3.0,Cat_4,B
6433,Male,No,63.0,No,Executive,11.0,High,2.0,Cat_4,C
6434,Male,Yes,33.0,Yes,Lawyer,2.0,Low,3.0,Cat_2,B
6435,Male,Yes,50.0,Yes,Executive,2.0,High,3.0,Cat_3,B
6436,Male,Yes,44.0,Yes,Executive,3.0,Average,3.0,Cat_2,B
6437,Male,Yes,43.0,Yes,Entertainment,6.0,High,2.0,Cat_2,B
6438,Female,Yes,37.0,Yes,Engineer,,Average,4.0,Cat_1,B
6439,Male,No,59.0,No,Engineer,13.0,High,2.0,Cat_5,C
6440,Male,Yes,35.0,Yes,Engineer,11.0,High,4.0,Cat_7,C
6441,Male,No,31.0,Yes,Lawyer,8.0,Low,3.0,Cat_4,B
6442,Female,No,42.0,Yes,Entertainment,4.0,Average,3.0,Cat_3,B
6443,Female,Yes,38.0,Yes,Homemaker,7.0,Average,2.0,Cat_3,B
6444,Female,No,48.0,Yes,Engineer,8.0,High,2.0,Cat_5,C
6445,Female,,48.0,Yes,Executive,7.0,High,2.0,Cat_7,C
6446,Male,Yes,30.0,No,Healthcare,3.0,Average,1.0,Cat_2,A
6447,Male,Yes,64.0,Yes,Engineer,14.0,Average,5.0,Cat_7,D
6448,Male,Yes,75.0,Yes,Artist,13.0,Average,5.0,Cat_6,D
6449,Male,No,45.0,No,Doctor,,Average,3.0,Cat_5,D
6450,Female,Yes,73.0,Yes,Healthcare,10.0,Average,7.0,Cat_5,D
6451,Male,No,75.0,Yes,Artist,14.0,Average,6.0,Cat_7,D
6452,Female,No,55.0,Yes,Homemaker,6.0,Average,4.0,Cat_1,C
6453,Female,Yes,43.0,Yes,Engineer,10.0,Average,2.0,Cat_5,C
6454,Female,No,30.0,No,Engineer,2.0,Average,2.0,Cat_5,A
6455,Female,No,63.0,No,Marketing,,Average,3.0,Cat_7,D
6456,Male,Yes,80.0,Yes,Marketing,,Average,4.0,Cat_7,D
6457,Male,No,61.0,No,Doctor,,Average,7.0,Cat_5,D
6458,Female,No,20.0,No,Engineer,3.0,Average,,Cat_5,A
6459,Male,Yes,63.0,Yes,Entertainment,13.0,Average,7.0,Cat_1,D
6460,Male,No,38.0,No,Executive,,High,4.0,Cat_1,B
6461,Female,Yes,43.0,Yes,Engineer,12.0,High,2.0,Cat_5,C
6462,Male,No,62.0,Yes,Engineer,8.0,High,4.0,Cat_2,C
6463,Female,Yes,46.0,Yes,Executive,8.0,Average,5.0,Cat_4,D
6464,Male,,46.0,Yes,Engineer,10.0,Low,3.0,Cat_6,C
6465,Male,Yes,29.0,No,Lawyer,4.0,High,4.0,Cat_4,B
6466,Male,Yes,56.0,No,Doctor,14.0,High,2.0,Cat_1,C
6467,Female,Yes,32.0,Yes,Entertainment,4.0,Low,1.0,Cat_1,A
6468,Male,Yes,23.0,Yes,Entertainment,2.0,High,2.0,Cat_1,A
6469,Female,Yes,55.0,Yes,Engineer,8.0,High,4.0,Cat_5,C
6470,Male,Yes,25.0,No,Artist,4.0,Low,2.0,Cat_1,A
6471,Male,Yes,41.0,No,Executive,12.0,High,2.0,Cat_7,C
6472,Female,No,25.0,Yes,Engineer,0.0,Low,1.0,Cat_1,A
6473,Male,No,42.0,No,Lawyer,4.0,Average,4.0,Cat_4,B
6474,Male,Yes,29.0,Yes,Healthcare,4.0,Low,3.0,Cat_2,B
6475,Female,Yes,60.0,Yes,Healthcare,,High,3.0,Cat_6,C
6476,Female,Yes,34.0,Yes,Artist,5.0,Average,3.0,Cat_4,B
6477,Female,,47.0,No,Homemaker,6.0,Average,3.0,Cat_3,B
6478,Male,Yes,33.0,Yes,Engineer,2.0,Low,2.0,Cat_2,A
6479,Male,Yes,55.0,Yes,Healthcare,12.0,Average,,Cat_5,C
6480,Female,Yes,55.0,Yes,Entertainment,14.0,Low,4.0,Cat_5,D
6481,Male,Yes,63.0,No,Entertainment,11.0,Average,4.0,Cat_4,D
6482,Male,Yes,34.0,,Homemaker,,Low,1.0,Cat_1,A
6483,Male,No,21.0,Yes,Entertainment,,Low,2.0,Cat_2,A
6484,Male,No,60.0,Yes,Lawyer,11.0,High,3.0,Cat_1,C
6485,Female,Yes,59.0,Yes,Healthcare,12.0,Average,3.0,Cat_4,C
6486,Female,No,19.0,No,Doctor,2.0,Average,2.0,Cat_3,A
6487,Male,Yes,41.0,No,Artist,10.0,Average,2.0,Cat_2,C
6488,Female,Yes,54.0,Yes,Lawyer,8.0,Low,3.0,Cat_3,C
6489,Male,Yes,31.0,No,Healthcare,,Low,3.0,Cat_3,B
6490,Female,No,30.0,No,Engineer,2.0,Low,2.0,Cat_3,B
6491,Male,Yes,73.0,Yes,Entertainment,11.0,Low,4.0,Cat_6,D
6492,Female,Yes,33.0,Yes,Engineer,0.0,Low,1.0,Cat_4,A
6493,Male,Yes,38.0,Yes,Engineer,,High,2.0,Cat_1,C
6494,Male,No,65.0,Yes,Lawyer,,Average,6.0,Cat_7,D
6495,Male,No,56.0,Yes,Marketing,6.0,High,4.0,Cat_4,C
6496,Male,Yes,79.0,Yes,Homemaker,11.0,Low,6.0,Cat_2,D
6497,Male,Yes,46.0,Yes,Lawyer,11.0,Low,6.0,Cat_2,D
6498,Female,No,37.0,,Lawyer,2.0,Low,4.0,Cat_4,B
6499,Male,Yes,32.0,No,Homemaker,7.0,Low,,,B
6500,Female,No,28.0,Yes,Marketing,2.0,Average,1.0,Cat_2,A
6501,Male,Yes,49.0,Yes,Executive,10.0,High,3.0,Cat_6,C
6502,Male,Yes,42.0,No,Lawyer,3.0,Average,4.0,Cat_4,B
6503,Female,Yes,60.0,No,Homemaker,12.0,Low,7.0,Cat_4,D
6504,Female,No,45.0,Yes,Entertainment,13.0,High,4.0,Cat_3,D
6505,Male,No,46.0,Yes,Marketing,8.0,Low,3.0,Cat_5,C
6506,Male,Yes,80.0,Yes,Executive,12.0,Average,3.0,Cat_7,D
6507,Male,Yes,50.0,Yes,Doctor,7.0,High,2.0,Cat_5,C
6508,Male,No,30.0,Yes,Healthcare,3.0,Average,2.0,Cat_1,A
6509,Male,Yes,41.0,Yes,Lawyer,4.0,Average,4.0,Cat_3,B
6510,Male,Yes,45.0,Yes,Executive,9.0,Average,4.0,Cat_3,B
6511,Male,Yes,47.0,Yes,Doctor,10.0,High,2.0,Cat_7,C
6512,Female,Yes,80.0,No,Healthcare,11.0,Low,,Cat_6,D
6513,Female,No,18.0,Yes,Artist,,Low,1.0,Cat_1,A
6514,Male,Yes,64.0,Yes,Engineer,9.0,Average,6.0,Cat_5,D
6515,Male,Yes,33.0,No,Marketing,2.0,Average,4.0,Cat_2,B
6516,Female,Yes,31.0,Yes,Engineer,6.0,Low,2.0,Cat_3,B
6517,Male,Yes,60.0,Yes,Homemaker,11.0,Low,7.0,Cat_6,D
6518,Male,No,21.0,Yes,Healthcare,,Low,2.0,Cat_3,A
6519,Male,No,25.0,No,Entertainment,4.0,Low,2.0,,A
6520,Female,Yes,42.0,Yes,Lawyer,5.0,Low,3.0,Cat_5,C
6521,Male,Yes,54.0,Yes,Healthcare,6.0,Average,4.0,Cat_5,C
6522,Male,Yes,64.0,Yes,Engineer,11.0,Average,2.0,Cat_7,C
6523,Male,No,35.0,Yes,Executive,3.0,Low,2.0,Cat_4,B
6524,Male,Yes,36.0,Yes,Doctor,13.0,High,3.0,Cat_1,C
6525,Female,Yes,61.0,Yes,Healthcare,6.0,Average,4.0,Cat_6,C
6526,Female,No,24.0,No,Artist,2.0,Low,2.0,Cat_2,A
6527,Male,Yes,57.0,Yes,Engineer,9.0,Average,,Cat_2,C
6528,Female,Yes,36.0,Yes,Artist,7.0,Average,4.0,Cat_6,B
6529,Male,No,36.0,No,Engineer,9.0,Low,2.0,Cat_1,B
6530,Female,Yes,78.0,Yes,Executive,12.0,High,4.0,Cat_4,D
6531,Female,Yes,60.0,Yes,Engineer,9.0,High,4.0,Cat_3,C
6532,Male,Yes,73.0,No,Entertainment,13.0,High,7.0,Cat_3,D
6533,Female,Yes,40.0,Yes,Engineer,3.0,Low,4.0,Cat_3,B
6534,Male,No,57.0,Yes,,5.0,Average,3.0,Cat_4,C
6535,Male,No,28.0,Yes,Artist,2.0,Average,1.0,Cat_3,A
6536,Male,Yes,59.0,Yes,Engineer,12.0,Average,3.0,Cat_7,D
6537,Male,No,31.0,Yes,Engineer,6.0,Average,3.0,Cat_1,B
6538,Male,Yes,32.0,No,Homemaker,0.0,Low,1.0,Cat_2,A
6539,Male,Yes,78.0,Yes,Executive,8.0,High,7.0,Cat_2,D
6540,Female,Yes,49.0,Yes,Artist,11.0,High,3.0,Cat_7,C
6541,Female,Yes,70.0,,Homemaker,8.0,Low,7.0,Cat_7,D
6542,Male,No,39.0,No,Homemaker,9.0,Average,3.0,Cat_7,B
6543,Female,Yes,31.0,Yes,Executive,3.0,Average,4.0,,B
6544,Male,No,38.0,Yes,Engineer,2.0,Low,4.0,,B
6545,Female,No,40.0,Yes,Lawyer,6.0,Low,4.0,Cat_3,B
6546,Male,No,33.0,Yes,Healthcare,3.0,Low,2.0,Cat_2,A
6547,Male,No,23.0,No,Entertainment,1.0,Low,1.0,Cat_3,A
6548,Female,Yes,47.0,Yes,Entertainment,12.0,Average,3.0,Cat_6,D
6549,Male,No,50.0,Yes,Executive,5.0,High,4.0,Cat_3,B
6550,Female,No,19.0,Yes,Executive,2.0,Average,1.0,Cat_4,A
6551,Female,,29.0,Yes,Marketing,9.0,Low,3.0,Cat_1,B
6552,Female,No,25.0,No,Marketing,4.0,Average,1.0,Cat_4,A
6553,Male,Yes,67.0,No,Lawyer,9.0,Average,7.0,Cat_7,D
6554,Male,Yes,48.0,Yes,Homemaker,11.0,High,3.0,Cat_7,C
6555,Female,Yes,46.0,Yes,Homemaker,6.0,High,4.0,Cat_7,C
6556,Female,No,22.0,Yes,Engineer,1.0,Low,1.0,Cat_2,A
6557,Female,No,57.0,,Entertainment,9.0,High,4.0,Cat_7,C
6558,Female,No,26.0,No,Marketing,0.0,Low,1.0,Cat_1,A
6559,Female,No,44.0,No,Homemaker,6.0,High,3.0,Cat_5,B
6560,Female,Yes,42.0,Yes,Engineer,5.0,High,3.0,Cat_6,C
6561,Female,Yes,34.0,No,Marketing,2.0,Average,2.0,Cat_1,A
6562,Female,Yes,36.0,Yes,Engineer,6.0,High,3.0,Cat_6,B
6563,Male,,51.0,Yes,Executive,11.0,High,4.0,Cat_2,C
6564,Male,Yes,46.0,Yes,Entertainment,9.0,High,4.0,Cat_6,C
6565,Female,Yes,30.0,Yes,Marketing,0.0,Low,2.0,Cat_2,A
6566,Male,Yes,49.0,Yes,Entertainment,11.0,Average,7.0,Cat_2,D
6567,Male,Yes,66.0,Yes,Homemaker,12.0,Low,4.0,Cat_6,D
6568,Male,Yes,40.0,Yes,Doctor,2.0,Average,2.0,Cat_4,B
6569,Male,No,30.0,No,Executive,3.0,Average,4.0,Cat_5,B
6570,Female,No,44.0,Yes,Doctor,6.0,Average,3.0,Cat_1,C
6571,Female,Yes,62.0,Yes,Healthcare,11.0,Average,4.0,Cat_4,C
6572,Male,Yes,54.0,Yes,Artist,8.0,Average,7.0,Cat_6,D
6573,Female,No,59.0,No,Entertainment,13.0,Average,7.0,Cat_1,D
6574,Male,Yes,74.0,No,Engineer,14.0,Average,6.0,Cat_6,D
6575,Male,No,58.0,Yes,Executive,6.0,High,3.0,Cat_4,C
6576,Female,No,43.0,Yes,Doctor,8.0,Average,4.0,Cat_6,C
6577,Female,Yes,32.0,Yes,Entertainment,8.0,High,4.0,Cat_4,B
6578,Female,Yes,58.0,Yes,Lawyer,12.0,Average,4.0,Cat_6,C
6579,Female,Yes,39.0,No,Lawyer,9.0,High,2.0,Cat_5,C
6580,Male,No,28.0,No,Homemaker,4.0,Low,1.0,Cat_3,A
6581,Male,Yes,52.0,Yes,Executive,6.0,High,3.0,Cat_6,C
6582,Male,No,52.0,Yes,Marketing,10.0,Low,2.0,Cat_7,C
6583,Female,Yes,54.0,,Executive,13.0,Average,5.0,Cat_7,D
6584,Female,No,54.0,Yes,Executive,12.0,High,4.0,Cat_2,C
6585,Male,Yes,77.0,Yes,Executive,14.0,Average,7.0,Cat_3,D
6586,Male,,48.0,,Healthcare,11.0,High,4.0,Cat_5,C
6587,Male,Yes,67.0,Yes,Homemaker,11.0,Low,4.0,Cat_2,D
6588,Male,,44.0,Yes,Doctor,8.0,Average,2.0,Cat_5,C
6589,Male,Yes,45.0,Yes,Entertainment,9.0,High,4.0,Cat_5,B
6590,Female,Yes,68.0,No,Executive,12.0,Average,3.0,Cat_5,D
6591,Female,Yes,60.0,No,Entertainment,12.0,Low,3.0,Cat_7,D
6592,Male,No,52.0,Yes,Marketing,12.0,Average,6.0,Cat_6,D
6593,Male,Yes,74.0,No,Doctor,12.0,Average,3.0,Cat_7,D
6594,Female,No,29.0,No,Entertainment,4.0,Low,2.0,Cat_2,A
6595,Male,Yes,46.0,Yes,Doctor,9.0,Low,4.0,Cat_7,D
6596,Female,Yes,76.0,Yes,Doctor,13.0,Average,5.0,Cat_1,D
6597,Female,No,24.0,Yes,Healthcare,3.0,Low,2.0,Cat_2,A
6598,Male,No,71.0,Yes,Marketing,12.0,Low,7.0,Cat_2,D
6599,Male,Yes,60.0,No,Engineer,14.0,Average,3.0,Cat_3,D
6600,Female,Yes,64.0,Yes,Lawyer,7.0,High,2.0,Cat_7,C
6601,Male,No,35.0,Yes,Marketing,,Low,3.0,Cat_5,C
6602,Male,Yes,61.0,No,Doctor,10.0,Average,3.0,Cat_4,D
6603,Female,No,36.0,Yes,Healthcare,3.0,Average,2.0,Cat_4,B
6604,Female,No,35.0,No,Marketing,0.0,Average,2.0,Cat_2,A
6605,Female,Yes,35.0,Yes,Engineer,2.0,Average,1.0,Cat_4,A
6606,Male,Yes,28.0,Yes,Engineer,,Average,2.0,Cat_6,B
6607,Male,Yes,31.0,Yes,Lawyer,5.0,High,4.0,Cat_4,B
6608,Female,Yes,39.0,Yes,Marketing,,High,3.0,Cat_7,C
6609,Female,,55.0,No,Entertainment,7.0,High,4.0,Cat_5,C
6610,Female,Yes,57.0,No,Marketing,9.0,Low,7.0,Cat_6,D
6611,Female,Yes,47.0,Yes,Homemaker,7.0,High,,Cat_5,C
6612,Female,No,28.0,No,Healthcare,6.0,High,2.0,Cat_3,B
6613,Female,No,30.0,Yes,Artist,3.0,Low,1.0,Cat_1,A
6614,Male,Yes,63.0,Yes,Homemaker,9.0,Average,4.0,Cat_7,D
6615,Female,No,34.0,No,Engineer,5.0,Low,4.0,Cat_2,B
6616,Male,No,33.0,Yes,Executive,3.0,Average,4.0,Cat_5,B
6617,Male,No,24.0,No,Healthcare,4.0,Low,2.0,Cat_1,A
6618,Male,Yes,57.0,Yes,Lawyer,14.0,Low,7.0,Cat_6,D
6619,Female,No,22.0,No,Homemaker,0.0,Average,2.0,Cat_4,A
6620,Female,Yes,47.0,No,Lawyer,9.0,Average,4.0,Cat_2,B
6621,Female,Yes,48.0,No,Executive,3.0,High,4.0,Cat_6,B
6622,Female,Yes,67.0,No,Marketing,11.0,Low,3.0,Cat_7,D
6623,Male,No,33.0,No,Doctor,2.0,High,3.0,Cat_2,B
6624,Male,No,32.0,No,Engineer,1.0,Low,2.0,Cat_2,A
6625,Male,Yes,50.0,Yes,Engineer,12.0,High,3.0,Cat_5,C
6626,Male,Yes,43.0,No,Homemaker,3.0,Average,2.0,Cat_1,B
6627,Male,No,41.0,Yes,Doctor,7.0,Average,2.0,Cat_5,B
6628,Female,Yes,35.0,No,Marketing,5.0,Average,2.0,Cat_4,B
6629,Male,No,33.0,Yes,Homemaker,,Low,3.0,Cat_2,B
6630,Male,,80.0,Yes,Entertainment,14.0,Low,6.0,Cat_7,D
6631,Male,Yes,40.0,Yes,Marketing,9.0,High,4.0,Cat_2,C
6632,Female,Yes,59.0,Yes,Entertainment,,Average,2.0,Cat_6,C
6633,Female,Yes,50.0,Yes,Executive,4.0,Low,4.0,Cat_5,B
6634,Female,No,34.0,Yes,Homemaker,4.0,Low,1.0,Cat_4,A
6635,Female,Yes,33.0,No,Healthcare,6.0,Average,4.0,Cat_5,B
6636,Male,Yes,75.0,Yes,Healthcare,14.0,Low,7.0,Cat_4,D
6637,Male,No,28.0,No,Entertainment,1.0,Low,2.0,Cat_2,A
6638,Male,Yes,71.0,No,,,High,7.0,Cat_7,D
6639,Male,Yes,42.0,,Healthcare,7.0,Average,3.0,Cat_4,B
6640,Female,No,35.0,Yes,Doctor,3.0,Average,4.0,Cat_4,B
6641,Female,Yes,44.0,Yes,Marketing,8.0,Low,4.0,Cat_4,C
6642,Male,No,59.0,Yes,Lawyer,11.0,High,2.0,Cat_7,C
6643,Female,No,43.0,Yes,Artist,4.0,Low,3.0,Cat_5,B
6644,Male,No,39.0,No,Executive,9.0,Average,2.0,Cat_6,B
6645,Male,No,26.0,Yes,Healthcare,2.0,Low,2.0,Cat_1,A
6646,Female,Yes,30.0,No,Entertainment,4.0,Average,2.0,Cat_2,A
6647,Male,No,31.0,Yes,Healthcare,2.0,Average,1.0,Cat_5,A
6648,Male,Yes,28.0,,Homemaker,6.0,Low,2.0,Cat_3,B
6649,Female,Yes,70.0,No,Engineer,8.0,Low,6.0,Cat_7,D
6650,Female,Yes,32.0,Yes,Lawyer,7.0,Average,2.0,Cat_7,B
6651,Male,Yes,57.0,,,13.0,Low,3.0,Cat_4,D
6652,Male,Yes,45.0,Yes,Doctor,9.0,Low,2.0,Cat_1,B
6653,Male,No,33.0,No,Entertainment,0.0,Low,2.0,Cat_2,A
6654,Female,,28.0,Yes,Engineer,2.0,Average,2.0,Cat_4,B
6655,Female,No,35.0,No,Entertainment,1.0,High,2.0,Cat_4,A
6656,Male,Yes,25.0,Yes,Lawyer,1.0,Low,1.0,Cat_2,A
6657,Female,No,74.0,No,Lawyer,12.0,Average,5.0,Cat_7,D
6658,Female,Yes,62.0,No,Entertainment,,High,4.0,Cat_1,C
6659,Male,Yes,44.0,,Artist,8.0,High,2.0,Cat_4,B
6660,Male,Yes,59.0,Yes,Artist,13.0,Low,5.0,Cat_6,D
6661,Male,Yes,52.0,Yes,Entertainment,9.0,Low,3.0,Cat_6,D
6662,Female,Yes,50.0,Yes,Healthcare,6.0,High,3.0,Cat_1,C
6663,Female,Yes,35.0,No,Entertainment,5.0,Low,4.0,Cat_4,B
6664,Female,Yes,49.0,No,Lawyer,8.0,Average,3.0,Cat_1,C
6665,Male,Yes,74.0,Yes,Executive,11.0,Average,7.0,Cat_7,D
6666,Male,No,44.0,No,Marketing,5.0,Low,3.0,Cat_2,B
6667,Male,Yes,32.0,Yes,Entertainment,1.0,Low,2.0,Cat_2,A
6668,Male,No,31.0,No,Engineer,0.0,Low,2.0,Cat_3,A
6669,Male,Yes,61.0,Yes,Marketing,10.0,Low,3.0,Cat_5,D
6670,Female,No,49.0,No,Entertainment,6.0,Low,2.0,Cat_4,B
6671,Male,Yes,28.0,No,Entertainment,1.0,Low,1.0,Cat_2,A
6672,Female,No,51.0,Yes,Entertainment,,High,2.0,Cat_6,C
6673,Male,,39.0,Yes,Executive,4.0,Average,3.0,Cat_7,B
6674,Male,No,44.0,No,Homemaker,7.0,Low,4.0,Cat_6,B
6675,Male,Yes,35.0,Yes,Entertainment,4.0,Low,2.0,Cat_6,B
6676,Male,Yes,57.0,Yes,Lawyer,12.0,Average,3.0,Cat_7,D
6677,Female,Yes,58.0,Yes,Healthcare,13.0,Low,3.0,Cat_6,D
6678,Female,Yes,65.0,,Healthcare,12.0,Average,6.0,Cat_6,D
6679,Female,Yes,34.0,No,Homemaker,4.0,Average,4.0,Cat_3,B
6680,Male,Yes,46.0,No,Homemaker,13.0,Low,5.0,,D
6681,Male,Yes,70.0,No,Engineer,,Low,7.0,Cat_4,D
6682,Female,Yes,44.0,Yes,Doctor,8.0,High,4.0,Cat_5,C
6683,Female,Yes,48.0,No,Engineer,14.0,Low,4.0,Cat_4,D
6684,Female,Yes,48.0,Yes,Executive,8.0,Low,7.0,Cat_7,D
6685,Female,Yes,47.0,Yes,Marketing,8.0,High,4.0,Cat_5,C
6686,Female,Yes,29.0,Yes,Executive,2.0,Low,2.0,Cat_2,B
6687,Female,Yes,65.0,No,Entertainment,11.0,Average,7.0,Cat_7,D
6688,Female,No,38.0,No,,2.0,Average,2.0,Cat_3,B
6689,Female,No,23.0,No,Doctor,2.0,High,1.0,Cat_2,A
6690,Male,Yes,45.0,Yes,Lawyer,8.0,Average,2.0,Cat_3,C
6691,Female,Yes,38.0,No,Engineer,5.0,Average,2.0,Cat_2,C
6692,Male,No,28.0,,Artist,1.0,Low,2.0,Cat_5,A
6693,Male,No,47.0,No,Entertainment,,Low,2.0,,B
6694,Female,No,47.0,No,Engineer,,Average,3.0,Cat_3,B
6695,Female,Yes,62.0,Yes,Artist,,High,4.0,Cat_6,C
6696,Male,Yes,34.0,Yes,Engineer,3.0,Low,2.0,Cat_3,B
6697,Female,No,31.0,No,Executive,3.0,Low,1.0,Cat_1,A
6698,Female,Yes,35.0,No,Artist,9.0,Average,2.0,Cat_4,B
6699,Female,Yes,18.0,Yes,Artist,,Low,,Cat_3,A
6700,Male,No,38.0,Yes,Entertainment,4.0,Low,2.0,Cat_5,B
6701,Male,Yes,31.0,Yes,Entertainment,8.0,High,3.0,Cat_2,B
6702,Female,No,32.0,Yes,Entertainment,2.0,Low,1.0,Cat_1,A
6703,Female,No,33.0,No,Entertainment,0.0,Low,2.0,Cat_1,A
6704,Male,No,29.0,Yes,Lawyer,4.0,Low,2.0,Cat_1,A
6705,Female,No,20.0,Yes,Entertainment,0.0,Average,1.0,Cat_1,A
6706,Female,No,26.0,No,Lawyer,,Low,2.0,Cat_2,A
6707,Male,Yes,57.0,Yes,Lawyer,,Average,5.0,Cat_5,D
6708,Male,Yes,64.0,Yes,Doctor,14.0,High,2.0,Cat_3,C
6709,Male,No,46.0,Yes,Doctor,10.0,High,4.0,Cat_4,C
6710,Female,Yes,39.0,,Doctor,14.0,High,2.0,Cat_5,C
6711,Male,Yes,71.0,Yes,Homemaker,10.0,Average,,,D
6712,Female,No,25.0,Yes,Artist,4.0,Low,1.0,Cat_3,A
6713,Male,Yes,70.0,No,Marketing,10.0,Low,6.0,Cat_7,D
6714,Female,No,33.0,Yes,Executive,4.0,Average,2.0,Cat_4,B
6715,Female,Yes,49.0,Yes,Artist,14.0,High,2.0,Cat_1,C
6716,Male,Yes,66.0,Yes,Homemaker,8.0,Low,7.0,Cat_4,D
6717,Male,No,18.0,No,Engineer,2.0,Low,2.0,Cat_2,A
6718,Male,No,37.0,,Artist,8.0,Average,3.0,Cat_1,B
6719,Male,Yes,29.0,Yes,Doctor,,High,3.0,Cat_3,B
6720,Male,Yes,44.0,Yes,Healthcare,8.0,High,4.0,Cat_7,B
6721,Male,No,38.0,No,Entertainment,3.0,Low,4.0,Cat_3,B
6722,Male,Yes,45.0,Yes,Homemaker,12.0,High,2.0,Cat_6,C
6723,Male,Yes,34.0,No,Lawyer,0.0,Low,,Cat_4,A
6724,Male,Yes,29.0,Yes,Engineer,2.0,Average,2.0,Cat_3,B
6725,Male,Yes,46.0,No,Entertainment,12.0,Low,7.0,Cat_7,D
6726,Male,Yes,42.0,Yes,Healthcare,4.0,Low,3.0,Cat_4,B
6727,Female,No,32.0,No,Homemaker,2.0,Average,2.0,Cat_1,A
6728,Female,Yes,33.0,Yes,Engineer,,Average,3.0,Cat_4,B
6729,Female,Yes,42.0,No,,9.0,Low,4.0,Cat_5,B
6730,Female,Yes,22.0,Yes,Engineer,,Low,2.0,Cat_3,A
6731,Male,Yes,47.0,No,Artist,8.0,Low,3.0,Cat_2,B
6732,Male,Yes,57.0,Yes,Doctor,8.0,High,4.0,Cat_5,C
6733,Male,Yes,64.0,Yes,Healthcare,10.0,High,2.0,Cat_7,C
6734,Male,Yes,64.0,Yes,Entertainment,8.0,High,3.0,Cat_6,C
6735,Female,Yes,68.0,Yes,Healthcare,11.0,Average,5.0,Cat_6,D
6736,Female,No,34.0,Yes,Executive,8.0,Average,3.0,Cat_1,B
6737,Male,No,34.0,Yes,Homemaker,6.0,Low,2.0,Cat_1,B
6738,Male,Yes,51.0,Yes,Executive,10.0,High,3.0,Cat_2,C
6739,Female,No,20.0,No,Homemaker,4.0,Average,2.0,Cat_1,A
6740,Female,Yes,20.0,No,Executive,3.0,Low,1.0,Cat_2,A
6741,Female,No,46.0,No,Healthcare,9.0,Average,4.0,Cat_2,B
6742,Male,Yes,48.0,Yes,Homemaker,3.0,Average,3.0,,B
6743,Male,No,29.0,No,Artist,6.0,Average,4.0,Cat_1,B
6744,Female,No,26.0,No,Artist,2.0,Low,1.0,Cat_2,A
6745,Male,Yes,55.0,Yes,Lawyer,6.0,High,2.0,,C
6746,Male,No,74.0,No,Lawyer,13.0,Low,4.0,Cat_6,D
6747,Female,Yes,46.0,No,Entertainment,5.0,High,2.0,Cat_3,C
6748,Male,Yes,38.0,No,Executive,5.0,Average,2.0,Cat_4,B
6749,Female,No,27.0,Yes,Entertainment,2.0,Low,2.0,Cat_2,A
6750,Male,Yes,41.0,Yes,Lawyer,9.0,Low,2.0,Cat_6,B
6751,Female,Yes,50.0,Yes,Artist,12.0,Low,6.0,Cat_5,D
6752,Female,Yes,57.0,Yes,,10.0,Low,2.0,Cat_3,C
6753,Male,No,30.0,No,Engineer,2.0,Low,2.0,Cat_3,A
6754,Female,No,36.0,Yes,Doctor,7.0,High,,Cat_2,C
6755,Male,Yes,75.0,Yes,,11.0,Low,3.0,Cat_4,D
6756,Male,Yes,52.0,Yes,Engineer,14.0,Average,5.0,Cat_6,D
6757,Female,Yes,35.0,No,Doctor,3.0,Low,1.0,Cat_1,A
6758,Male,Yes,40.0,Yes,Artist,6.0,Average,3.0,Cat_7,B
6759,Female,No,43.0,Yes,Homemaker,,High,3.0,Cat_6,C
6760,Male,No,63.0,Yes,Healthcare,9.0,High,2.0,Cat_6,C
6761,Female,Yes,57.0,No,Lawyer,14.0,Average,3.0,Cat_4,D
6762,Female,Yes,35.0,Yes,Engineer,7.0,Average,3.0,Cat_3,B
6763,Female,Yes,42.0,Yes,Entertainment,7.0,Low,3.0,Cat_7,B
6764,Male,Yes,51.0,Yes,Engineer,7.0,High,4.0,Cat_5,C
6765,Male,No,39.0,Yes,Lawyer,2.0,Average,4.0,Cat_3,B
6766,Male,Yes,53.0,Yes,Marketing,9.0,High,7.0,Cat_4,D
6767,Female,No,43.0,No,Entertainment,7.0,Low,4.0,Cat_1,B
6768,Female,Yes,57.0,Yes,Lawyer,6.0,High,4.0,Cat_5,C
6769,Female,Yes,33.0,Yes,Healthcare,7.0,Low,4.0,Cat_4,B
6770,Male,,32.0,Yes,Executive,4.0,Low,2.0,Cat_3,A
6771,Female,Yes,33.0,Yes,Entertainment,,Low,,Cat_5,A
6772,Male,Yes,51.0,No,Healthcare,7.0,High,2.0,Cat_7,C
6773,Male,Yes,57.0,Yes,Homemaker,,Low,6.0,Cat_6,D
6774,Male,No,53.0,Yes,Homemaker,14.0,Average,7.0,Cat_7,D
6775,Male,Yes,40.0,No,Artist,6.0,Average,4.0,Cat_4,B
6776,Male,No,69.0,Yes,Marketing,12.0,Average,5.0,Cat_5,D
6777,Male,No,29.0,No,Artist,4.0,Low,1.0,Cat_4,A
6778,Male,Yes,31.0,Yes,Healthcare,,Low,2.0,Cat_3,A
6779,Male,No,42.0,Yes,Marketing,2.0,Average,4.0,Cat_3,B
6780,Male,Yes,38.0,Yes,Marketing,8.0,Average,2.0,Cat_2,B
6781,Male,Yes,76.0,Yes,Entertainment,12.0,Low,6.0,Cat_5,D
6782,Female,Yes,60.0,Yes,Healthcare,7.0,Average,3.0,Cat_5,C
6783,Male,Yes,44.0,Yes,Lawyer,9.0,Average,3.0,Cat_3,B
6784,Female,No,20.0,No,Engineer,0.0,Low,1.0,Cat_2,A
6785,Male,Yes,63.0,Yes,,11.0,High,3.0,Cat_5,D
6786,Female,Yes,49.0,Yes,Lawyer,11.0,Low,4.0,,D
6787,Female,,44.0,Yes,Lawyer,5.0,Average,2.0,Cat_3,B
6788,Male,Yes,64.0,Yes,Healthcare,10.0,Average,7.0,Cat_6,D
6789,Female,No,20.0,Yes,Healthcare,4.0,Low,1.0,Cat_2,A
6790,Female,No,21.0,Yes,Artist,4.0,Average,1.0,Cat_3,A
6791,Male,Yes,21.0,No,Healthcare,2.0,Low,,Cat_1,A
6792,Female,No,40.0,Yes,Engineer,6.0,Average,4.0,Cat_4,B
6793,Female,Yes,61.0,No,Healthcare,,Average,4.0,Cat_6,D
6794,Female,Yes,35.0,Yes,Entertainment,1.0,Average,2.0,Cat_2,A
6795,Male,No,34.0,No,Healthcare,9.0,Low,2.0,Cat_3,B
6796,Male,No,24.0,Yes,Marketing,1.0,Low,1.0,Cat_1,A
6797,Female,No,60.0,Yes,Engineer,6.0,High,3.0,Cat_7,C
6798,Male,,28.0,Yes,Artist,2.0,Low,1.0,Cat_2,A
6799,Male,Yes,46.0,No,Engineer,11.0,Average,5.0,Cat_7,D
6800,Female,No,22.0,Yes,Lawyer,3.0,Average,2.0,Cat_2,A
6801,Female,Yes,64.0,Yes,Lawyer,14.0,High,4.0,Cat_6,C
6802,Male,No,30.0,Yes,Entertainment,4.0,Low,2.0,Cat_6,A
6803,Male,No,43.0,Yes,Artist,3.0,Low,2.0,Cat_4,B
6804,Male,Yes,47.0,Yes,Engineer,,Low,,Cat_7,D
6805,Female,No,31.0,No,Lawyer,3.0,Average,1.0,Cat_2,A
6806,Male,No,35.0,Yes,Executive,12.0,Average,2.0,Cat_1,C
6807,Female,No,34.0,No,Homemaker,0.0,High,2.0,Cat_2,A
6808,Female,No,25.0,Yes,Healthcare,2.0,Average,2.0,Cat_5,A
6809,Female,No,31.0,Yes,Engineer,3.0,Low,2.0,Cat_1,A
6810,Female,Yes,36.0,Yes,Entertainment,7.0,High,2.0,Cat_6,C
6811,Male,Yes,44.0,Yes,Lawyer,14.0,Average,3.0,Cat_1,C
6812,Male,Yes,70.0,No,Marketing,13.0,Low,5.0,Cat_4,D
6813,Female,,48.0,Yes,Homemaker,13.0,Low,7.0,Cat_5,D
6814,Male,No,50.0,Yes,,6.0,Average,2.0,Cat_6,C
6815,Male,Yes,47.0,,Lawyer,,Low,3.0,Cat_7,D
6816,Male,No,64.0,Yes,Lawyer,6.0,High,2.0,,C
6817,Female,Yes,45.0,Yes,Healthcare,10.0,Low,2.0,Cat_5,C
6818,Male,No,20.0,Yes,Entertainment,3.0,Low,1.0,Cat_2,A
6819,Female,No,33.0,Yes,Healthcare,0.0,Low,2.0,Cat_2,A
6820,Female,No,54.0,No,Homemaker,,Average,4.0,Cat_7,D
6821,Female,Yes,35.0,No,Artist,2.0,Low,,Cat_2,A
6822,Male,Yes,56.0,Yes,,10.0,Average,,Cat_6,C
6823,Female,Yes,67.0,Yes,Lawyer,8.0,High,7.0,Cat_6,D
6824,Female,No,55.0,Yes,Artist,8.0,High,3.0,Cat_6,C
6825,Male,Yes,76.0,No,Engineer,9.0,High,,Cat_7,D
6826,Female,Yes,41.0,Yes,Executive,10.0,High,4.0,Cat_2,C
6827,Female,Yes,51.0,Yes,Doctor,12.0,Low,5.0,Cat_1,D
6828,Male,No,32.0,Yes,,6.0,Average,3.0,Cat_1,B
6829,Male,Yes,26.0,No,,2.0,Low,1.0,Cat_2,A
6830,Female,No,54.0,No,Lawyer,7.0,High,3.0,Cat_2,C
6831,Female,Yes,56.0,Yes,Lawyer,8.0,High,3.0,Cat_1,C
6832,Male,Yes,68.0,Yes,Engineer,11.0,Low,4.0,Cat_2,D
6833,Female,No,54.0,Yes,Artist,9.0,High,3.0,Cat_4,C
6834,Male,Yes,55.0,No,Homemaker,10.0,Low,4.0,Cat_7,D
6835,Female,No,41.0,Yes,Healthcare,3.0,Low,4.0,Cat_3,B
6836,Male,Yes,58.0,,Engineer,12.0,Low,3.0,Cat_3,C
6837,Male,No,29.0,No,Lawyer,4.0,Average,,Cat_3,B
6838,Female,No,19.0,No,Executive,2.0,Low,2.0,Cat_3,A
6839,Female,,29.0,Yes,Artist,0.0,Average,1.0,Cat_5,A
6840,Male,No,64.0,Yes,Marketing,7.0,High,4.0,Cat_6,C
6841,Female,No,29.0,Yes,Doctor,1.0,Low,1.0,Cat_6,A
6842,Male,No,56.0,Yes,Engineer,7.0,Average,3.0,Cat_6,C
6843,Female,Yes,35.0,Yes,Doctor,11.0,High,2.0,Cat_6,C
6844,Female,No,35.0,No,Healthcare,0.0,Low,2.0,Cat_6,A
6845,Female,No,25.0,Yes,Entertainment,2.0,Low,1.0,Cat_1,A
6846,Female,Yes,54.0,Yes,Doctor,12.0,Average,3.0,Cat_5,C
6847,Female,Yes,33.0,No,Doctor,1.0,Low,1.0,Cat_5,A
6848,Male,Yes,34.0,Yes,Entertainment,7.0,Low,4.0,Cat_4,B
6849,Male,Yes,57.0,Yes,Artist,7.0,High,2.0,Cat_4,C
6850,Female,No,34.0,No,Marketing,0.0,Low,2.0,Cat_1,A
6851,Female,Yes,38.0,No,Engineer,8.0,High,,Cat_6,B
6852,Male,No,23.0,No,Artist,4.0,High,1.0,Cat_2,A
6853,Male,Yes,47.0,Yes,Artist,8.0,Low,7.0,Cat_3,D
6854,Male,No,26.0,Yes,Entertainment,3.0,Low,1.0,Cat_2,A
6855,Male,Yes,29.0,Yes,Artist,2.0,Low,4.0,Cat_5,B
6856,Male,No,47.0,,Engineer,7.0,Average,2.0,Cat_4,B
6857,Male,Yes,59.0,Yes,Marketing,11.0,Low,6.0,Cat_7,D
6858,Female,Yes,33.0,Yes,Homemaker,4.0,Average,3.0,Cat_2,B
6859,Female,No,44.0,No,Healthcare,,Low,4.0,Cat_3,B
6860,Female,Yes,41.0,Yes,Marketing,9.0,Average,4.0,Cat_3,B
6861,Male,Yes,29.0,Yes,Entertainment,6.0,Average,2.0,Cat_2,B
6862,Female,Yes,79.0,No,Homemaker,9.0,Average,4.0,Cat_2,D
6863,Male,No,51.0,Yes,Lawyer,6.0,Average,4.0,Cat_4,C
6864,Male,No,32.0,No,Executive,1.0,Low,1.0,Cat_1,A
6865,Male,Yes,62.0,No,Entertainment,10.0,Low,7.0,Cat_5,D
6866,Female,,28.0,Yes,Executive,9.0,Low,2.0,Cat_3,B
6867,Male,,40.0,Yes,Executive,3.0,Average,4.0,Cat_2,B
6868,Male,No,71.0,No,Executive,,Average,7.0,Cat_7,D
6869,Female,No,20.0,Yes,Doctor,3.0,Low,2.0,Cat_1,A
6870,Female,No,29.0,No,Entertainment,9.0,Average,4.0,Cat_5,B
6871,Female,Yes,41.0,No,Executive,9.0,Average,2.0,,B
6872,Male,Yes,59.0,No,Artist,12.0,Average,5.0,Cat_6,D
6873,Female,No,69.0,No,Executive,8.0,Low,3.0,Cat_3,D
6874,Female,No,34.0,Yes,Engineer,2.0,Average,3.0,Cat_5,B
6875,Male,No,31.0,No,Entertainment,3.0,Average,2.0,Cat_3,A
6876,Male,Yes,48.0,Yes,Homemaker,,High,4.0,Cat_4,B
6877,Male,No,22.0,Yes,Entertainment,4.0,Low,1.0,Cat_2,A
6878,Male,Yes,45.0,Yes,Doctor,13.0,High,2.0,Cat_5,C
6879,Male,No,42.0,No,Doctor,8.0,High,3.0,Cat_2,B
6880,Female,Yes,54.0,No,Doctor,9.0,High,2.0,Cat_6,C
6881,Female,No,49.0,Yes,Entertainment,9.0,Average,4.0,Cat_7,D
6882,Male,Yes,37.0,Yes,Engineer,2.0,Average,3.0,Cat_3,B
6883,Female,Yes,47.0,Yes,Homemaker,14.0,Low,3.0,Cat_6,D
6884,Male,Yes,33.0,,Doctor,5.0,Average,3.0,Cat_6,B
6885,Male,Yes,45.0,Yes,Executive,5.0,High,4.0,Cat_4,C
6886,Male,Yes,70.0,,Artist,14.0,Low,3.0,Cat_7,D
6887,Female,No,21.0,No,Entertainment,,Low,1.0,Cat_3,A
6888,Female,Yes,50.0,Yes,,12.0,Average,3.0,Cat_5,C
6889,Female,No,80.0,Yes,Doctor,9.0,High,4.0,Cat_6,D
6890,Male,No,33.0,No,Executive,6.0,Average,3.0,Cat_4,B
6891,Male,Yes,28.0,No,Homemaker,3.0,Average,2.0,Cat_5,A
6892,Female,Yes,67.0,No,Engineer,10.0,High,7.0,Cat_6,D
6893,Female,Yes,26.0,No,Entertainment,,Average,2.0,Cat_1,A
6894,Female,No,23.0,Yes,Healthcare,2.0,Low,2.0,Cat_1,A
6895,Female,No,29.0,No,Executive,0.0,Low,2.0,Cat_3,A
6896,Male,Yes,50.0,Yes,Healthcare,,Low,7.0,Cat_3,D
6897,Female,Yes,45.0,No,Healthcare,,Average,3.0,Cat_4,B
6898,Male,Yes,41.0,No,Marketing,3.0,Average,4.0,Cat_4,B
6899,Male,Yes,50.0,Yes,,13.0,Average,7.0,Cat_7,D
6900,Female,Yes,57.0,,Engineer,11.0,High,3.0,Cat_4,C
6901,Female,Yes,27.0,Yes,Executive,0.0,Average,,Cat_3,A
6902,Female,Yes,54.0,Yes,Homemaker,8.0,Average,3.0,Cat_6,D
6903,Male,Yes,37.0,Yes,Homemaker,8.0,High,4.0,Cat_2,C
6904,Male,No,31.0,No,Artist,4.0,Low,2.0,Cat_1,A
6905,Female,No,35.0,Yes,Artist,3.0,Average,1.0,Cat_3,A
6906,Male,Yes,58.0,Yes,Marketing,8.0,Average,7.0,Cat_4,D
6907,Male,Yes,74.0,No,Doctor,,Low,7.0,Cat_7,D
6908,Male,Yes,44.0,No,,7.0,Average,2.0,Cat_5,B
6909,Male,,57.0,Yes,Executive,14.0,Average,4.0,Cat_5,C
6910,Male,No,50.0,Yes,Homemaker,8.0,High,4.0,Cat_6,C
6911,Male,Yes,55.0,Yes,Engineer,10.0,Average,5.0,Cat_6,D
6912,Male,Yes,45.0,Yes,Lawyer,8.0,High,2.0,Cat_1,B
6913,Female,No,59.0,Yes,Healthcare,9.0,Average,5.0,Cat_5,D
6914,Male,Yes,70.0,No,Lawyer,8.0,High,7.0,Cat_3,D
6915,Female,Yes,30.0,No,Doctor,,Low,3.0,Cat_2,B
6916,Male,No,65.0,No,Healthcare,9.0,Low,4.0,Cat_6,D
6917,Female,Yes,60.0,No,Executive,,High,3.0,Cat_5,C
6918,Male,Yes,78.0,No,Executive,11.0,Average,3.0,Cat_7,D
6919,Female,Yes,33.0,Yes,Lawyer,7.0,Low,4.0,Cat_2,B
6920,Male,No,21.0,Yes,Engineer,4.0,Low,2.0,Cat_4,A
6921,Male,No,33.0,No,Artist,2.0,Average,2.0,Cat_2,A
6922,Female,No,43.0,No,Doctor,6.0,High,4.0,Cat_7,C
6923,Male,No,42.0,Yes,Lawyer,11.0,Average,2.0,,C
6924,Male,Yes,44.0,Yes,Executive,10.0,High,3.0,Cat_5,C
6925,Male,Yes,49.0,Yes,Healthcare,10.0,Low,2.0,Cat_4,C
6926,Male,Yes,76.0,No,Executive,14.0,High,5.0,Cat_6,D
6927,Female,No,44.0,Yes,Healthcare,11.0,Average,3.0,Cat_6,C
6928,Female,Yes,76.0,Yes,Marketing,9.0,Average,4.0,,D
6929,Female,No,22.0,Yes,Lawyer,1.0,Average,2.0,Cat_2,A
6930,Male,No,42.0,Yes,Doctor,4.0,Low,4.0,Cat_2,B
6931,Female,No,28.0,No,Homemaker,2.0,Average,2.0,Cat_4,B
6932,Female,Yes,47.0,Yes,Homemaker,7.0,High,4.0,Cat_3,C
6933,Male,No,58.0,Yes,Doctor,,High,4.0,Cat_6,C
6934,Male,No,27.0,No,Lawyer,0.0,Average,2.0,Cat_1,A
6935,Male,Yes,53.0,Yes,Entertainment,8.0,High,4.0,Cat_2,C
6936,Female,No,19.0,Yes,Artist,0.0,Low,2.0,Cat_4,A
6937,Female,No,31.0,No,Artist,3.0,Low,2.0,Cat_1,A
6938,Female,No,35.0,No,Artist,,Average,2.0,Cat_2,A
6939,Male,Yes,48.0,Yes,Lawyer,4.0,Average,2.0,Cat_6,B
6940,Male,Yes,61.0,No,Engineer,6.0,High,2.0,Cat_4,C
6941,Male,No,31.0,No,Homemaker,0.0,Low,2.0,Cat_2,A
6942,Male,Yes,80.0,Yes,Engineer,12.0,Low,7.0,Cat_5,D
6943,Female,Yes,65.0,Yes,Healthcare,14.0,Low,4.0,Cat_3,C
6944,Female,No,28.0,Yes,Artist,4.0,Low,2.0,Cat_1,A
6945,Male,Yes,50.0,No,Healthcare,12.0,High,2.0,Cat_5,C
6946,Female,Yes,45.0,Yes,Engineer,14.0,High,2.0,Cat_7,C
6947,Male,No,59.0,Yes,Engineer,10.0,Average,3.0,Cat_5,C
6948,Female,Yes,50.0,No,Homemaker,8.0,Low,2.0,Cat_3,B
6949,Male,Yes,64.0,,Lawyer,14.0,High,2.0,Cat_1,C
6950,Female,Yes,40.0,Yes,Homemaker,7.0,Low,3.0,Cat_7,B
6951,Male,Yes,47.0,No,Engineer,8.0,High,3.0,Cat_7,C
6952,Female,Yes,56.0,Yes,Entertainment,10.0,Low,5.0,Cat_2,D
6953,Female,No,42.0,Yes,Executive,9.0,High,4.0,Cat_5,C
6954,Male,No,46.0,No,Homemaker,2.0,Average,4.0,Cat_1,B
6955,Female,No,43.0,No,Executive,4.0,Average,2.0,Cat_2,B
6956,Female,Yes,48.0,Yes,Artist,,High,3.0,Cat_4,C
6957,Male,No,76.0,Yes,Healthcare,12.0,Low,6.0,Cat_6,D
6958,Female,No,43.0,No,Marketing,3.0,Average,4.0,Cat_4,B
6959,Female,Yes,45.0,Yes,Doctor,10.0,Average,3.0,Cat_7,D
6960,Female,Yes,36.0,Yes,Executive,6.0,Average,4.0,Cat_1,C
6961,Female,No,31.0,Yes,Executive,0.0,Average,2.0,Cat_1,A
6962,Female,Yes,46.0,Yes,Marketing,12.0,High,,Cat_4,C
6963,Female,No,19.0,No,Executive,3.0,Low,2.0,Cat_7,A
6964,Female,Yes,73.0,No,Homemaker,10.0,Average,7.0,Cat_5,D
6965,Female,No,43.0,Yes,Artist,3.0,Average,3.0,,B
6966,Female,Yes,28.0,Yes,Artist,8.0,Low,2.0,Cat_1,B
6967,Female,No,31.0,Yes,Engineer,3.0,Average,2.0,Cat_2,A
6968,Female,Yes,63.0,Yes,,13.0,Low,4.0,,D
6969,Male,Yes,58.0,Yes,Doctor,14.0,Average,4.0,Cat_6,D
6970,Male,Yes,48.0,Yes,Marketing,11.0,Average,2.0,Cat_6,C
6971,Female,Yes,60.0,Yes,Doctor,11.0,Average,5.0,Cat_3,D
6972,Male,Yes,36.0,No,Executive,3.0,Average,3.0,Cat_4,B
6973,Male,Yes,45.0,Yes,Doctor,13.0,Low,,Cat_7,D
6974,Female,Yes,59.0,,Doctor,12.0,High,4.0,Cat_6,C
6975,Male,Yes,53.0,Yes,Homemaker,13.0,Average,4.0,Cat_6,C
6976,Male,No,61.0,Yes,Executive,,Average,4.0,Cat_3,D
6977,Female,No,47.0,No,Lawyer,2.0,Average,2.0,Cat_3,B
6978,Male,No,55.0,No,Doctor,10.0,Average,4.0,Cat_5,D
6979,Male,No,49.0,Yes,Engineer,14.0,Average,2.0,Cat_4,C
6980,Female,Yes,20.0,Yes,Engineer,0.0,Low,2.0,Cat_1,A
6981,Female,Yes,20.0,No,Engineer,1.0,Average,2.0,Cat_2,A
6982,Female,No,36.0,Yes,Healthcare,11.0,High,2.0,Cat_5,C
6983,Female,No,21.0,No,Entertainment,3.0,Low,1.0,Cat_1,A
6984,Male,No,54.0,Yes,Engineer,11.0,Low,4.0,Cat_6,D
6985,Male,No,27.0,,Lawyer,3.0,Low,2.0,Cat_1,A
6986,Female,No,48.0,No,Entertainment,9.0,High,,Cat_3,B
6987,Male,Yes,27.0,No,Healthcare,2.0,Low,1.0,Cat_1,A
6988,Female,No,19.0,Yes,Homemaker,1.0,Average,1.0,Cat_4,A
6989,Female,Yes,43.0,Yes,Engineer,7.0,Average,2.0,Cat_5,B
6990,Male,Yes,39.0,Yes,Lawyer,14.0,High,2.0,Cat_5,C
6991,Female,No,19.0,Yes,Homemaker,0.0,High,1.0,Cat_3,A
6992,Male,Yes,50.0,Yes,Homemaker,7.0,Average,2.0,Cat_1,C
6993,Female,Yes,48.0,Yes,Marketing,12.0,High,5.0,Cat_7,D
6994,Female,,72.0,No,Healthcare,,Average,5.0,Cat_6,D
6995,Male,Yes,70.0,Yes,Lawyer,8.0,Average,3.0,Cat_7,D
6996,Female,,78.0,No,,9.0,Average,4.0,Cat_3,D
6997,Female,No,31.0,Yes,Healthcare,4.0,Average,2.0,Cat_1,A
6998,Male,Yes,79.0,Yes,Homemaker,9.0,Average,7.0,Cat_6,D
6999,Male,Yes,24.0,No,Artist,3.0,Low,1.0,Cat_2,A
7000,Male,No,44.0,,Homemaker,5.0,Average,3.0,Cat_5,B
7001,Female,Yes,41.0,No,Executive,2.0,Average,4.0,Cat_4,B
7002,Male,No,47.0,Yes,,10.0,High,2.0,Cat_3,C
7003,Male,Yes,28.0,No,Engineer,5.0,Average,3.0,Cat_4,B
7004,Male,Yes,55.0,Yes,Homemaker,,Average,3.0,Cat_3,D
7005,Female,Yes,58.0,Yes,Lawyer,,High,2.0,Cat_6,C
7006,Female,No,35.0,Yes,Engineer,6.0,High,4.0,Cat_4,C
7007,Male,Yes,62.0,Yes,Entertainment,14.0,Average,4.0,Cat_4,D
7008,Female,No,50.0,No,Artist,8.0,Average,3.0,Cat_7,B
7009,Male,Yes,59.0,No,Executive,8.0,High,3.0,Cat_4,C
7010,Female,No,47.0,Yes,Lawyer,2.0,Low,,Cat_4,B
7011,Male,,36.0,Yes,Executive,12.0,High,2.0,Cat_5,C
7012,Male,Yes,47.0,No,Healthcare,8.0,Average,2.0,Cat_3,B
7013,Female,No,37.0,Yes,Artist,8.0,High,4.0,Cat_6,B
7014,Female,Yes,36.0,Yes,Engineer,5.0,Average,2.0,Cat_7,C
7015,Male,Yes,29.0,No,Marketing,8.0,Average,3.0,Cat_1,B
7016,Female,Yes,76.0,Yes,Entertainment,14.0,Low,6.0,Cat_7,D
7017,Female,No,21.0,No,Artist,,Low,2.0,Cat_1,A
7018,Female,Yes,50.0,Yes,Lawyer,5.0,Average,3.0,Cat_5,C
7019,Female,No,46.0,Yes,Executive,7.0,Low,3.0,Cat_2,B
7020,Female,No,45.0,Yes,Executive,6.0,Average,3.0,Cat_6,B
7021,Female,No,46.0,Yes,Executive,2.0,Average,3.0,,B
7022,Female,No,65.0,Yes,Engineer,8.0,High,4.0,Cat_4,C
7023,Male,Yes,47.0,Yes,Healthcare,8.0,Average,2.0,Cat_5,C
7024,Female,Yes,61.0,Yes,Engineer,10.0,High,3.0,Cat_5,C
7025,Female,Yes,62.0,No,Executive,9.0,Low,6.0,Cat_1,D
7026,Female,Yes,42.0,Yes,Engineer,9.0,High,4.0,Cat_5,C
7027,Male,Yes,57.0,Yes,Lawyer,10.0,Average,3.0,Cat_3,C
7028,Female,Yes,21.0,No,Lawyer,0.0,Low,1.0,Cat_2,A
7029,Male,No,22.0,Yes,Healthcare,1.0,Low,1.0,,A
7030,Female,Yes,41.0,Yes,Marketing,9.0,High,2.0,Cat_3,C
7031,Male,Yes,39.0,Yes,Executive,6.0,Average,4.0,Cat_3,B
7032,Male,Yes,55.0,No,Homemaker,,Low,7.0,Cat_2,D
7033,Female,No,25.0,No,Artist,0.0,Low,2.0,Cat_2,A
7034,Male,Yes,45.0,Yes,Marketing,10.0,Average,6.0,Cat_5,D
7035,Female,Yes,64.0,No,Artist,14.0,High,4.0,Cat_7,D
7036,Male,No,23.0,No,Homemaker,1.0,Low,1.0,Cat_2,A
7037,Male,Yes,69.0,Yes,Homemaker,8.0,Average,4.0,Cat_7,D
7038,Male,Yes,46.0,No,Marketing,8.0,Low,3.0,Cat_6,D
7039,Male,,78.0,Yes,,8.0,Average,3.0,Cat_7,D
7040,Male,No,50.0,No,Lawyer,5.0,Low,4.0,Cat_1,B
7041,Male,No,39.0,Yes,Engineer,,High,4.0,Cat_6,C
7042,Male,No,42.0,Yes,Healthcare,,Average,3.0,Cat_3,B
7043,Male,No,43.0,Yes,Executive,7.0,Average,2.0,Cat_5,C
7044,Male,No,31.0,Yes,Homemaker,8.0,Low,3.0,Cat_1,B
7045,Female,Yes,58.0,No,Homemaker,13.0,Average,3.0,Cat_3,D
7046,Male,Yes,26.0,Yes,Artist,0.0,Low,2.0,Cat_2,A
7047,Male,No,37.0,No,Entertainment,2.0,High,4.0,Cat_7,B
7048,Female,No,36.0,No,Healthcare,,High,4.0,Cat_5,B
7049,Male,No,28.0,No,Doctor,9.0,Average,2.0,Cat_2,B
7050,Female,Yes,48.0,No,Engineer,8.0,Average,2.0,Cat_5,C
7051,Male,No,46.0,Yes,Artist,9.0,High,5.0,Cat_7,D
7052,Male,No,27.0,,Homemaker,3.0,Low,2.0,Cat_6,A
7053,Female,No,48.0,Yes,Executive,12.0,High,3.0,Cat_5,C
7054,Male,No,46.0,Yes,Executive,4.0,Low,3.0,Cat_4,B
7055,Male,No,32.0,Yes,Engineer,3.0,Low,2.0,Cat_1,A
7056,Female,No,18.0,No,Marketing,3.0,Low,1.0,Cat_5,A
7057,Female,,33.0,No,Artist,0.0,Average,1.0,Cat_1,A
7058,Female,No,19.0,No,Artist,0.0,Low,2.0,Cat_2,A
7059,Female,Yes,40.0,Yes,Artist,13.0,Average,2.0,,C
7060,Male,Yes,28.0,No,Engineer,5.0,Low,2.0,Cat_4,B
7061,Male,No,22.0,Yes,Doctor,3.0,Low,1.0,Cat_2,A
7062,Female,No,33.0,Yes,Doctor,5.0,Average,3.0,Cat_4,B
7063,Female,Yes,45.0,No,Executive,14.0,Average,4.0,Cat_6,C
7064,Female,No,20.0,No,Healthcare,2.0,High,2.0,Cat_1,A
7065,Male,No,33.0,Yes,Engineer,2.0,Low,1.0,Cat_2,A
7066,Female,Yes,45.0,Yes,Artist,9.0,Low,3.0,Cat_2,D
7067,Male,No,20.0,No,Artist,3.0,Average,1.0,Cat_2,A
7068,Female,Yes,66.0,No,Lawyer,9.0,High,4.0,Cat_6,D
7069,Male,Yes,38.0,Yes,Doctor,5.0,High,4.0,Cat_6,B
7070,Female,Yes,41.0,Yes,Homemaker,7.0,Average,3.0,Cat_4,B
7071,Female,No,20.0,No,Healthcare,3.0,Low,2.0,Cat_2,A
7072,Male,No,61.0,,Engineer,10.0,Average,3.0,Cat_7,D
7073,Male,Yes,74.0,No,Engineer,9.0,High,6.0,Cat_7,D
7074,Male,,43.0,Yes,Doctor,6.0,High,3.0,Cat_5,C
7075,Female,Yes,64.0,Yes,Marketing,,High,4.0,Cat_6,C
7076,Female,Yes,31.0,Yes,Healthcare,4.0,Average,2.0,Cat_3,A
7077,Male,Yes,72.0,Yes,Lawyer,12.0,Low,5.0,Cat_6,D
7078,Female,No,64.0,Yes,Artist,14.0,Low,3.0,Cat_6,D
7079,Male,No,19.0,No,Lawyer,,Low,2.0,,A
7080,Male,Yes,44.0,Yes,Lawyer,8.0,High,3.0,Cat_3,C
7081,Male,Yes,77.0,Yes,Marketing,9.0,High,6.0,Cat_7,D
7082,Female,Yes,63.0,Yes,Healthcare,11.0,Average,4.0,Cat_4,C
7083,Male,Yes,57.0,,Engineer,13.0,High,2.0,Cat_1,C
7084,Female,Yes,57.0,Yes,Executive,10.0,High,3.0,Cat_3,C
7085,Male,Yes,35.0,Yes,Executive,6.0,Low,4.0,Cat_5,B
7086,Male,,51.0,Yes,Entertainment,,Low,6.0,Cat_3,D
7087,Female,No,32.0,No,Artist,,Low,2.0,Cat_3,A
7088,Female,Yes,62.0,No,Engineer,,Average,3.0,Cat_5,D
7089,Male,,44.0,Yes,Entertainment,6.0,High,2.0,Cat_2,C
7090,Male,No,21.0,No,Doctor,0.0,Low,1.0,Cat_1,A
7091,Male,No,42.0,Yes,Executive,5.0,Low,2.0,Cat_4,B
7092,Female,No,21.0,No,Homemaker,4.0,Average,2.0,Cat_1,A
7093,Male,Yes,57.0,Yes,Executive,10.0,High,2.0,Cat_5,C
7094,Female,Yes,50.0,Yes,Lawyer,9.0,High,2.0,Cat_1,C
7095,Male,Yes,68.0,Yes,Homemaker,9.0,Average,,Cat_7,D
7096,Female,No,23.0,Yes,Marketing,0.0,Low,2.0,Cat_6,A
7097,Male,No,18.0,No,Healthcare,3.0,Low,1.0,Cat_3,A
7098,Female,Yes,67.0,Yes,Engineer,10.0,Low,3.0,Cat_5,D
7099,Female,Yes,41.0,No,Doctor,6.0,Average,2.0,Cat_2,B
7100,Female,Yes,28.0,No,Entertainment,1.0,Low,2.0,,A
7101,Male,Yes,61.0,Yes,Executive,14.0,Average,4.0,Cat_7,D
7102,Female,Yes,65.0,Yes,Homemaker,5.0,Low,4.0,Cat_6,C
7103,Female,Yes,42.0,Yes,Lawyer,,Low,2.0,Cat_6,C
7104,Male,Yes,64.0,No,Entertainment,,Average,6.0,Cat_7,D
7105,Female,Yes,50.0,Yes,Executive,11.0,Low,7.0,Cat_6,D
7106,Female,Yes,31.0,No,,6.0,Average,2.0,Cat_1,B
7107,Female,Yes,42.0,Yes,Engineer,8.0,High,3.0,Cat_5,C
7108,Female,No,52.0,No,Executive,11.0,High,3.0,Cat_6,C
7109,Female,No,47.0,Yes,Executive,13.0,Average,2.0,Cat_6,C
7110,Female,Yes,36.0,Yes,Healthcare,11.0,Average,3.0,Cat_5,C
7111,Female,Yes,63.0,No,Executive,14.0,Low,5.0,Cat_6,D
7112,Male,Yes,41.0,Yes,Homemaker,6.0,High,2.0,Cat_6,C
7113,Female,Yes,32.0,Yes,Engineer,3.0,Average,2.0,Cat_3,A
7114,Female,Yes,29.0,Yes,Artist,7.0,High,3.0,Cat_5,B
7115,Male,No,41.0,No,Doctor,7.0,Low,4.0,Cat_1,B
7116,Male,Yes,59.0,Yes,,8.0,Average,2.0,Cat_1,C
7117,Female,No,21.0,Yes,Marketing,3.0,Low,2.0,Cat_7,A
7118,Female,Yes,70.0,Yes,Engineer,8.0,Low,3.0,Cat_7,D
7119,Female,Yes,45.0,Yes,Engineer,7.0,Average,2.0,Cat_3,C
7120,Female,Yes,61.0,Yes,Healthcare,,High,3.0,Cat_7,C
7121,Male,No,22.0,Yes,Entertainment,0.0,Low,1.0,Cat_2,A
7122,Female,No,50.0,,Doctor,2.0,Low,2.0,Cat_2,B
7123,Female,No,27.0,No,Healthcare,3.0,Low,1.0,Cat_5,A
7124,Female,Yes,54.0,No,Lawyer,9.0,Average,3.0,Cat_1,D
7125,Female,No,30.0,No,Artist,1.0,Low,1.0,Cat_5,A
7126,Female,No,29.0,No,Entertainment,2.0,Average,2.0,Cat_1,A
7127,Male,Yes,37.0,Yes,Entertainment,14.0,High,3.0,Cat_2,C
7128,Female,Yes,26.0,Yes,Homemaker,0.0,Average,1.0,Cat_1,A
7129,Male,Yes,73.0,Yes,Artist,8.0,High,7.0,Cat_4,D
7130,Male,No,45.0,Yes,Doctor,11.0,High,4.0,Cat_5,C
7131,Female,No,55.0,Yes,Engineer,11.0,High,3.0,Cat_3,C
7132,Male,Yes,73.0,No,Doctor,12.0,Low,5.0,Cat_6,D
7133,Male,No,25.0,Yes,Marketing,0.0,Low,2.0,Cat_1,A
7134,Male,No,46.0,Yes,Engineer,5.0,Average,4.0,Cat_5,B
7135,Male,No,35.0,Yes,Executive,3.0,Low,1.0,Cat_3,A
7136,Male,Yes,63.0,Yes,Homemaker,12.0,Low,7.0,Cat_6,D
7137,Female,Yes,62.0,No,Lawyer,13.0,High,3.0,Cat_7,D
7138,Male,,45.0,Yes,Engineer,3.0,Average,2.0,Cat_2,B
7139,Male,Yes,60.0,Yes,Doctor,8.0,High,7.0,Cat_2,D
7140,Female,Yes,63.0,Yes,Engineer,8.0,High,4.0,Cat_1,C
7141,Male,Yes,59.0,No,Lawyer,11.0,Average,,Cat_4,C
7142,Male,Yes,56.0,Yes,Marketing,,High,3.0,Cat_6,D
7143,Female,Yes,80.0,Yes,Entertainment,9.0,Average,6.0,Cat_7,D
7144,Female,Yes,54.0,Yes,Healthcare,12.0,Average,3.0,Cat_6,C
7145,Male,No,45.0,Yes,Executive,5.0,Low,4.0,Cat_4,B
7146,Female,Yes,50.0,Yes,Homemaker,,Average,3.0,Cat_2,C
7147,Male,Yes,35.0,Yes,Engineer,7.0,Low,3.0,Cat_1,C
7148,Female,Yes,38.0,Yes,Marketing,11.0,Average,2.0,Cat_4,C
7149,Male,No,34.0,Yes,Engineer,3.0,Average,3.0,Cat_7,B
7150,Female,Yes,32.0,Yes,Entertainment,2.0,Low,1.0,Cat_2,A
7151,Female,Yes,43.0,No,Homemaker,2.0,Average,3.0,Cat_2,B
7152,Female,Yes,45.0,Yes,Healthcare,14.0,Average,7.0,Cat_4,D
7153,Female,Yes,69.0,Yes,Marketing,9.0,High,5.0,Cat_4,D
7154,Male,Yes,66.0,Yes,Engineer,14.0,Average,4.0,Cat_7,D
7155,Female,Yes,44.0,Yes,Healthcare,13.0,Average,3.0,Cat_4,C
7156,Male,No,24.0,Yes,Entertainment,4.0,Low,1.0,Cat_2,A
7157,Female,Yes,58.0,Yes,Healthcare,13.0,High,3.0,,C
7158,Female,Yes,45.0,Yes,Executive,11.0,High,3.0,Cat_4,C
7159,Female,No,35.0,No,Healthcare,4.0,Low,1.0,Cat_3,A
7160,Male,Yes,33.0,No,Entertainment,8.0,Low,3.0,Cat_3,B
7161,Female,No,34.0,No,Entertainment,4.0,Low,2.0,Cat_4,A
7162,Female,Yes,38.0,Yes,Homemaker,8.0,Low,4.0,Cat_4,C
7163,Male,Yes,39.0,No,,9.0,Average,,Cat_4,B
7164,Male,No,50.0,Yes,Artist,9.0,Low,2.0,Cat_3,B
7165,Male,Yes,25.0,No,Entertainment,0.0,Average,1.0,Cat_1,A
7166,Male,Yes,51.0,Yes,Lawyer,6.0,Average,4.0,Cat_2,C
7167,Male,Yes,56.0,No,Healthcare,14.0,Low,3.0,Cat_5,D
7168,Male,No,28.0,Yes,Artist,0.0,Low,1.0,Cat_3,A
7169,Female,Yes,49.0,Yes,Engineer,2.0,Low,4.0,Cat_1,B
7170,Male,Yes,30.0,Yes,Doctor,8.0,Average,4.0,Cat_5,B
7171,Female,No,30.0,Yes,Artist,6.0,Average,2.0,,B
7172,Female,No,33.0,Yes,Entertainment,1.0,Low,2.0,Cat_4,A
7173,Female,No,30.0,No,Engineer,2.0,Average,4.0,Cat_1,B
7174,Female,Yes,68.0,Yes,Engineer,13.0,Average,6.0,Cat_6,D
7175,Male,Yes,43.0,Yes,Lawyer,10.0,High,2.0,Cat_5,C
7176,Male,Yes,63.0,Yes,Lawyer,5.0,High,3.0,Cat_7,C
7177,Male,Yes,38.0,Yes,Homemaker,3.0,Average,3.0,Cat_7,B
7178,Female,No,25.0,No,Homemaker,1.0,Low,1.0,Cat_3,A
7179,Male,Yes,67.0,No,Marketing,13.0,Average,6.0,Cat_6,D
7180,Female,Yes,47.0,Yes,Artist,8.0,Average,2.0,Cat_5,B
7181,Female,No,63.0,Yes,Healthcare,9.0,High,3.0,Cat_3,C
7182,Male,Yes,43.0,Yes,Healthcare,11.0,Average,4.0,Cat_7,C
7183,Male,Yes,21.0,No,Engineer,,Low,2.0,Cat_2,A
7184,Female,Yes,35.0,Yes,Engineer,8.0,Average,4.0,Cat_4,C
7185,Male,Yes,62.0,Yes,Artist,5.0,Average,3.0,Cat_6,C
7186,Male,Yes,49.0,Yes,Healthcare,,Low,4.0,Cat_5,D
7187,Female,No,47.0,No,Engineer,13.0,High,3.0,Cat_4,C
7188,Male,Yes,37.0,No,Executive,3.0,Average,,Cat_3,B
7189,Female,No,42.0,Yes,,2.0,Low,3.0,Cat_7,B
7190,Male,Yes,37.0,Yes,Entertainment,6.0,High,3.0,Cat_7,C
7191,Male,Yes,59.0,,Lawyer,7.0,High,2.0,Cat_6,C
7192,Female,No,49.0,No,Entertainment,7.0,High,4.0,Cat_5,C
7193,Female,No,19.0,,Entertainment,0.0,Average,1.0,Cat_5,A
7194,Male,Yes,48.0,Yes,Marketing,12.0,Low,6.0,Cat_6,D
7195,Male,Yes,59.0,No,Engineer,10.0,Low,4.0,Cat_7,D
7196,Male,Yes,60.0,Yes,Marketing,,High,6.0,Cat_7,D
7197,Female,Yes,56.0,Yes,Entertainment,12.0,Average,,Cat_7,D
7198,Male,No,30.0,Yes,Artist,2.0,Average,4.0,Cat_4,B
7199,Male,No,20.0,,Homemaker,3.0,Low,1.0,Cat_1,A
7200,Male,Yes,47.0,Yes,Marketing,11.0,Average,3.0,Cat_5,C
7201,Female,Yes,60.0,Yes,Doctor,5.0,Average,3.0,Cat_4,C
7202,Female,No,25.0,Yes,Lawyer,3.0,Average,2.0,Cat_2,A
7203,Female,Yes,18.0,Yes,Homemaker,2.0,Low,1.0,Cat_3,A
7204,Female,Yes,61.0,Yes,Entertainment,12.0,Average,4.0,Cat_6,D
7205,Male,No,26.0,No,Doctor,3.0,Low,1.0,Cat_5,A
7206,Male,Yes,21.0,No,Engineer,4.0,Low,2.0,Cat_6,A
7207,Female,,23.0,No,Engineer,2.0,Low,1.0,Cat_2,A
7208,Female,No,41.0,,Executive,13.0,High,4.0,Cat_5,C
7209,Female,Yes,61.0,,Lawyer,13.0,Average,7.0,Cat_7,D
7210,Male,No,32.0,Yes,Artist,1.0,Low,1.0,Cat_1,A
7211,Female,Yes,52.0,Yes,Artist,12.0,Low,5.0,Cat_1,D
7212,Male,Yes,41.0,No,Engineer,5.0,Low,2.0,Cat_4,B
7213,Female,No,30.0,Yes,Homemaker,4.0,High,2.0,Cat_2,A
7214,Female,No,26.0,No,Healthcare,3.0,Average,1.0,Cat_5,A
7215,Female,No,34.0,No,Homemaker,3.0,High,1.0,Cat_1,A
7216,Female,Yes,57.0,Yes,Entertainment,12.0,High,3.0,Cat_6,C
7217,Male,Yes,23.0,No,Lawyer,4.0,Low,2.0,Cat_1,A
7218,Female,Yes,60.0,Yes,Artist,8.0,Average,3.0,Cat_4,D
7219,Female,Yes,65.0,No,Doctor,8.0,High,,Cat_6,C
7220,Male,Yes,50.0,Yes,Marketing,11.0,Average,3.0,Cat_6,D
7221,Male,Yes,40.0,Yes,Engineer,8.0,Average,2.0,Cat_3,B
7222,Female,No,72.0,Yes,Executive,9.0,Average,,Cat_4,D
7223,Female,No,48.0,Yes,Engineer,,Average,4.0,Cat_5,C
7224,Male,Yes,57.0,No,Marketing,6.0,Low,3.0,Cat_7,C
7225,Female,Yes,52.0,No,Engineer,9.0,High,3.0,Cat_3,C
7226,Male,Yes,44.0,Yes,Lawyer,5.0,Average,4.0,Cat_4,B
7227,Male,Yes,54.0,Yes,Homemaker,12.0,Average,4.0,Cat_6,C
7228,Male,No,48.0,Yes,Healthcare,8.0,Low,4.0,Cat_2,B
7229,Female,Yes,64.0,No,Lawyer,8.0,Average,3.0,Cat_4,D
7230,Female,No,31.0,No,Entertainment,0.0,Average,1.0,Cat_2,A
7231,Male,Yes,44.0,Yes,Doctor,5.0,Average,2.0,Cat_5,C
7232,Male,No,28.0,Yes,Homemaker,7.0,Average,,Cat_4,B
7233,Male,Yes,52.0,Yes,Entertainment,10.0,High,2.0,,C
7234,Female,No,41.0,Yes,Engineer,7.0,Low,3.0,Cat_6,B
7235,Male,Yes,72.0,,Doctor,8.0,Low,6.0,Cat_6,D
7236,Male,No,22.0,No,Entertainment,3.0,Low,2.0,Cat_1,A
7237,Male,Yes,37.0,No,Homemaker,9.0,Average,4.0,Cat_2,B
7238,Female,,31.0,Yes,Doctor,,Average,2.0,Cat_5,B
7239,Female,No,25.0,Yes,Marketing,0.0,Average,1.0,Cat_1,A
7240,Male,No,25.0,No,Engineer,4.0,Average,1.0,Cat_6,A
7241,Male,No,31.0,No,Homemaker,3.0,Low,2.0,Cat_1,A
7242,Male,No,64.0,Yes,Artist,14.0,Low,4.0,Cat_4,C
7243,Male,No,27.0,No,Artist,,Low,2.0,Cat_2,A
7244,Female,No,28.0,Yes,Entertainment,2.0,Average,2.0,Cat_6,A
7245,Female,No,18.0,No,Engineer,1.0,Low,1.0,,A
7246,Male,No,78.0,Yes,Healthcare,8.0,Average,,Cat_7,D
7247,Male,No,35.0,No,Artist,4.0,Low,,Cat_5,A
7248,Female,Yes,35.0,Yes,Executive,4.0,Low,1.0,Cat_1,A
7249,Female,Yes,54.0,Yes,Doctor,7.0,Average,3.0,Cat_7,C
7250,Female,Yes,46.0,Yes,Doctor,6.0,Average,2.0,Cat_1,B
7251,Male,No,32.0,Yes,Artist,5.0,Average,2.0,Cat_4,B
7252,Female,Yes,36.0,Yes,Healthcare,5.0,High,2.0,Cat_2,C
7253,Male,No,30.0,No,Lawyer,6.0,High,3.0,Cat_1,B
7254,Female,Yes,47.0,Yes,Entertainment,9.0,Low,6.0,Cat_6,D
7255,Female,Yes,30.0,Yes,Executive,4.0,Average,1.0,Cat_4,A
7256,Female,No,20.0,No,Artist,1.0,High,1.0,Cat_2,A
7257,Male,No,34.0,No,Entertainment,2.0,Average,4.0,Cat_5,B
7258,Male,Yes,72.0,Yes,Doctor,11.0,Low,3.0,Cat_6,D
7259,Female,Yes,46.0,Yes,Artist,9.0,Average,2.0,Cat_1,B
7260,Male,Yes,38.0,No,Executive,9.0,High,,Cat_6,C
7261,Female,Yes,55.0,Yes,Artist,,Low,3.0,Cat_2,D
7262,Male,Yes,24.0,Yes,Artist,3.0,Low,2.0,Cat_2,A
7263,Female,No,60.0,No,Lawyer,7.0,High,4.0,Cat_6,C
7264,Female,Yes,38.0,No,Doctor,5.0,High,2.0,Cat_6,C
7265,Male,No,29.0,No,Artist,0.0,Low,2.0,Cat_2,A
7266,Female,No,40.0,Yes,Homemaker,5.0,Average,4.0,Cat_5,B
7267,Female,Yes,32.0,Yes,Doctor,3.0,Low,3.0,Cat_3,B
7268,Male,No,80.0,Yes,Marketing,12.0,Low,4.0,Cat_1,D
7269,Male,No,44.0,No,Homemaker,6.0,Average,,Cat_2,B
7270,Male,No,33.0,Yes,Homemaker,2.0,Low,1.0,Cat_4,A
7271,Female,Yes,69.0,Yes,Marketing,11.0,Average,5.0,Cat_7,D
7272,Male,Yes,62.0,No,Executive,10.0,Average,5.0,Cat_2,D
7273,Male,Yes,49.0,No,Entertainment,8.0,Average,4.0,Cat_5,D
7274,Female,No,42.0,Yes,Engineer,10.0,High,4.0,Cat_3,C
7275,Male,Yes,54.0,No,Homemaker,11.0,Average,4.0,Cat_6,D
7276,Male,Yes,39.0,No,Homemaker,9.0,High,4.0,Cat_6,C
7277,Male,No,35.0,No,Artist,4.0,Low,1.0,Cat_2,A
7278,Female,Yes,59.0,No,Artist,12.0,Average,3.0,Cat_2,D
7279,Male,No,25.0,No,Artist,0.0,High,2.0,Cat_4,A
7280,Male,No,66.0,Yes,Artist,11.0,Low,6.0,Cat_1,D
7281,Female,Yes,37.0,No,Lawyer,5.0,High,4.0,Cat_3,B
7282,Male,No,46.0,No,Executive,8.0,Low,7.0,Cat_1,D
7283,Male,Yes,28.0,No,Marketing,,Average,2.0,Cat_1,B
7284,Male,Yes,48.0,Yes,Doctor,11.0,Average,3.0,Cat_3,C
7285,Male,Yes,37.0,Yes,Doctor,10.0,Average,3.0,Cat_4,C
7286,Female,No,36.0,Yes,Engineer,2.0,Average,4.0,Cat_3,B
7287,Male,Yes,32.0,Yes,Homemaker,2.0,Low,2.0,Cat_2,A
7288,Male,Yes,28.0,,Doctor,,Average,2.0,Cat_4,B
7289,Female,No,34.0,No,Executive,,High,1.0,Cat_6,A
7290,Female,Yes,37.0,No,Entertainment,,Average,3.0,Cat_2,B
7291,Female,Yes,35.0,Yes,Lawyer,8.0,Average,2.0,Cat_4,B
7292,Female,No,59.0,Yes,Executive,12.0,High,3.0,Cat_5,C
7293,Female,No,39.0,No,Artist,6.0,Average,3.0,Cat_3,B
7294,Male,Yes,45.0,Yes,Homemaker,11.0,Low,5.0,Cat_5,D
7295,Female,Yes,77.0,Yes,Marketing,9.0,Average,6.0,Cat_6,D
7296,Male,No,42.0,Yes,Engineer,6.0,High,2.0,Cat_5,C
7297,Female,Yes,58.0,No,Artist,14.0,Low,5.0,Cat_6,D
7298,Female,No,49.0,No,Doctor,7.0,Low,3.0,Cat_4,B
7299,Female,Yes,44.0,Yes,Healthcare,5.0,High,2.0,Cat_5,C
7300,Female,Yes,32.0,,Lawyer,0.0,Low,2.0,Cat_2,A
7301,Male,Yes,78.0,,Doctor,10.0,Average,5.0,Cat_2,D
7302,Female,No,30.0,No,Homemaker,3.0,High,4.0,Cat_7,B
7303,Female,Yes,54.0,Yes,Engineer,10.0,High,2.0,Cat_7,C
7304,Female,Yes,37.0,,Engineer,2.0,High,2.0,Cat_4,B
7305,Male,No,23.0,Yes,Engineer,4.0,Low,1.0,Cat_1,A
7306,Female,,31.0,Yes,Entertainment,1.0,Low,2.0,Cat_4,A
7307,Male,No,39.0,Yes,Homemaker,4.0,Low,4.0,Cat_6,B
7308,Male,Yes,43.0,Yes,Executive,7.0,High,2.0,Cat_7,C
7309,Female,Yes,38.0,No,Healthcare,9.0,High,4.0,Cat_7,C
7310,Female,Yes,79.0,Yes,Healthcare,9.0,Average,5.0,Cat_6,D
7311,Female,No,31.0,No,Artist,3.0,Low,1.0,Cat_1,A
7312,Female,Yes,56.0,Yes,Doctor,,Average,2.0,Cat_6,C
7313,Male,No,70.0,Yes,Marketing,12.0,High,4.0,Cat_5,D
7314,Male,Yes,51.0,Yes,Executive,12.0,High,3.0,Cat_7,D
7315,Male,Yes,45.0,Yes,Homemaker,9.0,High,4.0,Cat_3,D
7316,Male,Yes,46.0,Yes,Artist,,Low,,Cat_5,C
7317,Female,No,27.0,No,Entertainment,4.0,Average,1.0,Cat_1,A
7318,Female,Yes,51.0,No,Executive,12.0,Average,3.0,Cat_7,D
7319,Male,Yes,52.0,Yes,Artist,14.0,Average,3.0,Cat_2,C
7320,Male,No,20.0,Yes,Engineer,3.0,Average,1.0,Cat_5,A
7321,Male,Yes,59.0,No,Homemaker,,High,3.0,Cat_5,D
7322,Male,Yes,42.0,No,Entertainment,5.0,Average,3.0,Cat_7,B
7323,Male,,37.0,Yes,Healthcare,9.0,Average,,Cat_4,C
7324,Female,Yes,56.0,Yes,Doctor,,High,4.0,Cat_3,C
7325,Male,No,60.0,Yes,Artist,5.0,Average,3.0,Cat_6,C
7326,Male,No,42.0,Yes,Executive,9.0,Average,2.0,Cat_2,B
7327,Male,Yes,60.0,No,Artist,10.0,High,5.0,Cat_7,D
7328,Female,Yes,35.0,Yes,Executive,9.0,Average,2.0,Cat_2,B
7329,Male,Yes,36.0,Yes,Healthcare,14.0,High,4.0,Cat_7,C
7330,Female,No,40.0,Yes,Engineer,9.0,Average,4.0,,B
7331,Female,Yes,49.0,Yes,Doctor,9.0,Average,2.0,Cat_7,B
7332,Male,Yes,41.0,,Healthcare,8.0,Average,2.0,Cat_4,B
7333,Female,No,38.0,Yes,Homemaker,5.0,Average,3.0,Cat_7,C
7334,Male,Yes,71.0,No,Artist,9.0,Average,4.0,Cat_5,D
7335,Male,Yes,48.0,Yes,Marketing,12.0,High,6.0,Cat_1,D
7336,Female,Yes,37.0,Yes,Homemaker,4.0,Average,2.0,Cat_2,B
7337,Female,Yes,80.0,No,Marketing,10.0,Low,7.0,Cat_6,D
7338,Male,No,62.0,Yes,Marketing,6.0,High,2.0,Cat_5,C
7339,Female,No,32.0,Yes,Entertainment,0.0,Low,2.0,Cat_1,A
7340,Female,Yes,35.0,No,Engineer,9.0,Average,3.0,Cat_3,B
7341,Female,No,31.0,No,Marketing,0.0,Average,2.0,Cat_1,A
7342,Male,No,49.0,Yes,Executive,,Average,2.0,Cat_4,B
7343,Male,Yes,47.0,Yes,Homemaker,13.0,Average,4.0,Cat_6,D
7344,Female,Yes,40.0,Yes,Homemaker,5.0,Average,2.0,Cat_2,B
7345,Female,No,43.0,No,Engineer,3.0,Low,4.0,Cat_4,B
7346,Male,Yes,46.0,Yes,Executive,8.0,High,3.0,Cat_6,C
7347,Male,Yes,37.0,Yes,Artist,5.0,Average,2.0,Cat_3,B
7348,Male,Yes,29.0,No,Healthcare,4.0,Low,2.0,Cat_1,A
7349,Male,Yes,39.0,No,Engineer,5.0,Average,4.0,,B
7350,Female,Yes,59.0,Yes,Marketing,10.0,Average,3.0,Cat_2,D
7351,Male,Yes,48.0,Yes,Engineer,8.0,Average,3.0,Cat_4,B
7352,Female,,18.0,No,Entertainment,2.0,Low,1.0,Cat_2,A
7353,Male,Yes,22.0,Yes,Artist,4.0,Low,1.0,Cat_4,A
7354,Female,No,39.0,Yes,Executive,2.0,Average,2.0,Cat_1,B
7355,Male,No,33.0,No,Executive,0.0,Low,1.0,Cat_2,A
7356,Female,Yes,61.0,Yes,Entertainment,12.0,High,,Cat_1,C
7357,Male,Yes,35.0,No,Homemaker,1.0,Low,1.0,Cat_6,A
7358,Male,Yes,39.0,No,Engineer,,Average,2.0,Cat_4,B
7359,Female,No,40.0,Yes,Homemaker,2.0,Low,3.0,,B
7360,Female,No,23.0,Yes,Artist,2.0,Low,1.0,Cat_4,A
7361,Male,,34.0,No,Lawyer,0.0,Low,1.0,Cat_2,A
7362,Female,Yes,27.0,No,Engineer,,Average,,Cat_5,A
7363,Female,No,47.0,,Doctor,4.0,Average,3.0,Cat_5,B
7364,Female,Yes,28.0,No,Healthcare,0.0,Low,1.0,Cat_4,A
7365,Female,Yes,72.0,Yes,Lawyer,8.0,Low,3.0,Cat_7,D
7366,Male,Yes,56.0,Yes,Homemaker,8.0,Average,5.0,Cat_7,D
7367,Male,No,78.0,Yes,Lawyer,,Average,4.0,,D
7368,Male,Yes,40.0,Yes,Doctor,14.0,High,3.0,Cat_4,C
7369,Male,No,45.0,No,Entertainment,3.0,Low,3.0,Cat_6,B
7370,Female,Yes,48.0,Yes,Executive,10.0,Low,6.0,Cat_1,D
7371,Female,Yes,36.0,No,Healthcare,5.0,Average,,Cat_3,B
7372,Female,No,25.0,No,Marketing,4.0,Average,2.0,Cat_3,A
7373,Male,Yes,35.0,Yes,Lawyer,9.0,High,2.0,Cat_3,B
7374,Male,No,38.0,No,Entertainment,5.0,Low,2.0,Cat_5,B
7375,Male,No,34.0,Yes,Marketing,5.0,High,3.0,Cat_4,B
7376,Male,Yes,54.0,Yes,Entertainment,7.0,High,4.0,Cat_6,C
7377,Male,Yes,60.0,Yes,Executive,,High,,Cat_3,C
7378,Female,Yes,34.0,Yes,Artist,8.0,Average,3.0,Cat_1,B
7379,Female,Yes,55.0,Yes,Lawyer,6.0,High,4.0,Cat_5,C
7380,Male,No,20.0,No,Homemaker,0.0,Low,2.0,Cat_5,A
7381,Female,Yes,29.0,No,Homemaker,3.0,Low,3.0,Cat_5,B
7382,Female,Yes,45.0,Yes,Doctor,14.0,Average,4.0,Cat_1,C
7383,Male,Yes,35.0,Yes,Healthcare,7.0,High,2.0,Cat_3,C
7384,Male,Yes,38.0,No,Lawyer,14.0,High,4.0,Cat_2,C
7385,Female,Yes,59.0,Yes,Executive,8.0,High,3.0,Cat_5,C
7386,Male,Yes,36.0,Yes,Doctor,,Average,,Cat_4,B
7387,Female,No,31.0,Yes,Healthcare,4.0,Average,4.0,Cat_4,B
7388,Female,,50.0,Yes,Doctor,6.0,High,3.0,Cat_4,C
7389,Male,,42.0,Yes,Entertainment,6.0,Low,3.0,Cat_1,B
7390,Female,No,33.0,No,Entertainment,2.0,Average,1.0,Cat_1,A
7391,Male,Yes,33.0,No,Healthcare,,Low,4.0,Cat_4,B
7392,Male,Yes,38.0,No,Healthcare,9.0,Average,2.0,Cat_1,B
7393,Female,Yes,67.0,No,Homemaker,10.0,Average,3.0,,D
7394,Male,Yes,54.0,No,Executive,13.0,Low,4.0,Cat_6,D
7395,Female,No,33.0,,Engineer,1.0,Low,1.0,Cat_4,A
7396,Male,No,31.0,Yes,,3.0,Low,1.0,Cat_1,A
7397,Female,No,31.0,Yes,Entertainment,6.0,Average,4.0,Cat_2,B
7398,Male,Yes,59.0,Yes,Doctor,,High,4.0,Cat_3,D
7399,Female,No,19.0,No,Doctor,1.0,Average,1.0,Cat_2,A
7400,Female,Yes,36.0,Yes,Entertainment,5.0,High,4.0,Cat_5,C
7401,Female,Yes,45.0,No,Artist,13.0,Low,6.0,Cat_2,D
7402,Female,No,49.0,Yes,Healthcare,14.0,High,2.0,Cat_7,C
7403,Female,No,28.0,Yes,Entertainment,1.0,Low,2.0,Cat_5,A
7404,Male,Yes,47.0,No,Healthcare,,Average,,Cat_3,B
7405,Female,Yes,29.0,No,Lawyer,2.0,Low,3.0,Cat_4,B
7406,Male,No,58.0,Yes,Marketing,9.0,High,4.0,,C
7407,Male,Yes,26.0,Yes,Artist,1.0,Average,1.0,Cat_1,A
7408,Male,No,30.0,Yes,Entertainment,1.0,Low,1.0,Cat_5,A
7409,Male,Yes,38.0,No,Homemaker,4.0,Average,2.0,Cat_1,B
7410,Female,No,32.0,No,Doctor,2.0,Low,1.0,Cat_5,A
7411,Female,No,42.0,No,Doctor,2.0,Average,2.0,Cat_3,B
7412,Male,Yes,30.0,Yes,Entertainment,8.0,Average,3.0,Cat_5,B
7413,Male,Yes,67.0,No,Marketing,,Low,,Cat_7,D
7414,Female,Yes,59.0,No,Entertainment,8.0,Average,7.0,Cat_2,D
7415,Male,No,38.0,Yes,Executive,3.0,Low,4.0,Cat_2,B
7416,Male,Yes,64.0,No,Engineer,8.0,Low,6.0,Cat_6,D
7417,Male,Yes,73.0,No,Marketing,13.0,Low,5.0,Cat_6,D
7418,Male,No,64.0,Yes,Homemaker,14.0,High,2.0,Cat_6,C
7419,Female,Yes,60.0,Yes,Lawyer,14.0,Average,5.0,Cat_6,D
7420,Female,Yes,54.0,Yes,Artist,6.0,Average,4.0,Cat_2,C
7421,Male,No,39.0,Yes,Homemaker,5.0,Average,2.0,Cat_5,B
7422,Male,Yes,62.0,Yes,Lawyer,6.0,High,4.0,Cat_5,C
7423,Male,Yes,45.0,,Marketing,,Low,7.0,Cat_6,D
7424,Female,Yes,60.0,Yes,Doctor,12.0,High,4.0,Cat_4,D
7425,Male,Yes,41.0,Yes,Healthcare,14.0,Average,2.0,Cat_3,C
7426,Male,No,32.0,No,Healthcare,1.0,Low,1.0,Cat_3,A
7427,Male,No,39.0,Yes,Artist,13.0,High,4.0,Cat_3,C
7428,Male,Yes,48.0,No,Marketing,13.0,Low,5.0,Cat_7,D
7429,Female,No,44.0,Yes,Healthcare,2.0,Average,3.0,Cat_2,B
7430,Male,Yes,71.0,Yes,Executive,10.0,Low,5.0,Cat_7,D
7431,Female,Yes,32.0,No,Engineer,5.0,Average,2.0,Cat_4,B
7432,Female,Yes,45.0,Yes,Engineer,8.0,Average,,Cat_3,B
7433,Male,No,64.0,,Lawyer,14.0,High,3.0,Cat_6,C
7434,Female,No,54.0,No,Engineer,9.0,Low,6.0,Cat_6,D
7435,Male,Yes,33.0,No,Lawyer,6.0,Average,3.0,Cat_2,B
7436,Female,Yes,58.0,Yes,Artist,9.0,Low,4.0,Cat_7,C
7437,Female,,65.0,Yes,Engineer,6.0,High,2.0,Cat_2,C
7438,Female,No,41.0,No,Entertainment,,Low,4.0,Cat_5,B
7439,Female,No,64.0,Yes,Executive,10.0,Average,4.0,Cat_5,C
7440,Male,Yes,35.0,No,Lawyer,2.0,Average,2.0,Cat_3,B
7441,Female,No,45.0,Yes,Doctor,12.0,Low,4.0,Cat_6,C
7442,Male,Yes,69.0,No,Artist,8.0,Average,3.0,Cat_6,D
7443,Female,No,48.0,No,Executive,4.0,Average,3.0,Cat_7,B
7444,Female,Yes,38.0,No,Engineer,2.0,Average,4.0,Cat_7,B
7445,Female,Yes,28.0,Yes,Homemaker,5.0,Low,3.0,Cat_4,B
7446,Male,Yes,64.0,,Healthcare,8.0,Average,4.0,Cat_4,D
7447,Male,Yes,39.0,Yes,Entertainment,14.0,High,3.0,Cat_1,C
7448,Male,No,33.0,No,Engineer,7.0,Average,2.0,Cat_4,B
7449,Female,Yes,29.0,No,Homemaker,2.0,Average,2.0,Cat_3,A
7450,Male,Yes,45.0,No,Doctor,6.0,Average,2.0,,C
7451,Female,Yes,35.0,Yes,Homemaker,7.0,Average,3.0,Cat_3,B
7452,Female,No,30.0,Yes,Homemaker,4.0,High,3.0,Cat_5,B
7453,Female,Yes,73.0,,,14.0,Average,5.0,Cat_7,D
7454,Female,Yes,59.0,No,Engineer,9.0,Low,5.0,Cat_7,D
7455,Female,No,23.0,No,Marketing,,Low,2.0,Cat_2,A
7456,Female,No,34.0,No,Artist,0.0,Low,1.0,Cat_2,A
7457,Male,No,48.0,Yes,Executive,6.0,High,2.0,Cat_5,C
7458,Female,Yes,39.0,Yes,Artist,,Low,4.0,Cat_5,B
7459,Female,Yes,62.0,Yes,Doctor,9.0,High,2.0,Cat_2,C
7460,Male,No,40.0,No,Homemaker,3.0,Low,3.0,Cat_5,B
7461,Female,Yes,42.0,Yes,Healthcare,10.0,High,2.0,Cat_6,C
7462,Female,Yes,75.0,Yes,Artist,8.0,Average,3.0,Cat_7,D
7463,Female,,35.0,Yes,Entertainment,5.0,High,4.0,Cat_6,C
7464,Male,No,28.0,Yes,Engineer,4.0,High,4.0,Cat_3,B
7465,Female,No,20.0,Yes,Lawyer,1.0,Average,2.0,Cat_3,A
7466,Male,Yes,41.0,Yes,Engineer,5.0,High,2.0,Cat_6,C
7467,Male,Yes,55.0,No,Doctor,10.0,High,,Cat_7,C
7468,Male,Yes,32.0,Yes,Doctor,3.0,Average,3.0,Cat_5,B
7469,Male,No,27.0,No,Entertainment,2.0,Average,2.0,Cat_4,A
7470,Female,Yes,44.0,Yes,Homemaker,13.0,Average,3.0,Cat_3,C
7471,Female,No,20.0,Yes,Marketing,4.0,Average,2.0,Cat_6,A
7472,Female,No,19.0,No,Homemaker,0.0,Low,1.0,Cat_3,A
7473,Female,No,33.0,,Artist,0.0,Low,1.0,Cat_3,A
7474,Female,Yes,28.0,No,Entertainment,2.0,Average,2.0,Cat_2,A
7475,Male,No,33.0,Yes,Entertainment,,Low,1.0,Cat_1,A
7476,Female,Yes,29.0,No,Homemaker,7.0,Low,4.0,Cat_6,B
7477,Male,No,51.0,Yes,Marketing,7.0,High,2.0,Cat_3,C
7478,Female,,21.0,No,Engineer,3.0,Average,2.0,Cat_3,A
7479,Male,No,26.0,No,Artist,1.0,Average,1.0,Cat_2,A
7480,Female,Yes,60.0,No,Homemaker,13.0,High,4.0,Cat_7,D
7481,Male,,60.0,Yes,Doctor,9.0,High,2.0,Cat_6,C
7482,Male,Yes,62.0,Yes,Entertainment,14.0,High,4.0,Cat_6,C
7483,Male,No,46.0,Yes,Executive,2.0,Average,3.0,Cat_4,B
7484,Male,Yes,52.0,Yes,Executive,8.0,High,3.0,Cat_6,C
7485,Female,Yes,27.0,No,Homemaker,,Low,2.0,Cat_3,A
7486,Female,No,26.0,,Entertainment,3.0,Average,2.0,Cat_2,A
7487,Female,Yes,57.0,Yes,Marketing,5.0,Low,2.0,Cat_5,C
7488,Male,,45.0,No,Lawyer,14.0,Low,4.0,Cat_2,D
7489,Male,Yes,65.0,No,Artist,14.0,Low,7.0,Cat_3,D
7490,Male,Yes,54.0,No,Entertainment,11.0,Average,6.0,Cat_1,D
7491,Male,No,26.0,No,Entertainment,3.0,Low,1.0,Cat_2,A
7492,Female,Yes,36.0,Yes,Artist,10.0,High,3.0,Cat_5,C
7493,Female,Yes,65.0,Yes,Executive,10.0,High,,Cat_5,C
7494,Female,Yes,76.0,Yes,Marketing,14.0,Low,5.0,Cat_7,D
7495,Male,Yes,52.0,Yes,Homemaker,8.0,Low,7.0,Cat_7,D
7496,Male,Yes,62.0,Yes,Executive,13.0,Low,5.0,Cat_2,D
7497,Female,,62.0,No,,14.0,Low,3.0,Cat_7,D
7498,Female,Yes,52.0,Yes,Lawyer,5.0,High,2.0,Cat_5,C
7499,Male,No,75.0,Yes,Executive,9.0,Average,7.0,Cat_6,D
7500,Female,No,29.0,No,Homemaker,1.0,Low,2.0,Cat_5,A
7501,Male,No,29.0,No,Homemaker,1.0,Low,1.0,Cat_2,A
7502,Female,Yes,45.0,Yes,Entertainment,10.0,Low,2.0,Cat_3,C
7503,Female,Yes,50.0,Yes,Healthcare,14.0,High,,Cat_5,C
7504,Female,No,60.0,No,Engineer,14.0,High,3.0,Cat_1,C
7505,Male,No,18.0,No,Doctor,0.0,Low,1.0,Cat_6,A
7506,Male,Yes,37.0,No,Engineer,9.0,Low,4.0,Cat_5,B
7507,Male,Yes,52.0,Yes,Lawyer,9.0,High,4.0,Cat_4,C
7508,Female,No,46.0,No,Executive,8.0,High,3.0,Cat_4,B
7509,Male,Yes,55.0,Yes,Engineer,8.0,Average,7.0,Cat_6,D
7510,Female,Yes,55.0,No,Doctor,11.0,Low,6.0,Cat_4,D
7511,Female,No,31.0,Yes,Executive,4.0,Average,2.0,Cat_4,B
7512,Male,Yes,50.0,Yes,Lawyer,8.0,High,4.0,Cat_5,B
7513,Female,No,68.0,Yes,,13.0,Low,4.0,Cat_5,D
7514,Male,Yes,58.0,,Healthcare,9.0,High,3.0,Cat_7,C
7515,Female,No,43.0,No,Entertainment,6.0,Average,4.0,Cat_3,B
7516,Male,Yes,54.0,No,Lawyer,14.0,Average,4.0,Cat_6,C
7517,Female,Yes,49.0,Yes,Healthcare,8.0,High,3.0,Cat_4,C
7518,Female,Yes,21.0,No,Homemaker,,Low,1.0,Cat_3,A
7519,Female,Yes,45.0,Yes,Lawyer,9.0,Low,4.0,Cat_7,D
7520,Male,Yes,47.0,Yes,Entertainment,11.0,Average,5.0,Cat_7,D
7521,Female,Yes,54.0,No,Entertainment,9.0,Average,,Cat_6,D
7522,Female,Yes,74.0,Yes,Doctor,8.0,High,4.0,Cat_3,D
7523,Female,Yes,65.0,Yes,Lawyer,,Average,4.0,Cat_3,D
7524,Female,No,22.0,No,Homemaker,0.0,Low,1.0,Cat_3,A
7525,Female,No,33.0,Yes,Executive,7.0,High,2.0,Cat_3,B
7526,Female,Yes,34.0,No,Entertainment,0.0,Low,2.0,Cat_1,A
7527,Female,No,50.0,No,Lawyer,2.0,Average,3.0,Cat_1,B
7528,Male,Yes,48.0,No,Engineer,6.0,Average,4.0,Cat_3,B
7529,Male,No,53.0,No,Healthcare,12.0,High,4.0,Cat_2,C
7530,Female,Yes,31.0,Yes,Healthcare,0.0,Low,2.0,Cat_2,A
7531,Female,No,28.0,No,Marketing,4.0,Average,1.0,Cat_5,A
7532,Female,Yes,42.0,,Marketing,,High,3.0,Cat_3,B
7533,Female,Yes,61.0,,Doctor,7.0,High,3.0,Cat_4,C
7534,Male,Yes,36.0,Yes,Homemaker,11.0,High,2.0,Cat_4,C
7535,Female,Yes,53.0,Yes,Executive,11.0,Average,6.0,Cat_4,D
7536,Female,Yes,45.0,Yes,Marketing,12.0,High,3.0,Cat_3,C
7537,Female,Yes,25.0,Yes,Artist,,Low,2.0,Cat_1,A
7538,Female,Yes,77.0,Yes,Executive,8.0,Average,3.0,Cat_4,D
7539,Female,No,37.0,Yes,Executive,10.0,Low,3.0,Cat_6,C
7540,Male,No,23.0,Yes,Doctor,4.0,Low,2.0,Cat_2,A
7541,Male,Yes,33.0,Yes,Marketing,6.0,Low,2.0,Cat_5,B
7542,Female,Yes,47.0,Yes,Healthcare,6.0,High,3.0,Cat_7,C
7543,Male,Yes,79.0,Yes,Homemaker,10.0,Average,7.0,Cat_6,D
7544,Female,Yes,38.0,No,Engineer,8.0,Average,4.0,Cat_3,B
7545,Female,Yes,47.0,Yes,Artist,9.0,Average,4.0,Cat_7,B
7546,Male,Yes,57.0,Yes,Doctor,,Average,4.0,Cat_3,C
7547,Female,Yes,38.0,Yes,Healthcare,13.0,High,4.0,Cat_5,C
7548,Female,Yes,35.0,Yes,Lawyer,12.0,High,4.0,Cat_5,C
7549,Female,Yes,32.0,No,Healthcare,4.0,Low,2.0,Cat_5,B
7550,Female,No,53.0,Yes,Marketing,10.0,High,4.0,Cat_6,C
7551,Male,Yes,50.0,Yes,Homemaker,11.0,Low,3.0,Cat_3,D
7552,Male,No,22.0,Yes,Marketing,0.0,Low,2.0,Cat_2,A
7553,Female,Yes,34.0,Yes,Homemaker,5.0,Low,3.0,Cat_5,B
7554,Female,Yes,35.0,Yes,Doctor,5.0,Average,3.0,,C
7555,Female,No,22.0,No,Entertainment,0.0,Low,1.0,Cat_2,A
7556,Male,No,63.0,Yes,Engineer,10.0,High,2.0,Cat_6,C
7557,Male,No,20.0,No,Artist,1.0,Low,2.0,Cat_4,A
7558,Female,Yes,41.0,No,Doctor,5.0,Average,4.0,Cat_4,B
7559,Female,Yes,42.0,Yes,Artist,6.0,Average,4.0,Cat_5,C
7560,Female,Yes,42.0,Yes,Engineer,13.0,High,3.0,Cat_6,C
7561,Male,Yes,67.0,Yes,Homemaker,,Average,4.0,Cat_7,D
7562,Male,Yes,50.0,No,Entertainment,12.0,Low,7.0,Cat_7,D
7563,Male,Yes,38.0,Yes,Homemaker,12.0,High,4.0,Cat_1,C
7564,Male,Yes,66.0,Yes,Entertainment,14.0,High,4.0,Cat_4,D
7565,Female,Yes,38.0,No,Doctor,2.0,Average,2.0,Cat_4,B
7566,Female,No,35.0,No,Healthcare,0.0,Low,2.0,Cat_3,A
7567,Male,Yes,44.0,,Entertainment,9.0,Average,3.0,Cat_5,B
7568,Female,No,23.0,No,Entertainment,3.0,Low,1.0,Cat_4,A
7569,Female,Yes,36.0,Yes,Healthcare,6.0,Average,2.0,Cat_7,B
7570,Male,No,30.0,No,Marketing,3.0,Low,2.0,Cat_1,A
7571,Male,No,49.0,Yes,Executive,7.0,High,3.0,Cat_3,B
7572,Female,No,30.0,No,Entertainment,,Low,2.0,Cat_3,A
7573,Male,Yes,44.0,Yes,Healthcare,2.0,Average,4.0,Cat_3,B
7574,Male,Yes,46.0,Yes,Executive,8.0,Average,4.0,Cat_6,D
7575,Male,Yes,56.0,Yes,Executive,13.0,Average,3.0,Cat_4,D
7576,Female,Yes,63.0,Yes,,10.0,Average,2.0,Cat_7,C
7577,Female,Yes,29.0,Yes,Executive,9.0,Average,4.0,Cat_6,B
7578,Female,Yes,35.0,Yes,Homemaker,5.0,Average,3.0,Cat_6,B
7579,Male,No,20.0,No,Entertainment,4.0,Low,1.0,Cat_7,A
7580,Female,Yes,44.0,Yes,Doctor,10.0,Average,,Cat_3,C
7581,Female,No,22.0,No,Lawyer,0.0,Average,2.0,Cat_2,A
7582,Male,Yes,62.0,Yes,Engineer,14.0,Average,3.0,Cat_7,D
7583,Male,Yes,37.0,Yes,Doctor,6.0,High,4.0,Cat_4,C
7584,Female,No,28.0,No,Engineer,3.0,Average,1.0,Cat_3,A
7585,Male,Yes,41.0,Yes,Homemaker,5.0,Low,3.0,Cat_2,B
7586,Male,No,33.0,Yes,Entertainment,3.0,Low,1.0,Cat_6,A
7587,Female,Yes,44.0,Yes,Healthcare,7.0,Average,3.0,Cat_3,B
7588,Male,Yes,46.0,No,Entertainment,7.0,Average,2.0,Cat_4,B
7589,Male,Yes,77.0,Yes,Doctor,14.0,Average,7.0,Cat_6,D
7590,Male,Yes,60.0,No,Doctor,8.0,Average,4.0,Cat_7,D
7591,Male,No,32.0,No,Entertainment,8.0,Average,4.0,Cat_4,B
7592,Female,,23.0,No,Healthcare,3.0,Low,1.0,Cat_5,A
7593,Female,No,39.0,No,Lawyer,3.0,Low,3.0,Cat_4,B
7594,Female,No,28.0,No,Entertainment,4.0,Low,2.0,Cat_6,A
7595,Female,No,31.0,No,Homemaker,1.0,Low,2.0,Cat_3,A
7596,Female,Yes,47.0,No,Doctor,6.0,High,4.0,Cat_6,C
7597,Male,Yes,35.0,No,Entertainment,4.0,Average,2.0,Cat_2,A
7598,Female,Yes,50.0,No,Artist,11.0,Average,3.0,,D
7599,Female,No,19.0,No,Healthcare,2.0,Average,2.0,Cat_2,A
7600,Male,Yes,51.0,Yes,Lawyer,7.0,High,4.0,Cat_3,C
7601,Male,No,18.0,Yes,Artist,1.0,Low,2.0,Cat_4,A
7602,Male,Yes,58.0,Yes,Healthcare,12.0,Low,4.0,Cat_3,D
7603,Male,Yes,37.0,No,Executive,5.0,Average,3.0,Cat_6,B
7604,Female,,74.0,Yes,Lawyer,11.0,Average,4.0,Cat_6,D
7605,Female,Yes,23.0,Yes,Entertainment,2.0,Low,2.0,Cat_6,A
7606,Male,No,51.0,No,Lawyer,8.0,High,3.0,Cat_7,D
7607,Male,Yes,49.0,No,Lawyer,13.0,Low,7.0,Cat_2,D
7608,Male,Yes,32.0,No,Doctor,3.0,Average,4.0,Cat_2,B
7609,Female,Yes,65.0,No,Marketing,,Average,3.0,Cat_7,D
7610,Male,No,28.0,No,Engineer,2.0,Low,2.0,Cat_1,A
7611,Female,No,33.0,Yes,Artist,,High,,Cat_3,B
7612,Female,Yes,50.0,Yes,Doctor,5.0,Low,2.0,Cat_6,B
7613,Male,No,27.0,,Homemaker,4.0,Low,2.0,Cat_1,A
7614,Male,Yes,57.0,Yes,Lawyer,9.0,Average,4.0,Cat_6,D
7615,Female,No,31.0,No,Entertainment,3.0,Low,1.0,Cat_3,A
7616,Male,No,37.0,Yes,Entertainment,9.0,Average,4.0,Cat_2,B
7617,Male,Yes,67.0,No,Marketing,9.0,Low,3.0,Cat_7,D
7618,Female,No,37.0,Yes,Healthcare,9.0,High,4.0,Cat_2,C
7619,Male,Yes,45.0,Yes,Executive,6.0,High,3.0,Cat_4,C
7620,Female,Yes,33.0,Yes,Entertainment,1.0,Low,1.0,Cat_1,A
7621,Male,Yes,50.0,No,Doctor,3.0,Average,2.0,Cat_3,B
7622,Female,Yes,59.0,Yes,Lawyer,11.0,Average,6.0,Cat_7,D
7623,Male,No,47.0,Yes,Executive,14.0,Average,2.0,Cat_5,C
7624,Female,No,35.0,No,Entertainment,0.0,Average,2.0,,A
7625,Male,Yes,59.0,No,Entertainment,11.0,Average,3.0,Cat_7,D
7626,Male,Yes,65.0,Yes,,11.0,Average,6.0,Cat_3,D
7627,Female,No,38.0,Yes,Engineer,13.0,Average,3.0,Cat_5,C
7628,Male,Yes,58.0,Yes,Executive,13.0,Average,5.0,Cat_5,D
7629,Female,,26.0,No,Healthcare,1.0,Average,1.0,Cat_1,A
7630,Male,Yes,67.0,Yes,Marketing,8.0,Low,6.0,Cat_7,D
7631,Female,Yes,30.0,Yes,Doctor,2.0,Average,3.0,Cat_3,B
7632,Female,Yes,47.0,Yes,Marketing,,Average,3.0,Cat_6,C
7633,Male,Yes,37.0,Yes,Executive,2.0,Average,4.0,Cat_3,B
7634,Female,No,29.0,No,Homemaker,3.0,Low,1.0,Cat_1,A
7635,Male,No,42.0,Yes,Entertainment,4.0,Low,4.0,Cat_4,B
7636,Male,No,53.0,Yes,Lawyer,9.0,High,3.0,Cat_5,D
7637,Male,No,68.0,Yes,Healthcare,13.0,Average,6.0,Cat_7,D
7638,Female,No,26.0,Yes,Homemaker,4.0,Low,1.0,Cat_1,A
7639,Male,Yes,67.0,Yes,Marketing,10.0,Low,7.0,Cat_4,D
7640,Male,No,20.0,Yes,Homemaker,1.0,Low,2.0,Cat_1,A
7641,Male,Yes,39.0,Yes,Healthcare,5.0,Average,,Cat_4,B
7642,Female,Yes,41.0,Yes,Doctor,10.0,High,2.0,Cat_5,C
7643,Female,No,34.0,Yes,Entertainment,0.0,Low,2.0,Cat_2,A
7644,Male,Yes,79.0,Yes,Engineer,12.0,Average,4.0,Cat_7,D
7645,Female,Yes,46.0,No,Executive,7.0,Average,3.0,Cat_3,B
7646,Male,Yes,57.0,No,Executive,14.0,Average,4.0,Cat_6,D
7647,Male,Yes,40.0,Yes,Executive,,Low,2.0,Cat_6,C
7648,Female,Yes,51.0,Yes,Artist,,Average,6.0,Cat_3,D
7649,Female,Yes,23.0,No,Entertainment,1.0,Low,2.0,Cat_2,A
7650,Female,No,47.0,Yes,Engineer,,Low,2.0,Cat_7,C
7651,Male,No,64.0,Yes,Engineer,11.0,High,4.0,Cat_6,C
7652,Male,Yes,51.0,Yes,Marketing,13.0,Low,4.0,Cat_5,D
7653,Female,No,22.0,No,Doctor,3.0,Low,,Cat_3,A
7654,Female,Yes,29.0,Yes,Entertainment,2.0,Average,4.0,Cat_4,B
7655,Male,Yes,45.0,Yes,Homemaker,8.0,Low,4.0,Cat_7,D
7656,Male,No,27.0,Yes,Homemaker,3.0,Low,1.0,Cat_4,A
7657,Female,Yes,67.0,,Artist,9.0,Average,4.0,Cat_4,D
7658,Female,Yes,45.0,Yes,Artist,8.0,Average,5.0,Cat_7,D
7659,Male,Yes,63.0,Yes,Lawyer,14.0,High,2.0,Cat_3,C
7660,Male,No,31.0,Yes,Artist,3.0,Low,1.0,Cat_2,A
7661,Female,No,30.0,Yes,Engineer,4.0,High,3.0,Cat_2,B
7662,Female,Yes,49.0,Yes,Healthcare,10.0,High,2.0,Cat_7,C
7663,Female,No,30.0,Yes,Entertainment,1.0,Average,1.0,Cat_7,A
7664,Female,No,46.0,No,Entertainment,3.0,Average,2.0,Cat_7,B
7665,Male,Yes,45.0,No,Healthcare,5.0,High,4.0,,B
7666,Female,Yes,30.0,Yes,Healthcare,3.0,Low,3.0,Cat_5,B
7667,Female,,31.0,No,Doctor,,Average,3.0,Cat_3,B
7668,Female,Yes,38.0,Yes,Lawyer,10.0,High,3.0,Cat_6,C
7669,Male,Yes,41.0,Yes,Executive,10.0,Low,2.0,Cat_2,C
7670,Male,Yes,38.0,Yes,Doctor,6.0,High,3.0,Cat_4,C
7671,Female,No,49.0,No,Executive,9.0,Average,3.0,Cat_5,B
7672,Female,Yes,44.0,Yes,Artist,10.0,Average,3.0,Cat_3,C
7673,Female,,43.0,No,Artist,6.0,Low,2.0,Cat_4,B
7674,Male,No,30.0,No,Marketing,0.0,Average,1.0,Cat_4,A
7675,Male,,73.0,Yes,Artist,10.0,Low,5.0,Cat_4,D
7676,Female,Yes,48.0,Yes,Executive,7.0,Average,4.0,Cat_5,B
7677,Female,Yes,40.0,No,Lawyer,4.0,Average,2.0,Cat_3,B
7678,Male,Yes,72.0,Yes,Engineer,10.0,Average,4.0,Cat_7,D
7679,Male,No,18.0,Yes,Marketing,2.0,Low,1.0,Cat_1,A
7680,Female,,42.0,,Entertainment,3.0,Average,3.0,Cat_4,B
7681,Female,Yes,48.0,Yes,Marketing,12.0,High,4.0,Cat_4,C
7682,Female,No,32.0,Yes,Doctor,4.0,Average,1.0,Cat_3,A
7683,Female,No,65.0,Yes,Engineer,12.0,High,3.0,Cat_3,C
7684,Female,No,29.0,Yes,Lawyer,4.0,Average,2.0,Cat_2,A
7685,Male,Yes,52.0,Yes,Doctor,9.0,High,2.0,Cat_4,C
7686,Male,No,41.0,Yes,Healthcare,8.0,High,4.0,Cat_6,C
7687,Male,No,50.0,No,Doctor,6.0,Average,2.0,Cat_2,B
7688,Male,No,31.0,Yes,Entertainment,0.0,Low,2.0,Cat_1,A
7689,Male,No,40.0,No,Executive,2.0,Average,2.0,Cat_7,B
7690,Male,No,68.0,No,Marketing,,Average,3.0,Cat_5,D
7691,Male,Yes,67.0,Yes,Lawyer,12.0,Average,5.0,Cat_7,D
7692,Female,Yes,64.0,Yes,Executive,14.0,Low,2.0,Cat_5,C
7693,Female,No,27.0,No,Artist,4.0,Low,2.0,Cat_1,A
7694,Male,Yes,35.0,No,Executive,2.0,Low,3.0,Cat_3,B
7695,Female,Yes,71.0,No,Doctor,14.0,Average,3.0,Cat_6,D
7696,Female,No,32.0,Yes,Entertainment,4.0,Low,2.0,Cat_1,A
7697,Male,Yes,39.0,Yes,Artist,8.0,Average,4.0,Cat_5,B
7698,Male,Yes,59.0,No,Doctor,14.0,Low,,Cat_7,D
7699,Female,No,23.0,Yes,Entertainment,4.0,Average,2.0,Cat_1,A
7700,Male,Yes,64.0,Yes,Executive,12.0,Average,7.0,Cat_5,D
7701,Male,Yes,62.0,Yes,Doctor,8.0,Average,2.0,Cat_7,C
7702,Male,Yes,49.0,No,Homemaker,12.0,Low,4.0,Cat_5,D
7703,Male,No,37.0,Yes,Homemaker,8.0,Low,2.0,Cat_4,B
7704,Male,No,39.0,Yes,Healthcare,10.0,High,4.0,Cat_5,C
7705,Male,Yes,49.0,Yes,Executive,4.0,Low,4.0,Cat_3,B
7706,Male,Yes,59.0,No,Engineer,13.0,Low,6.0,Cat_5,D
7707,Male,Yes,46.0,Yes,Healthcare,9.0,Low,2.0,Cat_5,C
7708,Male,No,80.0,Yes,Homemaker,9.0,High,5.0,Cat_4,D
7709,Male,No,19.0,No,Artist,0.0,Average,1.0,,A
7710,Female,No,49.0,Yes,Lawyer,8.0,Low,3.0,Cat_4,C
7711,Male,Yes,37.0,Yes,Lawyer,9.0,Average,3.0,Cat_3,B
7712,Male,Yes,72.0,No,Executive,14.0,Average,4.0,Cat_6,D
7713,Female,No,23.0,No,Lawyer,4.0,Low,1.0,Cat_1,A
7714,Male,Yes,48.0,Yes,Marketing,11.0,Average,4.0,Cat_5,D
7715,Male,Yes,70.0,No,Homemaker,9.0,Low,5.0,Cat_7,D
7716,Female,Yes,50.0,Yes,Doctor,13.0,High,4.0,Cat_6,C
7717,Male,Yes,31.0,No,Marketing,1.0,Low,1.0,Cat_3,A
7718,Female,Yes,57.0,Yes,Artist,14.0,High,4.0,Cat_7,C
7719,Female,Yes,28.0,No,Executive,2.0,Average,4.0,Cat_3,B
7720,Male,No,50.0,No,Lawyer,8.0,High,,Cat_5,B
7721,Female,No,53.0,No,Doctor,5.0,High,4.0,Cat_3,C
7722,Male,Yes,48.0,No,Doctor,10.0,Average,7.0,Cat_6,D
7723,Male,Yes,61.0,Yes,Healthcare,11.0,Average,4.0,Cat_5,C
7724,Female,Yes,76.0,No,Lawyer,8.0,Low,6.0,Cat_6,D
7725,Male,No,33.0,No,Engineer,2.0,Average,2.0,Cat_1,A
7726,Male,Yes,53.0,Yes,Executive,,Average,3.0,Cat_3,C
7727,Male,Yes,48.0,Yes,Executive,,High,7.0,,D
7728,Male,Yes,46.0,Yes,Homemaker,3.0,Low,2.0,Cat_7,B
7729,Male,Yes,80.0,Yes,Marketing,,Average,6.0,Cat_6,D
7730,Female,Yes,48.0,Yes,Artist,10.0,High,3.0,Cat_5,C
7731,Female,No,33.0,No,Healthcare,4.0,Average,1.0,Cat_2,A
7732,Female,Yes,33.0,Yes,Executive,6.0,Average,3.0,Cat_5,B
7733,Female,No,34.0,No,Executive,4.0,Average,1.0,Cat_6,A
7734,Female,No,25.0,No,Engineer,0.0,Low,2.0,Cat_2,A
7735,Female,No,35.0,Yes,Homemaker,3.0,Low,1.0,Cat_2,A
7736,Male,Yes,29.0,Yes,Engineer,6.0,Average,3.0,Cat_2,B
7737,Female,No,30.0,Yes,Healthcare,4.0,Low,2.0,Cat_7,B
7738,Male,No,19.0,Yes,Executive,1.0,Low,1.0,Cat_2,A
7739,Female,Yes,53.0,Yes,Executive,11.0,High,2.0,Cat_6,C
7740,Male,No,22.0,No,Artist,0.0,Low,1.0,Cat_3,A
7741,Male,Yes,25.0,No,Healthcare,1.0,Low,1.0,Cat_6,A
7742,Female,Yes,76.0,Yes,Engineer,11.0,Average,3.0,Cat_4,D
7743,Female,Yes,60.0,No,Engineer,6.0,Low,3.0,Cat_5,C
7744,Male,Yes,71.0,No,Lawyer,,Average,3.0,Cat_6,D
7745,Male,Yes,36.0,No,Homemaker,5.0,Average,2.0,Cat_2,B
7746,Male,Yes,32.0,No,Doctor,1.0,Low,1.0,Cat_1,A
7747,Female,Yes,25.0,No,Marketing,1.0,Average,2.0,Cat_1,A
7748,Male,Yes,61.0,No,Marketing,13.0,Low,5.0,Cat_6,D
7749,Male,Yes,37.0,No,Engineer,8.0,Average,3.0,Cat_4,B
7750,Female,Yes,29.0,Yes,Entertainment,6.0,Average,2.0,,B
7751,Female,,53.0,Yes,Executive,8.0,High,3.0,Cat_3,C
7752,Female,No,24.0,Yes,Executive,,Average,2.0,Cat_2,A
7753,Male,No,41.0,No,Healthcare,4.0,Low,2.0,Cat_1,B
7754,Female,No,31.0,No,Engineer,0.0,Average,1.0,Cat_4,A
7755,Male,Yes,69.0,Yes,Executive,,Average,6.0,Cat_4,D
7756,Male,Yes,70.0,Yes,Entertainment,13.0,Average,3.0,Cat_7,D
7757,Male,Yes,29.0,Yes,Lawyer,7.0,Average,4.0,Cat_3,B
7758,Female,Yes,18.0,No,Doctor,2.0,Low,2.0,Cat_5,A
7759,Male,Yes,63.0,Yes,Executive,8.0,Average,5.0,Cat_7,D
7760,Female,No,28.0,No,Doctor,,Low,2.0,Cat_2,A
7761,Female,Yes,35.0,No,Healthcare,5.0,Average,3.0,Cat_7,B
7762,Male,No,32.0,No,Homemaker,9.0,Average,4.0,Cat_4,B
7763,Female,Yes,44.0,Yes,Lawyer,8.0,Low,4.0,Cat_3,C
7764,Male,No,35.0,Yes,Artist,0.0,Low,2.0,Cat_1,A
7765,Male,Yes,64.0,Yes,Executive,10.0,High,4.0,Cat_5,C
7766,Female,Yes,54.0,Yes,Lawyer,11.0,Average,3.0,Cat_5,C
7767,Male,No,40.0,Yes,Lawyer,,Average,4.0,Cat_7,B
7768,Female,No,30.0,No,Lawyer,1.0,Average,2.0,Cat_4,A
7769,Female,No,45.0,No,Doctor,8.0,Low,4.0,Cat_2,B
7770,Female,No,57.0,Yes,Executive,7.0,High,2.0,Cat_6,C
7771,Female,Yes,75.0,Yes,Healthcare,11.0,Low,3.0,Cat_7,D
7772,Female,Yes,61.0,Yes,Artist,7.0,Average,,Cat_6,C
7773,Male,No,21.0,No,Entertainment,4.0,Low,2.0,Cat_3,A
7774,Male,Yes,40.0,Yes,Lawyer,12.0,Low,3.0,,C
7775,Male,No,47.0,Yes,Doctor,4.0,Average,4.0,Cat_4,B
7776,Male,No,20.0,No,Marketing,3.0,Low,2.0,Cat_2,A
7777,Female,Yes,63.0,Yes,Marketing,9.0,High,4.0,Cat_7,C
7778,Female,Yes,41.0,Yes,Healthcare,14.0,High,3.0,Cat_5,C
7779,Male,Yes,40.0,Yes,Engineer,12.0,High,4.0,Cat_3,C
7780,Female,No,36.0,No,Engineer,9.0,Average,4.0,Cat_3,B
7781,Male,No,80.0,,Engineer,8.0,Average,5.0,Cat_4,D
7782,Female,No,61.0,No,Artist,9.0,Low,7.0,Cat_7,D
7783,Female,No,62.0,Yes,,7.0,Average,4.0,Cat_5,C
7784,Male,No,27.0,No,Artist,0.0,Low,2.0,Cat_2,A
7785,Male,Yes,43.0,Yes,Entertainment,12.0,High,3.0,Cat_6,C
7786,Male,Yes,50.0,,Lawyer,14.0,Average,6.0,Cat_3,D
7787,Male,No,38.0,Yes,Healthcare,8.0,High,,Cat_1,C
7788,Female,No,40.0,Yes,Healthcare,9.0,High,4.0,Cat_5,C
7789,Male,Yes,40.0,Yes,Engineer,2.0,Low,3.0,Cat_5,B
7790,Female,No,25.0,Yes,Doctor,0.0,Average,2.0,Cat_1,A
7791,Female,No,61.0,No,Homemaker,13.0,Low,3.0,Cat_6,D
7792,Male,Yes,36.0,Yes,Doctor,,Average,4.0,Cat_3,B
7793,Female,Yes,46.0,Yes,Artist,5.0,Average,2.0,Cat_1,B
7794,Male,No,32.0,Yes,Artist,1.0,Low,1.0,Cat_3,A
7795,Male,Yes,71.0,,Engineer,8.0,High,5.0,Cat_6,D
7796,Female,Yes,54.0,Yes,Executive,9.0,Average,3.0,Cat_5,D
7797,Female,No,48.0,No,,2.0,Average,2.0,Cat_5,B
7798,Female,No,48.0,No,Engineer,5.0,Low,4.0,Cat_4,B
7799,Female,No,19.0,No,Artist,3.0,Low,,Cat_2,A
7800,Male,No,62.0,Yes,Artist,10.0,High,3.0,Cat_5,C
7801,Male,No,56.0,Yes,Lawyer,13.0,Low,5.0,Cat_5,D
7802,Female,No,43.0,Yes,Lawyer,8.0,Low,3.0,Cat_4,C
7803,Female,No,27.0,Yes,Entertainment,0.0,Low,1.0,Cat_5,A
7804,Female,Yes,36.0,Yes,Engineer,13.0,High,3.0,Cat_5,C
7805,Male,Yes,43.0,No,Engineer,9.0,Average,3.0,Cat_4,B
7806,Male,Yes,29.0,Yes,Lawyer,3.0,High,4.0,,B
7807,Female,Yes,49.0,Yes,Marketing,13.0,Average,7.0,Cat_4,D
7808,Male,No,35.0,Yes,Healthcare,7.0,High,4.0,Cat_4,C
7809,Male,No,42.0,Yes,Engineer,4.0,Low,3.0,Cat_1,B
7810,Female,Yes,29.0,Yes,Executive,5.0,Low,2.0,Cat_3,B
7811,Female,No,27.0,No,,3.0,Low,2.0,Cat_1,A
7812,Male,No,25.0,No,Marketing,3.0,Low,2.0,Cat_3,A
7813,Female,Yes,58.0,Yes,Lawyer,7.0,Average,3.0,Cat_5,C
7814,Male,No,48.0,Yes,Artist,7.0,Average,4.0,Cat_6,C
7815,Female,No,57.0,No,Entertainment,11.0,Low,7.0,Cat_7,D
7816,Male,Yes,46.0,No,Engineer,3.0,Average,2.0,Cat_3,B
7817,Male,Yes,35.0,Yes,Executive,11.0,High,3.0,Cat_1,C
7818,Female,No,64.0,Yes,Executive,9.0,High,3.0,Cat_5,C
7819,Female,Yes,52.0,No,Engineer,14.0,High,2.0,Cat_3,C
7820,Female,Yes,43.0,No,Executive,12.0,High,3.0,Cat_4,C
7821,Female,No,33.0,Yes,Doctor,0.0,Low,1.0,Cat_3,A
7822,Male,Yes,57.0,Yes,Marketing,11.0,Average,5.0,Cat_5,D
7823,Male,No,22.0,Yes,Engineer,1.0,Low,2.0,Cat_4,A
7824,Male,Yes,55.0,Yes,Lawyer,7.0,Low,3.0,Cat_5,C
7825,Male,Yes,41.0,Yes,Homemaker,6.0,Average,2.0,Cat_4,C
7826,Male,Yes,37.0,,Executive,6.0,Low,4.0,Cat_3,B
7827,Male,No,77.0,,Healthcare,14.0,Low,4.0,Cat_7,D
7828,Female,Yes,47.0,Yes,Doctor,9.0,Low,3.0,Cat_3,B
7829,Female,Yes,21.0,No,Homemaker,0.0,Low,2.0,Cat_5,A
7830,Female,No,49.0,Yes,Healthcare,9.0,Average,2.0,Cat_6,C
7831,Male,Yes,61.0,Yes,Healthcare,5.0,High,3.0,Cat_5,C
7832,Female,Yes,63.0,No,Doctor,10.0,High,7.0,Cat_7,D
7833,Male,Yes,34.0,No,Engineer,9.0,Average,4.0,Cat_7,B
7834,Male,No,47.0,No,Executive,4.0,Average,3.0,,B
7835,Male,Yes,43.0,Yes,Doctor,11.0,High,4.0,Cat_7,C
7836,Female,Yes,50.0,,Doctor,9.0,Average,4.0,Cat_7,D
7837,Female,No,31.0,Yes,Entertainment,2.0,Low,1.0,,A
7838,Male,Yes,30.0,No,Artist,4.0,High,2.0,Cat_4,A
7839,Male,No,20.0,Yes,Homemaker,1.0,Average,2.0,Cat_6,A
7840,Female,Yes,63.0,No,Doctor,12.0,High,3.0,Cat_5,C
7841,Female,No,73.0,Yes,Marketing,10.0,Average,6.0,Cat_4,D
7842,Male,Yes,80.0,,Executive,14.0,High,7.0,Cat_3,D
7843,Female,Yes,37.0,Yes,Healthcare,3.0,Average,3.0,Cat_3,B
7844,Female,Yes,64.0,Yes,Engineer,8.0,High,2.0,Cat_5,C
7845,Male,Yes,48.0,Yes,Executive,7.0,Average,2.0,Cat_6,C
7846,Female,Yes,47.0,No,Engineer,,Low,3.0,Cat_5,C
7847,Male,No,43.0,Yes,Healthcare,5.0,Average,4.0,Cat_4,B
7848,Male,Yes,33.0,No,Executive,2.0,Average,2.0,Cat_4,B
7849,Male,No,30.0,Yes,Lawyer,3.0,High,1.0,Cat_2,A
7850,Female,Yes,74.0,Yes,Homemaker,14.0,Average,,Cat_7,D
7851,Female,Yes,49.0,No,Homemaker,9.0,High,3.0,Cat_2,B
7852,Male,No,40.0,Yes,Artist,7.0,Average,4.0,Cat_4,B
7853,Female,Yes,45.0,Yes,Doctor,14.0,Average,3.0,Cat_5,C
7854,Female,No,48.0,No,Doctor,8.0,Low,2.0,Cat_3,B
7855,Male,Yes,46.0,No,Doctor,8.0,Average,3.0,Cat_2,B
7856,Female,Yes,24.0,No,Engineer,1.0,Low,1.0,Cat_1,A
7857,Male,No,52.0,Yes,Healthcare,9.0,High,2.0,Cat_6,C
7858,Male,Yes,45.0,Yes,Homemaker,11.0,Low,4.0,,D
7859,Female,Yes,20.0,No,Marketing,3.0,Low,2.0,Cat_2,A
7860,Female,Yes,42.0,Yes,Executive,,High,3.0,Cat_6,C
7861,Male,No,40.0,Yes,Healthcare,4.0,Average,2.0,Cat_4,B
7862,Female,No,29.0,,Entertainment,0.0,Low,1.0,Cat_4,A
7863,Male,Yes,57.0,Yes,Entertainment,12.0,Average,5.0,Cat_7,D
7864,Male,Yes,55.0,Yes,,,Low,3.0,Cat_6,D
7865,Male,,75.0,No,Artist,14.0,Average,4.0,Cat_2,D
7866,Male,,59.0,Yes,Healthcare,10.0,Average,4.0,Cat_2,D
7867,Female,No,30.0,No,Homemaker,4.0,Average,2.0,Cat_1,A
7868,Male,Yes,63.0,,Executive,9.0,High,3.0,Cat_3,C
7869,Female,,58.0,Yes,Entertainment,13.0,High,2.0,Cat_5,C
7870,Male,Yes,63.0,Yes,Entertainment,14.0,High,4.0,Cat_4,C
7871,Female,No,18.0,No,Entertainment,3.0,Low,2.0,Cat_1,A
7872,Female,Yes,52.0,Yes,Marketing,13.0,Low,5.0,Cat_7,D
7873,Male,Yes,33.0,Yes,Healthcare,9.0,Low,4.0,Cat_6,B
7874,Female,No,22.0,Yes,Artist,1.0,Low,2.0,Cat_1,A
7875,Male,Yes,72.0,Yes,Marketing,12.0,Average,3.0,Cat_4,D
7876,Female,Yes,57.0,No,Lawyer,12.0,Average,7.0,Cat_7,D
7877,Female,No,27.0,Yes,Homemaker,4.0,Low,1.0,Cat_1,A
7878,Female,Yes,72.0,Yes,Lawyer,11.0,Average,6.0,Cat_6,D
7879,Male,Yes,79.0,Yes,Homemaker,11.0,High,5.0,Cat_4,D
7880,Male,Yes,52.0,Yes,Doctor,12.0,High,2.0,Cat_6,C
7881,Male,Yes,47.0,Yes,Lawyer,14.0,High,2.0,Cat_4,C
7882,Male,No,25.0,Yes,Artist,,High,1.0,Cat_1,A
7883,Female,Yes,43.0,Yes,Healthcare,14.0,High,2.0,Cat_5,C
7884,Male,Yes,50.0,No,Homemaker,14.0,Low,5.0,Cat_6,D
7885,Female,No,28.0,Yes,Entertainment,1.0,Low,2.0,Cat_2,A
7886,Female,Yes,48.0,,Healthcare,11.0,Low,2.0,Cat_7,C
7887,Male,Yes,78.0,Yes,Doctor,10.0,Low,6.0,Cat_7,D
7888,Female,Yes,31.0,No,Healthcare,2.0,Low,2.0,Cat_1,A
7889,Female,Yes,72.0,,Lawyer,8.0,Average,6.0,Cat_7,D
7890,Female,,24.0,Yes,Homemaker,3.0,Low,1.0,Cat_4,A
7891,Male,No,30.0,Yes,Doctor,6.0,Low,4.0,Cat_5,B
7892,Female,Yes,40.0,No,Executive,9.0,Average,2.0,Cat_3,B
7893,Male,Yes,57.0,Yes,Doctor,,High,2.0,Cat_5,C
7894,Male,Yes,48.0,No,Marketing,13.0,Average,7.0,Cat_7,D
7895,Male,Yes,40.0,Yes,Engineer,13.0,High,2.0,Cat_1,C
7896,Male,Yes,19.0,No,Artist,0.0,Average,2.0,Cat_1,A
7897,Male,No,34.0,Yes,Doctor,7.0,Average,4.0,Cat_3,B
7898,Female,Yes,39.0,Yes,Doctor,9.0,Low,2.0,Cat_4,C
7899,Female,Yes,45.0,Yes,Lawyer,2.0,Average,,Cat_5,B
7900,Male,,71.0,Yes,Doctor,11.0,Average,3.0,Cat_7,D
7901,Male,Yes,29.0,Yes,Executive,2.0,Low,1.0,Cat_1,A
7902,Female,No,45.0,No,Doctor,14.0,Low,3.0,Cat_4,C
7903,Female,No,33.0,Yes,Doctor,3.0,High,4.0,Cat_4,B
7904,Female,No,45.0,No,Homemaker,7.0,Average,2.0,Cat_4,B
7905,Female,Yes,43.0,Yes,Executive,11.0,High,4.0,Cat_7,C
7906,Male,Yes,78.0,Yes,Marketing,8.0,Low,6.0,Cat_7,D
7907,Male,Yes,33.0,No,Marketing,5.0,High,4.0,Cat_1,B
7908,Male,Yes,78.0,Yes,Executive,,Average,6.0,Cat_4,D
7909,Male,Yes,37.0,No,Healthcare,7.0,Average,4.0,Cat_1,C
7910,Male,Yes,52.0,Yes,Doctor,11.0,High,2.0,Cat_6,C
7911,Female,Yes,31.0,No,Healthcare,2.0,Low,2.0,Cat_1,A
7912,Female,No,79.0,No,Entertainment,,Average,3.0,Cat_7,D
7913,Female,No,32.0,Yes,Entertainment,7.0,Low,2.0,Cat_6,B
7914,Female,Yes,51.0,No,Executive,14.0,Low,3.0,Cat_5,D
7915,Male,Yes,56.0,No,Engineer,9.0,Low,4.0,Cat_5,D
7916,Female,Yes,44.0,Yes,Engineer,4.0,Average,3.0,Cat_3,B
7917,Female,No,44.0,Yes,Entertainment,4.0,Low,2.0,Cat_3,B
7918,Female,Yes,61.0,Yes,Executive,5.0,High,3.0,Cat_4,C
7919,Female,Yes,55.0,Yes,Doctor,14.0,High,2.0,Cat_1,C
7920,Male,Yes,58.0,Yes,Artist,,Average,3.0,Cat_7,D
7921,Male,Yes,54.0,Yes,Executive,9.0,Average,4.0,Cat_2,C
7922,Male,Yes,60.0,Yes,Homemaker,7.0,High,4.0,Cat_4,C
7923,Male,No,27.0,No,Lawyer,0.0,Average,2.0,Cat_4,A
7924,Male,Yes,58.0,Yes,Artist,13.0,Low,3.0,Cat_3,D
7925,Female,Yes,61.0,No,Engineer,11.0,Average,4.0,Cat_6,C
7926,Male,,51.0,Yes,Doctor,13.0,High,2.0,Cat_6,C
7927,Male,No,46.0,Yes,Marketing,10.0,Low,4.0,Cat_7,D
7928,Female,No,30.0,No,Homemaker,4.0,Low,2.0,Cat_2,A
7929,Male,No,39.0,No,Artist,4.0,Average,4.0,Cat_3,B
7930,Male,No,34.0,No,Doctor,0.0,Average,1.0,Cat_1,A
7931,Male,Yes,49.0,Yes,Executive,10.0,High,2.0,Cat_6,C
7932,Female,Yes,57.0,Yes,Doctor,10.0,High,2.0,Cat_6,C
7933,Male,No,30.0,Yes,Artist,3.0,High,4.0,Cat_4,B
7934,Female,Yes,27.0,Yes,Lawyer,2.0,Low,1.0,Cat_1,A
7935,Male,Yes,34.0,No,Healthcare,6.0,Low,,Cat_1,B
7936,Female,No,26.0,Yes,Entertainment,2.0,Low,1.0,Cat_1,A
7937,Male,Yes,50.0,Yes,Engineer,9.0,High,4.0,Cat_6,C
7938,Female,Yes,52.0,No,Healthcare,13.0,Average,3.0,Cat_3,D
7939,Female,No,25.0,Yes,Doctor,3.0,Low,,Cat_1,A
7940,Female,No,25.0,No,Artist,4.0,Low,1.0,Cat_1,A
7941,Male,Yes,61.0,Yes,Executive,12.0,Average,3.0,Cat_4,D
7942,Male,No,42.0,Yes,Lawyer,6.0,Average,4.0,Cat_7,C
7943,Male,Yes,53.0,Yes,Engineer,14.0,Average,3.0,Cat_1,D
7944,Female,Yes,38.0,Yes,Healthcare,,Average,4.0,Cat_3,B
7945,Male,Yes,36.0,Yes,Artist,9.0,Low,3.0,Cat_5,C
7946,Female,Yes,25.0,No,Homemaker,3.0,Low,2.0,Cat_5,A
7947,Female,Yes,34.0,Yes,Engineer,1.0,Low,2.0,Cat_3,A
7948,Female,No,27.0,Yes,Marketing,1.0,Average,2.0,Cat_1,A
7949,Male,Yes,55.0,Yes,Lawyer,8.0,Average,6.0,Cat_7,D
7950,Male,No,51.0,Yes,Homemaker,9.0,High,4.0,Cat_6,D
7951,Female,Yes,71.0,Yes,Artist,14.0,Low,7.0,Cat_5,D
7952,Female,Yes,67.0,Yes,Homemaker,10.0,Average,6.0,Cat_6,D
7953,Male,No,59.0,No,Healthcare,12.0,Average,3.0,Cat_4,D
7954,Female,Yes,21.0,No,Marketing,0.0,Low,2.0,Cat_2,A
7955,Male,No,28.0,No,Healthcare,3.0,Low,,Cat_3,A
7956,Female,No,33.0,Yes,Healthcare,5.0,Low,3.0,Cat_3,B
7957,Female,Yes,72.0,No,Engineer,9.0,Low,6.0,Cat_6,D
7958,Female,No,62.0,Yes,Marketing,7.0,High,3.0,Cat_4,C
7959,Female,Yes,32.0,No,Engineer,,Low,3.0,Cat_5,B
7960,Male,Yes,49.0,Yes,Healthcare,11.0,High,2.0,Cat_5,C
7961,Female,Yes,74.0,Yes,Healthcare,8.0,High,4.0,Cat_7,D
7962,Male,No,23.0,Yes,Marketing,3.0,Low,1.0,Cat_2,A
7963,Male,No,29.0,No,Homemaker,3.0,Low,1.0,Cat_6,A
7964,Female,Yes,63.0,Yes,Healthcare,9.0,High,3.0,Cat_5,C
7965,Female,No,30.0,Yes,Doctor,0.0,Low,2.0,Cat_3,A
7966,Female,Yes,42.0,Yes,Homemaker,13.0,High,3.0,Cat_1,C
7967,Male,Yes,48.0,Yes,Healthcare,,Low,7.0,Cat_6,D
7968,Female,,56.0,No,Healthcare,12.0,Low,4.0,Cat_2,D
7969,Male,No,60.0,Yes,Entertainment,13.0,High,3.0,Cat_6,C
7970,Female,No,28.0,No,Artist,3.0,Average,2.0,Cat_3,A
7971,Male,Yes,34.0,No,Engineer,7.0,Average,3.0,Cat_5,B
7972,Female,Yes,40.0,Yes,Entertainment,7.0,High,2.0,Cat_5,C
7973,Male,Yes,41.0,No,Artist,5.0,Low,2.0,Cat_3,B
7974,Female,No,35.0,No,Doctor,7.0,Low,4.0,Cat_4,B
7975,Female,No,21.0,Yes,Artist,0.0,Low,2.0,Cat_3,A
7976,Male,No,30.0,No,Homemaker,7.0,Average,4.0,Cat_7,B
7977,Male,Yes,65.0,Yes,Artist,,Average,6.0,Cat_7,D
7978,Female,Yes,39.0,No,Engineer,4.0,Average,4.0,Cat_4,B
7979,Female,No,22.0,No,Marketing,2.0,Average,1.0,Cat_1,A
7980,Female,No,23.0,Yes,,,Low,2.0,Cat_1,A
7981,Female,Yes,43.0,No,Homemaker,8.0,Average,2.0,Cat_4,B
7982,Male,Yes,68.0,Yes,Lawyer,,Low,3.0,Cat_6,D
7983,Female,No,19.0,Yes,Executive,3.0,Low,2.0,Cat_1,A
7984,Female,Yes,40.0,Yes,Entertainment,7.0,Average,2.0,,B
7985,Female,No,23.0,No,Artist,2.0,Low,1.0,Cat_1,A
7986,Male,Yes,34.0,Yes,Healthcare,7.0,Average,3.0,Cat_4,B
7987,Male,Yes,69.0,No,Lawyer,10.0,Average,3.0,Cat_7,D
7988,Female,No,34.0,No,Artist,3.0,Low,2.0,Cat_4,A
7989,Female,Yes,63.0,No,Entertainment,14.0,Average,5.0,Cat_5,D
7990,Male,Yes,46.0,Yes,Lawyer,8.0,High,4.0,Cat_4,C
7991,Female,Yes,50.0,No,Lawyer,13.0,Low,7.0,Cat_6,D
7992,Male,No,30.0,Yes,Artist,3.0,Low,1.0,Cat_2,A
7993,Female,Yes,63.0,No,Executive,14.0,Low,5.0,Cat_6,D
7994,Female,No,32.0,No,Engineer,7.0,Low,4.0,Cat_4,B
7995,Female,Yes,75.0,Yes,Homemaker,11.0,Average,3.0,Cat_6,D
7996,Female,No,38.0,No,Doctor,,Average,2.0,Cat_5,B
7997,Female,No,29.0,No,Lawyer,2.0,Average,2.0,Cat_2,A
7998,Female,No,24.0,No,Healthcare,3.0,Average,1.0,Cat_3,A
7999,Male,No,35.0,No,Artist,4.0,Average,2.0,Cat_2,A
8000,Male,Yes,44.0,No,Healthcare,2.0,High,4.0,Cat_5,B
8001,Female,No,35.0,No,Homemaker,4.0,Low,2.0,Cat_2,A
8002,Female,No,37.0,No,Healthcare,2.0,High,4.0,Cat_3,B
8003,Male,Yes,44.0,Yes,Engineer,5.0,High,4.0,Cat_6,C
8004,Male,Yes,59.0,No,Lawyer,12.0,Average,5.0,Cat_2,D
8005,Female,Yes,33.0,Yes,Executive,7.0,Average,4.0,Cat_5,B
8006,Male,Yes,64.0,Yes,Artist,9.0,High,7.0,Cat_4,D
8007,Male,No,34.0,No,Executive,2.0,Average,1.0,Cat_1,A
8008,Female,Yes,28.0,Yes,Homemaker,4.0,High,3.0,Cat_5,B
8009,Male,Yes,42.0,Yes,Engineer,4.0,Average,3.0,Cat_1,B
8010,Male,Yes,40.0,,Engineer,9.0,High,2.0,Cat_2,B
8011,Male,Yes,30.0,Yes,Engineer,0.0,Low,2.0,Cat_1,A
8012,Male,Yes,49.0,No,Homemaker,8.0,Low,7.0,Cat_5,D
8013,Female,Yes,27.0,No,Executive,3.0,Low,1.0,Cat_1,A
8014,Male,Yes,77.0,Yes,Homemaker,14.0,Average,7.0,Cat_5,D
8015,Male,No,30.0,Yes,Healthcare,,Low,2.0,Cat_4,A
8016,Female,Yes,55.0,Yes,Artist,8.0,Low,3.0,Cat_1,C
8017,Female,No,29.0,No,Artist,3.0,Average,3.0,Cat_3,B
8018,Female,No,45.0,No,Marketing,5.0,Low,,Cat_3,B
8019,Male,Yes,66.0,Yes,Healthcare,11.0,Low,3.0,Cat_1,D
8020,Male,,21.0,No,Lawyer,1.0,Low,,Cat_1,A
8021,Male,No,32.0,No,Entertainment,4.0,Low,,Cat_3,A
8022,Female,No,27.0,Yes,Healthcare,2.0,Low,2.0,Cat_3,A
8023,Female,No,47.0,Yes,Doctor,9.0,High,3.0,Cat_4,B
8024,Male,Yes,69.0,,Marketing,11.0,Average,5.0,Cat_6,D
8025,Female,No,21.0,No,Artist,1.0,Average,1.0,Cat_2,A
8026,Female,No,56.0,Yes,Executive,10.0,Average,3.0,Cat_7,D
8027,Male,No,42.0,Yes,Homemaker,5.0,Low,3.0,Cat_2,B
8028,Female,No,26.0,Yes,Marketing,3.0,Low,1.0,Cat_4,A
8029,Male,No,32.0,No,Executive,1.0,Low,2.0,Cat_1,A
8030,Female,Yes,78.0,Yes,Artist,11.0,Average,,Cat_7,D
8031,Female,No,43.0,No,Entertainment,2.0,Average,3.0,Cat_2,B
8032,Female,Yes,38.0,No,Doctor,6.0,Average,4.0,Cat_5,C
8033,Female,No,57.0,Yes,Marketing,9.0,Average,3.0,Cat_7,D
8034,Female,Yes,42.0,Yes,Doctor,5.0,High,4.0,Cat_3,C
8035,Female,No,50.0,No,Engineer,9.0,Average,4.0,Cat_5,B
8036,Female,Yes,44.0,Yes,Engineer,14.0,High,2.0,Cat_4,C
8037,Male,No,31.0,No,Healthcare,1.0,Low,2.0,Cat_3,A
8038,Male,Yes,76.0,No,Engineer,12.0,High,6.0,Cat_5,D
8039,Female,No,36.0,Yes,Healthcare,,High,4.0,Cat_7,C
8040,Female,Yes,54.0,Yes,Healthcare,8.0,High,4.0,Cat_3,C
8041,Female,Yes,38.0,Yes,Entertainment,,Average,2.0,Cat_4,B
8042,Male,Yes,61.0,No,Homemaker,14.0,High,7.0,Cat_2,D
8043,Female,Yes,77.0,Yes,Marketing,13.0,Average,6.0,Cat_7,D
8044,Male,Yes,37.0,Yes,Engineer,9.0,High,3.0,Cat_5,C
8045,Male,No,39.0,No,Engineer,9.0,Low,4.0,Cat_1,B
8046,Female,No,20.0,Yes,Entertainment,,Low,1.0,Cat_5,A
8047,Female,No,56.0,Yes,Entertainment,10.0,Average,4.0,Cat_6,D
8048,Male,Yes,23.0,Yes,Entertainment,1.0,Low,1.0,Cat_2,A
8049,Male,No,35.0,No,Engineer,3.0,Low,2.0,Cat_6,A
8050,Male,Yes,80.0,No,Lawyer,9.0,Low,3.0,Cat_6,D
8051,Male,No,39.0,Yes,Artist,8.0,Low,3.0,Cat_3,B
8052,Male,Yes,28.0,No,Healthcare,5.0,Average,4.0,Cat_3,B
8053,Female,Yes,50.0,No,Doctor,4.0,Low,2.0,Cat_4,B
8054,Female,,58.0,No,Executive,13.0,Low,4.0,Cat_7,D
8055,Female,Yes,48.0,Yes,Executive,14.0,High,4.0,Cat_4,C
8056,Male,,37.0,Yes,Marketing,12.0,High,4.0,Cat_7,C
8057,Male,Yes,39.0,Yes,Artist,11.0,Low,2.0,Cat_2,C
8058,Female,No,34.0,Yes,Engineer,2.0,Low,1.0,Cat_2,A
8059,Male,No,51.0,Yes,Executive,8.0,Average,5.0,Cat_1,D
8060,Male,Yes,50.0,,Doctor,5.0,High,4.0,Cat_7,C
8061,Male,No,46.0,No,Engineer,4.0,Average,3.0,Cat_1,B
8062,Female,No,42.0,Yes,Engineer,6.0,Average,3.0,Cat_4,B
8063,Female,Yes,35.0,Yes,Doctor,11.0,High,3.0,Cat_4,C
8064,Female,Yes,36.0,Yes,Engineer,8.0,High,2.0,Cat_4,C
8065,Female,,54.0,Yes,Entertainment,10.0,High,3.0,Cat_4,C
8066,Female,No,29.0,No,Entertainment,2.0,Average,1.0,Cat_1,A
8067,Male,Yes,50.0,No,Engineer,10.0,Average,5.0,Cat_5,D
8068,Female,Yes,76.0,Yes,Doctor,,Average,5.0,Cat_5,D
