Model,CV_MAE,CV_RMSE,CV_R2
LinearRegression,19521.024201285272,32477.20819887636,0.8278657388370763
Ridge,20387.856222836817,34658.822611605705,0.8030766572238612
RandomForest,17741.29011643836,29880.523577172495,0.8573381625637501
GradientBoosting,16070.80512802831,26763.986705884898,0.8846908808137869
