Model,CV_MAE,CV_RMSE,CV_R2
LinearRegression,0.5502350422781398,0.7483308101919564,0.5762820158960757
