Model,MAE,RMSE,R2
LinearRegression,0.5332001304956555,0.7455813830127765,0.5757877060324506
