Model,CV_MAE,CV_RMSE,CV_R2
LinearRegression,6.172859085203562,8.693325125389187,0.5851559288125671
Ridge,6.423867505762513,8.945463527902273,0.5617368312336729
RandomForest,4.837652998754601,7.44894036876579,0.6959832400495817
GradientBoosting,4.8473336463139844,7.430691300113156,0.6940750051865155
