CustomerID,StockCode,score,rank,Description
C15001,10015,0.9176331143905613,1,Lighting Product 016
C15001,10038,0.8384271024989477,2,Party Supplies Product 039
C15001,10021,0.670875130012689,3,Seasonal Product 022
C15001,10278,0.6193059841074309,4,Party Supplies Product 279
C15001,10031,0.6017481395736003,5,Lighting Product 032
C15001,10016,0.5992630949940492,6,Home Decor Product 017
C15001,10007,0.5770467946539323,7,Lighting Product 008
C15001,10023,0.5716375217250351,8,Lighting Product 024
C15001,10295,0.5301068247370057,9,Lighting Product 296
C15001,10013,0.526173524409366,10,Seasonal Product 014
C15002,10016,0.865798832080869,1,Home Decor Product 017
C15002,10021,0.8408624460029089,2,Seasonal Product 022
C15002,10015,0.6710115637755623,3,Lighting Product 016
C15002,10028,0.5231047605082579,4,Gifts Product 029
C15002,10027,0.5091398926291879,5,Bags & Accessories Product 028
C15002,10025,0.47801750744887556,6,Kitchenware Product 026
C15002,10038,0.46276988883709624,7,Party Supplies Product 039
C15002,10034,0.46123795360191444,8,Stationery Product 035
C15002,10026,0.43736837744222146,9,Stationery Product 027
C15002,10382,0.43533285207532363,10,Party Supplies Product 383
C15004,10028,0.9657804544894852,1,Gifts Product 029
C15004,10036,0.9171254325959207,2,Gifts Product 037
C15004,10025,0.8834516145371665,3,Kitchenware Product 026
C15004,10020,0.8552627173385781,4,Gifts Product 021
C15004,10035,0.8212699837851273,5,Bags & Accessories Product 036
C15004,10021,0.7865078974233959,6,Seasonal Product 022
C15004,10116,0.7700438484211928,7,Gifts Product 117
C15004,10033,0.7403064181336396,8,Kitchenware Product 034
C15004,10228,0.7321809651335915,9,Gifts Product 229
C15004,10212,0.7235624700974306,10,Gifts Product 213
C15006,10021,0.8910810797455362,1,Seasonal Product 022
C15006,10013,0.688977659596745,2,Seasonal Product 014
C15006,10029,0.6256031838326352,3,Seasonal Product 030
C15006,10195,0.5646459567279397,4,Bags & Accessories Product 196
C15006,10025,0.5281138306027348,5,Kitchenware Product 026
C15006,10002,0.527779770241414,6,Stationery Product 003
C15006,10034,0.49689014735631654,7,Stationery Product 035
C15006,10015,0.48239292494377006,8,Lighting Product 016
C15006,10028,0.48001538896021645,9,Gifts Product 029
C15006,10026,0.4790622672541642,10,Stationery Product 027
C15008,10016,0.9599988065561605,1,Home Decor Product 017
C15008,10025,0.902682548076449,2,Kitchenware Product 026
C15008,10009,0.8227808106023928,3,Kitchenware Product 010
C15008,10034,0.7901666721487304,4,Stationery Product 035
C15008,10021,0.7774753016538534,5,Seasonal Product 022
C15008,10209,0.7290930136289208,6,Kitchenware Product 210
C15008,10193,0.636531106460307,7,Kitchenware Product 194
C15008,10001,0.618659196018862,8,Kitchenware Product 002
C15008,10305,0.6118462806254656,9,Kitchenware Product 306
C15008,10153,0.6095782567734377,10,Kitchenware Product 154
C15011,10028,0.7806236346964234,1,Gifts Product 029
C15011,10015,0.5877618316933457,2,Lighting Product 016
C15011,10038,0.5187357850505527,3,Party Supplies Product 039
C15011,10021,0.5082924097800455,4,Seasonal Product 022
C15011,10034,0.5055321891440341,5,Stationery Product 035
C15011,10035,0.48953560437419497,6,Bags & Accessories Product 036
C15011,10027,0.48161487894914995,7,Bags & Accessories Product 028
C15011,10020,0.4714670826818811,8,Gifts Product 021
C15011,10012,0.44465117120960856,9,Gifts Product 013
C15011,10007,0.44299038782813105,10,Lighting Product 008
C15012,10021,0.832978581467324,1,Seasonal Product 022
C15012,10026,0.7675297329457402,2,Stationery Product 027
C15012,10025,0.7282433389057732,3,Kitchenware Product 026
C15012,10009,0.7080601509334321,4,Kitchenware Product 010
C15012,10015,0.6807544149937023,5,Lighting Product 016
C15012,10016,0.5198969167668055,6,Home Decor Product 017
C15012,10038,0.4555698582273757,7,Party Supplies Product 039
C15012,10028,0.44522621847727323,8,Gifts Product 029
C15012,10027,0.41423988290135844,9,Bags & Accessories Product 028
C15012,10034,0.40241829821232444,10,Stationery Product 035
C15013,10021,0.9146131492732104,1,Seasonal Product 022
C15013,10016,0.8952992682326517,2,Home Decor Product 017
C15013,10015,0.8945153938859511,3,Lighting Product 016
C15013,10038,0.8668315378367455,4,Party Supplies Product 039
C15013,10027,0.8640444661841118,5,Bags & Accessories Product 028
C15013,10035,0.8577646267552088,6,Bags & Accessories Product 036
C15013,10025,0.8417349566646652,7,Kitchenware Product 026
C15013,10034,0.8316746161548564,8,Stationery Product 035
C15013,10028,0.8124879891054868,9,Gifts Product 029
C15013,10002,0.8002295067101949,10,Stationery Product 003
C15016,10021,0.9146131492732104,1,Seasonal Product 022
C15016,10016,0.8952992682326517,2,Home Decor Product 017
C15016,10015,0.8945153938859511,3,Lighting Product 016
C15016,10038,0.8668315378367455,4,Party Supplies Product 039
C15016,10027,0.8640444661841118,5,Bags & Accessories Product 028
C15016,10035,0.8577646267552088,6,Bags & Accessories Product 036
C15016,10025,0.8417349566646652,7,Kitchenware Product 026
C15016,10034,0.8316746161548564,8,Stationery Product 035
C15016,10028,0.8124879891054868,9,Gifts Product 029
C15016,10002,0.8002295067101949,10,Stationery Product 003
C15019,10305,0.8685382918124426,1,Kitchenware Product 306
C15019,10025,0.8535525948504838,2,Kitchenware Product 026
C15019,10009,0.840764040114946,3,Kitchenware Product 010
C15019,10028,0.8261071004317494,4,Gifts Product 029
C15019,10016,0.8228157242854558,5,Home Decor Product 017
C15019,10015,0.7804622630285947,6,Lighting Product 016
C15019,10193,0.7423589276915777,7,Kitchenware Product 194
C15019,10021,0.7311818481962229,8,Seasonal Product 022
C15019,10013,0.705935897142514,9,Seasonal Product 014
C15019,10026,0.6705642263128553,10,Stationery Product 027
C15021,10021,0.7502906747602184,1,Seasonal Product 022
C15021,10020,0.6268011393749231,2,Gifts Product 021
C15021,10015,0.6183356013895976,3,Lighting Product 016
C15021,10028,0.5598241286953793,4,Gifts Product 029
C15021,10036,0.5222349768909931,5,Gifts Product 037
C15021,10013,0.482722300762187,6,Seasonal Product 014
C15021,10016,0.4758491565155243,7,Home Decor Product 017
C15021,10038,0.4577434376129316,8,Party Supplies Product 039
C15021,10027,0.4576195495509839,9,Bags & Accessories Product 028
C15021,10179,0.4437557490475131,10,Bags & Accessories Product 180
C15023,10007,0.902409588415302,1,Lighting Product 008
C15023,10015,0.8934396658313016,2,Lighting Product 016
C15023,10027,0.8644859582934653,3,Bags & Accessories Product 028
C15023,10021,0.8223437470621476,4,Seasonal Product 022
C15023,10035,0.713423716583318,5,Bags & Accessories Product 036
C15023,10023,0.535438241701935,6,Lighting Product 024
C15023,10382,0.5100275359958297,7,Party Supplies Product 383
C15023,10013,0.4984640762611279,8,Seasonal Product 014
C15023,10036,0.48856769396302846,9,Gifts Product 037
C15023,10296,0.4850524961779975,10,Home Decor Product 297
C15024,10021,0.9146131492732104,1,Seasonal Product 022
C15024,10016,0.8952992682326517,2,Home Decor Product 017
C15024,10015,0.8945153938859511,3,Lighting Product 016
C15024,10038,0.8668315378367455,4,Party Supplies Product 039
C15024,10027,0.8640444661841118,5,Bags & Accessories Product 028
C15024,10035,0.8577646267552088,6,Bags & Accessories Product 036
C15024,10025,0.8417349566646652,7,Kitchenware Product 026
C15024,10034,0.8316746161548564,8,Stationery Product 035
C15024,10028,0.8124879891054868,9,Gifts Product 029
C15024,10002,0.8002295067101949,10,Stationery Product 003
C15026,10021,0.6947177627686107,1,Seasonal Product 022
C15026,10034,0.6821636192187592,2,Stationery Product 035
C15026,10015,0.6147697655026538,3,Lighting Product 016
C15026,10028,0.5258274821752307,4,Gifts Product 029
C15026,10016,0.5111057253957773,5,Home Decor Product 017
C15026,10027,0.5029818215947292,6,Bags & Accessories Product 028
C15026,10005,0.4963548359133917,7,Seasonal Product 006
C15026,10038,0.42900355507589866,8,Party Supplies Product 039
C15026,10035,0.4258679882214507,9,Bags & Accessories Product 036
C15026,10026,0.4206731669339976,10,Stationery Product 027
C15027,10016,0.6850397694312068,1,Home Decor Product 017
C15027,10036,0.6804154738455135,2,Gifts Product 037
C15027,10021,0.6758145334588863,3,Seasonal Product 022
C15027,10015,0.6716564342812116,4,Lighting Product 016
C15027,10009,0.6086408214451287,5,Kitchenware Product 010
C15027,10209,0.6055148968733131,6,Kitchenware Product 210
C15027,10012,0.523121559029185,7,Gifts Product 013
C15027,10153,0.5028372713134825,8,Kitchenware Product 154
C15027,10354,0.4690398999982168,9,Stationery Product 355
C15027,10027,0.4676980875672075,10,Bags & Accessories Product 028
C15029,10035,0.8149409356597099,1,Bags & Accessories Product 036
C15029,10027,0.7164946628784324,2,Bags & Accessories Product 028
C15029,10021,0.7122564751141058,3,Seasonal Product 022
C15029,10016,0.6121667088952278,4,Home Decor Product 017
C15029,10195,0.5425522389775362,5,Bags & Accessories Product 196
C15029,10353,0.5255053577999459,6,Kitchenware Product 354
C15029,10015,0.4861888977446268,7,Lighting Product 016
C15029,10211,0.46639814835053245,8,Bags & Accessories Product 212
C15029,10009,0.45769735975469444,9,Kitchenware Product 010
C15029,10219,0.45017579121345186,10,Bags & Accessories Product 220
C15030,10038,0.8700425454201496,1,Party Supplies Product 039
C15030,10025,0.7549486075667566,2,Kitchenware Product 026
C15030,10305,0.7389480098774397,3,Kitchenware Product 306
C15030,10035,0.6375680843620354,4,Bags & Accessories Product 036
C15030,10033,0.5819577437227103,5,Kitchenware Product 034
C15030,10074,0.5549775857114336,6,Stationery Product 075
C15030,10047,0.5342149855147926,7,Lighting Product 048
C15030,10001,0.5211295946162395,8,Kitchenware Product 002
C15030,10015,0.49224772890590923,9,Lighting Product 016
C15030,10366,0.48594356579007014,10,Party Supplies Product 367
C15033,10021,0.7013749187549686,1,Seasonal Product 022
C15033,10153,0.6550796455480286,2,Kitchenware Product 154
C15033,10025,0.598098471449419,3,Kitchenware Product 026
C15033,10065,0.5129254929796379,4,Kitchenware Product 066
C15033,10209,0.5059811033411147,5,Kitchenware Product 210
C15033,10027,0.5000404668715198,6,Bags & Accessories Product 028
C15033,10166,0.4863338453357367,7,Party Supplies Product 167
C15033,10222,0.47161141383714283,8,Party Supplies Product 223
C15033,10001,0.4587513096543469,9,Kitchenware Product 002
C15033,10022,0.45123717469095276,10,Party Supplies Product 023
C15039,10021,0.9146131492732104,1,Seasonal Product 022
C15039,10016,0.8952992682326517,2,Home Decor Product 017
C15039,10015,0.8945153938859511,3,Lighting Product 016
C15039,10038,0.8668315378367455,4,Party Supplies Product 039
C15039,10027,0.8640444661841118,5,Bags & Accessories Product 028
C15039,10035,0.8577646267552088,6,Bags & Accessories Product 036
C15039,10025,0.8417349566646652,7,Kitchenware Product 026
C15039,10034,0.8316746161548564,8,Stationery Product 035
C15039,10028,0.8124879891054868,9,Gifts Product 029
C15039,10002,0.8002295067101949,10,Stationery Product 003
C15043,10035,0.9479383677840874,1,Bags & Accessories Product 036
C15043,10028,0.939249034980704,2,Gifts Product 029
C15043,10021,0.6733044939473528,3,Seasonal Product 022
C15043,10015,0.6543044784148749,4,Lighting Product 016
C15043,10060,0.6514045446773238,5,Gifts Product 061
C15043,10116,0.6394095298945143,6,Gifts Product 117
C15043,10036,0.6178021943816967,7,Gifts Product 037
C15043,10195,0.6128810293861637,8,Bags & Accessories Product 196
C15043,10027,0.6103277468900793,9,Bags & Accessories Product 028
C15043,10156,0.541363625760157,10,Gifts Product 157
C15048,10027,0.7544206310500217,1,Bags & Accessories Product 028
C15048,10038,0.7302067324403887,2,Party Supplies Product 039
C15048,10015,0.6553713008631261,3,Lighting Product 016
C15048,10021,0.6353388466895932,4,Seasonal Product 022
C15048,10028,0.5345518194055141,5,Gifts Product 029
C15048,10034,0.5286218409991008,6,Stationery Product 035
C15048,10022,0.5261472523052728,7,Party Supplies Product 023
C15048,10195,0.5184477153475944,8,Bags & Accessories Product 196
C15048,10025,0.5177862611807598,9,Kitchenware Product 026
C15048,10035,0.5169744617929338,10,Bags & Accessories Product 036
C15050,10034,0.8826834241890039,1,Stationery Product 035
C15050,10002,0.8412847690429944,2,Stationery Product 003
C15050,10026,0.8391409456971163,3,Stationery Product 027
C15050,10013,0.8390337121730019,4,Seasonal Product 014
C15050,10005,0.8226035024888334,5,Seasonal Product 006
C15050,10029,0.8192800824764359,6,Seasonal Product 030
C15050,10202,0.808552067302653,7,Stationery Product 203
C15050,10021,0.7514416920736557,8,Seasonal Product 022
C15050,10028,0.7470681707127323,9,Gifts Product 029
C15050,10354,0.7140522357884848,10,Stationery Product 355
C15052,10038,0.8995689648402951,1,Party Supplies Product 039
C15052,10015,0.8007282237816629,2,Lighting Product 016
C15052,10021,0.7486283785732537,3,Seasonal Product 022
C15052,10382,0.6084080318553142,4,Party Supplies Product 383
C15052,10013,0.5930678028091003,5,Seasonal Product 014
C15052,10028,0.5679602329956542,6,Gifts Product 029
C15052,10029,0.5310285292081266,7,Seasonal Product 030
C15052,10025,0.45240280163952445,8,Kitchenware Product 026
C15052,10022,0.4498773615101478,9,Party Supplies Product 023
C15052,10035,0.4446888667401252,10,Bags & Accessories Product 036
C15054,10036,0.6551350909266073,1,Gifts Product 037
C15054,10025,0.6464502615482214,2,Kitchenware Product 026
C15054,10029,0.6397908560509684,3,Seasonal Product 030
C15054,10038,0.6391406178443233,4,Party Supplies Product 039
C15054,10035,0.6388914256573828,5,Bags & Accessories Product 036
C15054,10013,0.6242833041123438,6,Seasonal Product 014
C15054,10026,0.61590455418367,7,Stationery Product 027
C15054,10005,0.6124817010667133,8,Seasonal Product 006
C15054,10027,0.6071634805732858,9,Bags & Accessories Product 028
C15054,10023,0.5909954907105531,10,Lighting Product 024
C15059,10015,0.7300774942925716,1,Lighting Product 016
C15059,10021,0.6200234044704325,2,Seasonal Product 022
C15059,10028,0.6118159559709188,3,Gifts Product 029
C15059,10013,0.5629762658295655,4,Seasonal Product 014
C15059,10016,0.506084538140086,5,Home Decor Product 017
C15059,10359,0.500203047753206,6,Lighting Product 360
C15059,10007,0.4798730918729716,7,Lighting Product 008
C15059,10034,0.4778503313756134,8,Stationery Product 035
C15059,10029,0.45776928588936416,9,Seasonal Product 030
C15059,10038,0.451878572631804,10,Party Supplies Product 039
C15060,10021,0.9146131492732104,1,Seasonal Product 022
C15060,10016,0.8952992682326517,2,Home Decor Product 017
C15060,10015,0.8945153938859511,3,Lighting Product 016
C15060,10038,0.8668315378367455,4,Party Supplies Product 039
C15060,10027,0.8640444661841118,5,Bags & Accessories Product 028
C15060,10035,0.8577646267552088,6,Bags & Accessories Product 036
C15060,10025,0.8417349566646652,7,Kitchenware Product 026
C15060,10034,0.8316746161548564,8,Stationery Product 035
C15060,10028,0.8124879891054868,9,Gifts Product 029
C15060,10002,0.8002295067101949,10,Stationery Product 003
C15062,10021,0.8668023978246598,1,Seasonal Product 022
C15062,10025,0.8366760162483395,2,Kitchenware Product 026
C15062,10015,0.7261413950018286,3,Lighting Product 016
C15062,10016,0.6040665145150428,4,Home Decor Product 017
C15062,10012,0.5801751616035524,5,Gifts Product 013
C15062,10027,0.5572128803816053,6,Bags & Accessories Product 028
C15062,10028,0.5447741809604265,7,Gifts Product 029
C15062,10034,0.49949294316101117,8,Stationery Product 035
C15062,10038,0.45940210441353135,9,Party Supplies Product 039
C15062,10035,0.4348273347294023,10,Bags & Accessories Product 036
C15063,10027,0.848070866276176,1,Bags & Accessories Product 028
C15063,10035,0.838468533238429,2,Bags & Accessories Product 036
C15063,10025,0.8195705033078274,3,Kitchenware Product 026
C15063,10021,0.6546587467715906,4,Seasonal Product 022
C15063,10038,0.6103174736585673,5,Party Supplies Product 039
C15063,10013,0.5724809526527748,6,Seasonal Product 014
C15063,10015,0.5593988769704303,7,Lighting Product 016
C15063,10209,0.5435537329667558,8,Kitchenware Product 210
C15063,10217,0.5339928779033949,9,Kitchenware Product 218
C15063,10337,0.500029765626281,10,Kitchenware Product 338
C15065,10021,0.8573120822823266,1,Seasonal Product 022
C15065,10015,0.7970419398694996,2,Lighting Product 016
C15065,10028,0.7312610987935819,3,Gifts Product 029
C15065,10027,0.635324467328198,4,Bags & Accessories Product 028
C15065,10013,0.6284603552972835,5,Seasonal Product 014
C15065,10005,0.594504086427028,6,Seasonal Product 006
C15065,10029,0.5734872468288628,7,Seasonal Product 030
C15065,10038,0.563465167835078,8,Party Supplies Product 039
C15065,10007,0.5592012895031079,9,Lighting Product 008
C15065,10016,0.5544775481594383,10,Home Decor Product 017
C15067,10027,0.8710126773639915,1,Bags & Accessories Product 028
C15067,10026,0.8661844751011701,2,Stationery Product 027
C15067,10021,0.8011693129447381,3,Seasonal Product 022
C15067,10038,0.7857981122373179,4,Party Supplies Product 039
C15067,10015,0.7115518775519214,5,Lighting Product 016
C15067,10219,0.6138223207229392,6,Bags & Accessories Product 220
C15067,10013,0.5780356301108853,7,Seasonal Product 014
C15067,10029,0.5730566933563659,8,Seasonal Product 030
C15067,10005,0.5532748521302964,9,Seasonal Product 006
C15067,10035,0.5477154226795894,10,Bags & Accessories Product 036
C15071,10015,0.9056763479383003,1,Lighting Product 016
C15071,10035,0.8831564680827391,2,Bags & Accessories Product 036
C15071,10027,0.8601757022261929,3,Bags & Accessories Product 028
C15071,10021,0.7275694118411559,4,Seasonal Product 022
C15071,10179,0.5672946339398381,5,Bags & Accessories Product 180
C15071,10195,0.5539849785651757,6,Bags & Accessories Product 196
C15071,10011,0.5008791888365852,7,Bags & Accessories Product 012
C15071,10219,0.4736977139934394,8,Bags & Accessories Product 220
C15071,10009,0.4567575867727198,9,Kitchenware Product 010
C15071,10359,0.42487548633364824,10,Lighting Product 360
C15072,10027,0.894498482782203,1,Bags & Accessories Product 028
C15072,10015,0.8308720514965762,2,Lighting Product 016
C15072,10035,0.6779150845411436,3,Bags & Accessories Product 036
C15072,10021,0.6735459752157721,4,Seasonal Product 022
C15072,10016,0.5596287458684289,5,Home Decor Product 017
C15072,10034,0.5441471451050832,6,Stationery Product 035
C15072,10005,0.5337595492945812,7,Seasonal Product 006
C15072,10023,0.48746953301132956,8,Lighting Product 024
C15072,10028,0.4759644128449482,9,Gifts Product 029
C15072,10025,0.46310701016316796,10,Kitchenware Product 026
C15075,10016,0.849872645857263,1,Home Decor Product 017
C15075,10013,0.5789773552289482,2,Seasonal Product 014
C15075,10015,0.5237385930679336,3,Lighting Product 016
C15075,10007,0.523265879507232,4,Lighting Product 008
C15075,10028,0.5177754154156395,5,Gifts Product 029
C15075,10021,0.49894999289744163,6,Seasonal Product 022
C15075,10020,0.4854243968825681,7,Gifts Product 021
C15075,10029,0.4352852253971194,8,Seasonal Product 030
C15075,10005,0.4293301463915244,9,Seasonal Product 006
C15075,10035,0.4228549320602673,10,Bags & Accessories Product 036
C15077,10021,0.9756337670444161,1,Seasonal Product 022
C15077,10025,0.8152895756229843,2,Kitchenware Product 026
C15077,10029,0.8126060132751992,3,Seasonal Product 030
C15077,10305,0.8063043613027093,4,Kitchenware Product 306
C15077,10009,0.758842888179456,5,Kitchenware Product 010
C15077,10013,0.697463745225008,6,Seasonal Product 014
C15077,10005,0.6856156034504979,7,Seasonal Product 006
C15077,10038,0.6314453464317425,8,Party Supplies Product 039
C15077,10101,0.6122791499464514,9,Seasonal Product 102
C15077,10301,0.6121161724900953,10,Seasonal Product 302
C15080,10021,0.8407072610792302,1,Seasonal Product 022
C15080,10015,0.7578932039112373,2,Lighting Product 016
C15080,10029,0.7550316331744982,3,Seasonal Product 030
C15080,10005,0.7128645921387251,4,Seasonal Product 006
C15080,10013,0.6901392356646558,5,Seasonal Product 014
C15080,10026,0.6780819912883386,6,Stationery Product 027
C15080,10027,0.6499303429599774,7,Bags & Accessories Product 028
C15080,10028,0.647315433516398,8,Gifts Product 029
C15080,10035,0.5715804428935859,9,Bags & Accessories Product 036
C15080,10020,0.5180912612839321,10,Gifts Product 021
C15081,10027,0.9382548397017998,1,Bags & Accessories Product 028
C15081,10007,0.9236676354720781,2,Lighting Product 008
C15081,10015,0.8839667226517073,3,Lighting Product 016
C15081,10021,0.817461394014004,4,Seasonal Product 022
C15081,10034,0.7902548048061605,5,Stationery Product 035
C15081,10016,0.775646928236981,6,Home Decor Product 017
C15081,10195,0.7753275046551704,7,Bags & Accessories Product 196
C15081,10035,0.7705644347368126,8,Bags & Accessories Product 036
C15081,10179,0.7280033717421356,9,Bags & Accessories Product 180
C15081,10013,0.6923159199952074,10,Seasonal Product 014
C15086,10025,0.8548418205750313,1,Kitchenware Product 026
C15086,10027,0.789788820877697,2,Bags & Accessories Product 028
C15086,10026,0.7068291978785073,3,Stationery Product 027
C15086,10305,0.6927133818709389,4,Kitchenware Product 306
C15086,10020,0.6025787330347647,5,Gifts Product 021
C15086,10153,0.5518397791767055,6,Kitchenware Product 154
C15086,10244,0.506924924986223,7,Gifts Product 245
C15086,10217,0.49474332526632697,8,Kitchenware Product 218
C15086,10015,0.48799468131341445,9,Lighting Product 016
C15086,10021,0.4505117798357074,10,Seasonal Product 022
C15087,10027,0.8728000185510293,1,Bags & Accessories Product 028
C15087,10035,0.8425227760318301,2,Bags & Accessories Product 036
C15087,10034,0.8250071646925883,3,Stationery Product 035
C15087,10026,0.8093610625529154,4,Stationery Product 027
C15087,10015,0.7608057509287129,5,Lighting Product 016
C15087,10021,0.7083803766167704,6,Seasonal Product 022
C15087,10003,0.6105297655657769,7,Bags & Accessories Product 004
C15087,10002,0.5934832020563575,8,Stationery Product 003
C15087,10007,0.566941387868428,9,Lighting Product 008
C15087,10023,0.534020310096867,10,Lighting Product 024
C15088,10015,0.9490129726961439,1,Lighting Product 016
C15088,10028,0.9126344844845619,2,Gifts Product 029
C15088,10021,0.7964797969549412,3,Seasonal Product 022
C15088,10007,0.7883209332053376,4,Lighting Product 008
C15088,10020,0.70389389530462,5,Gifts Product 021
C15088,10034,0.6041738787614698,6,Stationery Product 035
C15088,10036,0.5790776462669188,7,Gifts Product 037
C15088,10013,0.5558910263708536,8,Seasonal Product 014
C15088,10005,0.5451038038346376,9,Seasonal Product 006
C15088,10029,0.5325139675817075,10,Seasonal Product 030
C15090,10021,0.9146131492732104,1,Seasonal Product 022
C15090,10016,0.8952992682326517,2,Home Decor Product 017
C15090,10015,0.8945153938859511,3,Lighting Product 016
C15090,10038,0.8668315378367455,4,Party Supplies Product 039
C15090,10027,0.8640444661841118,5,Bags & Accessories Product 028
C15090,10035,0.8577646267552088,6,Bags & Accessories Product 036
C15090,10025,0.8417349566646652,7,Kitchenware Product 026
C15090,10034,0.8316746161548564,8,Stationery Product 035
C15090,10028,0.8124879891054868,9,Gifts Product 029
C15090,10002,0.8002295067101949,10,Stationery Product 003
C15095,10028,0.9658295977734404,1,Gifts Product 029
C15095,10020,0.955932252150962,2,Gifts Product 021
C15095,10012,0.8813182313568014,3,Gifts Product 013
C15095,10015,0.8619479359999055,4,Lighting Product 016
C15095,10027,0.8364354323593216,5,Bags & Accessories Product 028
C15095,10021,0.8101677425884476,6,Seasonal Product 022
C15095,10034,0.8099196736060016,7,Stationery Product 035
C15095,10036,0.7963342538739487,8,Gifts Product 037
C15095,10212,0.7928483458512332,9,Gifts Product 213
C15095,10116,0.7749148604648824,10,Gifts Product 117
C15096,10027,0.9140805448597198,1,Bags & Accessories Product 028
C15096,10021,0.821420090512962,2,Seasonal Product 022
C15096,10035,0.8195576632229858,3,Bags & Accessories Product 036
C15096,10015,0.6639203806703852,4,Lighting Product 016
C15096,10029,0.612894189726718,5,Seasonal Product 030
C15096,10212,0.5208447723201778,6,Gifts Product 213
C15096,10179,0.5038398971550734,7,Bags & Accessories Product 180
C15096,10028,0.5010306819634331,8,Gifts Product 029
C15096,10023,0.4920762258242295,9,Lighting Product 024
C15096,10013,0.48348524724816455,10,Seasonal Product 014
C15098,10021,0.9146131492732104,1,Seasonal Product 022
C15098,10016,0.8952992682326517,2,Home Decor Product 017
C15098,10015,0.8945153938859511,3,Lighting Product 016
C15098,10038,0.8668315378367455,4,Party Supplies Product 039
C15098,10027,0.8640444661841118,5,Bags & Accessories Product 028
C15098,10035,0.8577646267552088,6,Bags & Accessories Product 036
C15098,10025,0.8417349566646652,7,Kitchenware Product 026
C15098,10034,0.8316746161548564,8,Stationery Product 035
C15098,10028,0.8124879891054868,9,Gifts Product 029
C15098,10002,0.8002295067101949,10,Stationery Product 003
C15099,10028,0.879913207881509,1,Gifts Product 029
C15099,10026,0.7830216823071332,2,Stationery Product 027
C15099,10020,0.7104461621371584,3,Gifts Product 021
C15099,10015,0.6822395192427106,4,Lighting Product 016
C15099,10021,0.6820711686317783,5,Seasonal Product 022
C15099,10036,0.6213915160349196,6,Gifts Product 037
C15099,10007,0.5868572528041927,7,Lighting Product 008
C15099,10013,0.5796267205317682,8,Seasonal Product 014
C15099,10116,0.5511751190496416,9,Gifts Product 117
C15099,10038,0.5372079248949365,10,Party Supplies Product 039
C15102,10021,0.6789481063151823,1,Seasonal Product 022
C15102,10023,0.5989172243976536,2,Lighting Product 024
C15102,10028,0.5957763962963305,3,Gifts Product 029
C15102,10005,0.5774558528032713,4,Seasonal Product 006
C15102,10034,0.5712286870476243,5,Stationery Product 035
C15102,10029,0.5398384812405029,6,Seasonal Product 030
C15102,10382,0.5330120561750007,7,Party Supplies Product 383
C15102,10007,0.5244876501709795,8,Lighting Product 008
C15102,10026,0.5194283699794969,9,Stationery Product 027
C15102,10036,0.5150606003206366,10,Gifts Product 037
C15104,10034,0.8962553664178786,1,Stationery Product 035
C15104,10027,0.8162621482512293,2,Bags & Accessories Product 028
C15104,10035,0.7898003177755227,3,Bags & Accessories Product 036
C15104,10026,0.7774146219271746,4,Stationery Product 027
C15104,10028,0.705328292580245,5,Gifts Product 029
C15104,10036,0.6463383169584688,6,Gifts Product 037
C15104,10258,0.6340661560051134,7,Stationery Product 259
C15104,10090,0.5755784453200319,8,Stationery Product 091
C15104,10009,0.56576887175046,9,Kitchenware Product 010
C15104,10021,0.5652001308065814,10,Seasonal Product 022
C15105,10015,0.969165091962707,1,Lighting Product 016
C15105,10027,0.9642256447430757,2,Bags & Accessories Product 028
C15105,10035,0.8108153774083401,3,Bags & Accessories Product 036
C15105,10016,0.7940394085771153,4,Home Decor Product 017
C15105,10021,0.7565683032121708,5,Seasonal Product 022
C15105,10007,0.6380061114094743,6,Lighting Product 008
C15105,10028,0.6027667920114275,7,Gifts Product 029
C15105,10013,0.5743708502153133,8,Seasonal Product 014
C15105,10036,0.4950496864502297,9,Gifts Product 037
C15105,10034,0.4882716348349021,10,Stationery Product 035
C15109,10028,0.8807541278778855,1,Gifts Product 029
C15109,10035,0.8276190743792872,2,Bags & Accessories Product 036
C15109,10021,0.7973257213091096,3,Seasonal Product 022
C15109,10015,0.7486853752101925,4,Lighting Product 016
C15109,10023,0.7269396149114694,5,Lighting Product 024
C15109,10036,0.6662329291646419,6,Gifts Product 037
C15109,10359,0.548660166431826,7,Lighting Product 360
C15109,10013,0.5349698629247791,8,Seasonal Product 014
C15109,10029,0.48605119162733246,9,Seasonal Product 030
C15109,10005,0.48309161863214495,10,Seasonal Product 006
C15113,10021,0.9146131492732104,1,Seasonal Product 022
C15113,10016,0.8952992682326517,2,Home Decor Product 017
C15113,10015,0.8945153938859511,3,Lighting Product 016
C15113,10038,0.8668315378367455,4,Party Supplies Product 039
C15113,10027,0.8640444661841118,5,Bags & Accessories Product 028
C15113,10035,0.8577646267552088,6,Bags & Accessories Product 036
C15113,10025,0.8417349566646652,7,Kitchenware Product 026
C15113,10034,0.8316746161548564,8,Stationery Product 035
C15113,10028,0.8124879891054868,9,Gifts Product 029
C15113,10002,0.8002295067101949,10,Stationery Product 003
C15114,10026,0.8646985645865474,1,Stationery Product 027
C15114,10038,0.5895928328218342,2,Party Supplies Product 039
C15114,10029,0.5654147634319225,3,Seasonal Product 030
C15114,10015,0.5624006156995902,4,Lighting Product 016
C15114,10021,0.542065062517684,5,Seasonal Product 022
C15114,10005,0.5150287039827355,6,Seasonal Product 006
C15114,10025,0.5102039447279649,7,Kitchenware Product 026
C15114,10028,0.5097015119005861,8,Gifts Product 029
C15114,10034,0.5068893080044677,9,Stationery Product 035
C15114,10013,0.4909442505722047,10,Seasonal Product 014
C15115,10015,0.8498132750414985,1,Lighting Product 016
C15115,10028,0.8053527323732786,2,Gifts Product 029
C15115,10027,0.7457531421346969,3,Bags & Accessories Product 028
C15115,10038,0.6952801769090065,4,Party Supplies Product 039
C15115,10035,0.6808902890923858,5,Bags & Accessories Product 036
C15115,10016,0.6783236907187038,6,Home Decor Product 017
C15115,10026,0.6459021149766199,7,Stationery Product 027
C15115,10007,0.6207338832822212,8,Lighting Product 008
C15115,10021,0.6183948964231983,9,Seasonal Product 022
C15115,10005,0.6107078320941447,10,Seasonal Product 006
C15116,10016,0.9079410409957692,1,Home Decor Product 017
C15116,10034,0.8485675673318382,2,Stationery Product 035
C15116,10002,0.7467438984083221,3,Stationery Product 003
C15116,10026,0.7184572660241376,4,Stationery Product 027
C15116,10202,0.6126427744590729,5,Stationery Product 203
C15116,10378,0.6005236847340898,6,Stationery Product 379
C15116,10005,0.5906649948538771,7,Seasonal Product 006
C15116,10258,0.5468158064695483,8,Stationery Product 259
C15116,10015,0.5167069927107715,9,Lighting Product 016
C15116,10122,0.5009063624479297,10,Stationery Product 123
C15118,10021,0.9795835152704401,1,Seasonal Product 022
C15118,10035,0.7508348236761341,2,Bags & Accessories Product 036
C15118,10022,0.7219024717648428,3,Party Supplies Product 023
C15118,10038,0.6930279935401125,4,Party Supplies Product 039
C15118,10013,0.6844269509736687,5,Seasonal Product 014
C15118,10036,0.6528689886636018,6,Gifts Product 037
C15118,10023,0.548666016204393,7,Lighting Product 024
C15118,10278,0.5334299055204635,8,Party Supplies Product 279
C15118,10005,0.5331679884295739,9,Seasonal Product 006
C15118,10015,0.5245710583451361,10,Lighting Product 016
C15119,10028,0.82091368746374,1,Gifts Product 029
C15119,10036,0.7276779743020833,2,Gifts Product 037
C15119,10025,0.6541272173224267,3,Kitchenware Product 026
C15119,10020,0.6431381762258029,4,Gifts Product 021
C15119,10015,0.5996178651983376,5,Lighting Product 016
C15119,10382,0.5985881804320684,6,Party Supplies Product 383
C15119,10038,0.5843439379251888,7,Party Supplies Product 039
C15119,10021,0.5067300719733976,8,Seasonal Product 022
C15119,10354,0.4961132126656552,9,Stationery Product 355
C15119,10022,0.4886319863084042,10,Party Supplies Product 023
C15121,10028,0.9356438741177826,1,Gifts Product 029
C15121,10038,0.8639297588210759,2,Party Supplies Product 039
C15121,10035,0.761385704241463,3,Bags & Accessories Product 036
C15121,10020,0.673724624741855,4,Gifts Product 021
C15121,10036,0.6647029330352319,5,Gifts Product 037
C15121,10021,0.6466302662446136,6,Seasonal Product 022
C15121,10015,0.5763761897019409,7,Lighting Product 016
C15121,10212,0.5365839464969001,8,Gifts Product 213
C15121,10027,0.50682247988056,9,Bags & Accessories Product 028
C15121,10228,0.5044469526708744,10,Gifts Product 229
C15123,10025,0.7718537569783498,1,Kitchenware Product 026
C15123,10028,0.7254721461698922,2,Gifts Product 029
C15123,10035,0.6162638073145602,3,Bags & Accessories Product 036
C15123,10026,0.5043260707838705,4,Stationery Product 027
C15123,10034,0.49456629651439016,5,Stationery Product 035
C15123,10016,0.43988662686441254,6,Home Decor Product 017
C15123,10036,0.41135651220613006,7,Gifts Product 037
C15123,10060,0.3963793055125553,8,Gifts Product 061
C15123,10023,0.3928714591821609,9,Lighting Product 024
C15123,10005,0.39059918051590226,10,Seasonal Product 006
C15124,10016,0.8763560148095642,1,Home Decor Product 017
C15124,10021,0.8008770106565717,2,Seasonal Product 022
C15124,10026,0.7692757772714843,3,Stationery Product 027
C15124,10034,0.7019597207856273,4,Stationery Product 035
C15124,10029,0.7009474849515336,5,Seasonal Product 030
C15124,10153,0.6572211967239251,6,Kitchenware Product 154
C15124,10360,0.6214437472242161,7,Home Decor Product 361
C15124,10025,0.5880874982467889,8,Kitchenware Product 026
C15124,10164,0.5638528045200687,9,Gifts Product 165
C15124,10192,0.5558162449179087,10,Home Decor Product 193
C15129,10015,0.7627132597864337,1,Lighting Product 016
C15129,10021,0.7546691972024288,2,Seasonal Product 022
C15129,10026,0.7507420838591988,3,Stationery Product 027
C15129,10016,0.6175540927115373,4,Home Decor Product 017
C15129,10028,0.614386736733827,5,Gifts Product 029
C15129,10038,0.5621167459083043,6,Party Supplies Product 039
C15129,10029,0.5606022830316205,7,Seasonal Product 030
C15129,10005,0.5513848574834485,8,Seasonal Product 006
C15129,10013,0.5463832004668653,9,Seasonal Product 014
C15129,10007,0.5441241814368842,10,Lighting Product 008
C15130,10026,0.8584324708547119,1,Stationery Product 027
C15130,10009,0.8171814699495099,2,Kitchenware Product 010
C15130,10025,0.7479798954710543,3,Kitchenware Product 026
C15130,10021,0.6932960442263159,4,Seasonal Product 022
C15130,10015,0.6569218311298682,5,Lighting Product 016
C15130,10305,0.60205032174582,6,Kitchenware Product 306
C15130,10013,0.5814270659321819,7,Seasonal Product 014
C15130,10027,0.5607957734849521,8,Bags & Accessories Product 028
C15130,10193,0.5494324653680502,9,Kitchenware Product 194
C15130,10028,0.5315570389591497,10,Gifts Product 029
C15132,10013,0.9318374422333645,1,Seasonal Product 014
C15132,10021,0.8727323590155667,2,Seasonal Product 022
C15132,10005,0.6341799027860695,3,Seasonal Product 006
C15132,10015,0.6238828631361379,4,Lighting Product 016
C15132,10028,0.5090348006901305,5,Gifts Product 029
C15132,10029,0.4926351021848554,6,Seasonal Product 030
C15132,10002,0.4514331512526631,7,Stationery Product 003
C15132,10034,0.4401760544944093,8,Stationery Product 035
C15132,10027,0.4372243960549782,9,Bags & Accessories Product 028
C15132,10033,0.432315780112624,10,Kitchenware Product 034
C15135,10021,0.923650244709699,1,Seasonal Product 022
C15135,10015,0.845887209414943,2,Lighting Product 016
C15135,10028,0.8362157452462733,3,Gifts Product 029
C15135,10027,0.7768569072975491,4,Bags & Accessories Product 028
C15135,10013,0.7207022844190366,5,Seasonal Product 014
C15135,10016,0.6962335142053794,6,Home Decor Product 017
C15135,10035,0.6904192348448835,7,Bags & Accessories Product 036
C15135,10038,0.662943765889794,8,Party Supplies Product 039
C15135,10026,0.6537642302030187,9,Stationery Product 027
C15135,10007,0.6209376816365199,10,Lighting Product 008
C15136,10027,0.778584627169757,1,Bags & Accessories Product 028
C15136,10021,0.7169146214126069,2,Seasonal Product 022
C15136,10035,0.7141332433182754,3,Bags & Accessories Product 036
C15136,10034,0.6713862581129382,4,Stationery Product 035
C15136,10028,0.5566556833405556,5,Gifts Product 029
C15136,10002,0.533559957245336,6,Stationery Product 003
C15136,10354,0.45166852403473995,7,Stationery Product 355
C15136,10026,0.4481308112159966,8,Stationery Product 027
C15136,10032,0.4474851448130743,9,Home Decor Product 033
C15136,10015,0.44235826698987457,10,Lighting Product 016
C15140,10027,0.8929016210079908,1,Bags & Accessories Product 028
C15140,10035,0.8052934254463265,2,Bags & Accessories Product 036
C15140,10021,0.6343825004931365,3,Seasonal Product 022
C15140,10028,0.5964615802487621,4,Gifts Product 029
C15140,10012,0.5605622732599824,5,Gifts Product 013
C15140,10036,0.49464708977639865,6,Gifts Product 037
C15140,10016,0.48550557924823606,7,Home Decor Product 017
C15140,10015,0.4780459855354019,8,Lighting Product 016
C15140,10116,0.47418247300814365,9,Gifts Product 117
C15140,10020,0.47139300712972,10,Gifts Product 021
C15141,10027,0.9216415706996772,1,Bags & Accessories Product 028
C15141,10035,0.9061988027821307,2,Bags & Accessories Product 036
C15141,10038,0.8852992459005018,3,Party Supplies Product 039
C15141,10021,0.7740851599163704,4,Seasonal Product 022
C15141,10195,0.5819879762817832,5,Bags & Accessories Product 196
C15141,10015,0.5752117493439856,6,Lighting Product 016
C15141,10033,0.5466871017150384,7,Kitchenware Product 034
C15141,10007,0.5270034664003331,8,Lighting Product 008
C15141,10013,0.4887208380820148,9,Seasonal Product 014
C15141,10028,0.4783008711185936,10,Gifts Product 029
C15144,10021,0.844167491712839,1,Seasonal Product 022
C15144,10015,0.634401890203672,2,Lighting Product 016
C15144,10028,0.5654568164480119,3,Gifts Product 029
C15144,10029,0.5505919739819567,4,Seasonal Product 030
C15144,10036,0.5482141299210259,5,Gifts Product 037
C15144,10025,0.5308887635628793,6,Kitchenware Product 026
C15144,10005,0.526061817049435,7,Seasonal Product 006
C15144,10002,0.5220547730986904,8,Stationery Product 003
C15144,10023,0.4948880276325403,9,Lighting Product 024
C15144,10013,0.4844717485084052,10,Seasonal Product 014
C15146,10021,0.965508472510352,1,Seasonal Product 022
C15146,10027,0.8573554952700205,2,Bags & Accessories Product 028
C15146,10035,0.7215424213355436,3,Bags & Accessories Product 036
C15146,10015,0.7087755570112259,4,Lighting Product 016
C15146,10013,0.7078867232038522,5,Seasonal Product 014
C15146,10003,0.5592174476573439,6,Bags & Accessories Product 004
C15146,10028,0.4893533833473535,7,Gifts Product 029
C15146,10005,0.48515251851184965,8,Seasonal Product 006
C15146,10029,0.4565677325145554,9,Seasonal Product 030
C15146,10056,0.4367453479984493,10,Home Decor Product 057
C15148,10021,0.9827749980443072,1,Seasonal Product 022
C15148,10013,0.7716948689393505,2,Seasonal Product 014
C15148,10038,0.755845392390252,3,Party Supplies Product 039
C15148,10009,0.7079493454117217,4,Kitchenware Product 010
C15148,10015,0.7003790583851821,5,Lighting Product 016
C15148,10025,0.675401222397193,6,Kitchenware Product 026
C15148,10029,0.6542620908990444,7,Seasonal Product 030
C15148,10005,0.6477277407018989,8,Seasonal Product 006
C15148,10101,0.5355455890185682,9,Seasonal Product 102
C15148,10193,0.5021707244054979,10,Kitchenware Product 194
C15150,10026,0.8739955837262497,1,Stationery Product 027
C15150,10038,0.8424086876500986,2,Party Supplies Product 039
C15150,10002,0.8383641532559675,3,Stationery Product 003
C15150,10354,0.8312307870380403,4,Stationery Product 355
C15150,10202,0.7550520736911394,5,Stationery Product 203
C15150,10021,0.7475540851070719,6,Seasonal Product 022
C15150,10034,0.698105385718817,7,Stationery Product 035
C15150,10027,0.6573306055669955,8,Bags & Accessories Product 028
C15150,10023,0.6570287575530263,9,Lighting Product 024
C15150,10013,0.633649529198814,10,Seasonal Product 014
C15151,10021,0.9265447452699727,1,Seasonal Product 022
C15151,10038,0.9261250938788864,2,Party Supplies Product 039
C15151,10005,0.6971639426511319,3,Seasonal Product 006
C15151,10013,0.6800415372602009,4,Seasonal Product 014
C15151,10026,0.6488265514620845,5,Stationery Product 027
C15151,10028,0.5953334840694434,6,Gifts Product 029
C15151,10195,0.5636500138191755,7,Bags & Accessories Product 196
C15151,10029,0.5624408629327746,8,Seasonal Product 030
C15151,10027,0.3943473602977656,9,Bags & Accessories Product 028
C15151,10007,0.3930138299534015,10,Lighting Product 008
C15152,10021,0.7078211484572814,1,Seasonal Product 022
C15152,10015,0.5798242158258753,2,Lighting Product 016
C15152,10036,0.5058857883146415,3,Gifts Product 037
C15152,10027,0.4656436178670306,4,Bags & Accessories Product 028
C15152,10028,0.4486998100072262,5,Gifts Product 029
C15152,10035,0.41949999934855325,6,Bags & Accessories Product 036
C15152,10016,0.40276114101210597,7,Home Decor Product 017
C15152,10012,0.3809841578260197,8,Gifts Product 013
C15152,10034,0.3805677348303758,9,Stationery Product 035
C15152,10038,0.37089043007427475,10,Party Supplies Product 039
C15153,10016,0.9737285740489494,1,Home Decor Product 017
C15153,10015,0.7062973024611647,2,Lighting Product 016
C15153,10013,0.6899726389088947,3,Seasonal Product 014
C15153,10021,0.6793855760296936,4,Seasonal Product 022
C15153,10305,0.6598588383242271,5,Kitchenware Product 306
C15153,10028,0.6540618439022492,6,Gifts Product 029
C15153,10025,0.6442587699700479,7,Kitchenware Product 026
C15153,10020,0.5561827350972117,8,Gifts Product 021
C15153,10002,0.5453505832883113,9,Stationery Product 003
C15153,10035,0.5233080435211256,10,Bags & Accessories Product 036
C15156,10015,0.7225507674781992,1,Lighting Product 016
C15156,10025,0.6998224048104428,2,Kitchenware Product 026
C15156,10034,0.5568709702661152,3,Stationery Product 035
C15156,10026,0.5508658907923016,4,Stationery Product 027
C15156,10021,0.5478356985339875,5,Seasonal Product 022
C15156,10016,0.4814844837083665,6,Home Decor Product 017
C15156,10036,0.46512842734682835,7,Gifts Product 037
C15156,10009,0.4606309502907679,8,Kitchenware Product 010
C15156,10035,0.44537963967432187,9,Bags & Accessories Product 036
C15156,10005,0.44528189191634954,10,Seasonal Product 006
C15163,10027,0.8833699560121779,1,Bags & Accessories Product 028
C15163,10021,0.6606343899596611,2,Seasonal Product 022
C15163,10013,0.6471542583947204,3,Seasonal Product 014
C15163,10007,0.6435228402400587,4,Lighting Product 008
C15163,10028,0.6384773930253429,5,Gifts Product 029
C15163,10015,0.5960762618735753,6,Lighting Product 016
C15163,10023,0.5774468795689998,7,Lighting Product 024
C15163,10005,0.5750367901343387,8,Seasonal Product 006
C15163,10035,0.5635422822841091,9,Bags & Accessories Product 036
C15163,10034,0.47885904129499796,10,Stationery Product 035
C15165,10038,0.7278323542804718,1,Party Supplies Product 039
C15165,10021,0.5298635305942383,2,Seasonal Product 022
C15165,10005,0.5207429863582002,3,Seasonal Product 006
C15165,10015,0.4935282873520326,4,Lighting Product 016
C15165,10029,0.4495259782203968,5,Seasonal Product 030
C15165,10023,0.4383813916501157,6,Lighting Product 024
C15165,10020,0.43603109430329284,7,Gifts Product 021
C15165,10028,0.42956310064406844,8,Gifts Product 029
C15165,10007,0.4201396933360159,9,Lighting Product 008
C15165,10013,0.40476723667931275,10,Seasonal Product 014
C15166,10028,0.8980801072939615,1,Gifts Product 029
C15166,10020,0.8714850797810698,2,Gifts Product 021
C15166,10016,0.8668513518990775,3,Home Decor Product 017
C15166,10036,0.8142729488322306,4,Gifts Product 037
C15166,10012,0.7752314614875664,5,Gifts Product 013
C15166,10021,0.7091297285592175,6,Seasonal Product 022
C15166,10027,0.7042511081924177,7,Bags & Accessories Product 028
C15166,10212,0.6942072662757374,8,Gifts Product 213
C15166,10015,0.6624850143829877,9,Lighting Product 016
C15166,10034,0.6501522876311344,10,Stationery Product 035
C15172,10021,0.6533477494374648,1,Seasonal Product 022
C15172,10015,0.5808479053856603,2,Lighting Product 016
C15172,10202,0.5652781724055163,3,Stationery Product 203
C15172,10038,0.552304866783803,4,Party Supplies Product 039
C15172,10028,0.5352572210847061,5,Gifts Product 029
C15172,10007,0.5185975687964598,6,Lighting Product 008
C15172,10016,0.49922674248129834,7,Home Decor Product 017
C15172,10025,0.49409071699083623,8,Kitchenware Product 026
C15172,10034,0.4815394431591418,9,Stationery Product 035
C15172,10026,0.47331687054540716,10,Stationery Product 027
C15173,10036,0.5915869182099736,1,Gifts Product 037
C15173,10005,0.5704912117070452,2,Seasonal Product 006
C15173,10029,0.5612740586613455,3,Seasonal Product 030
C15173,10007,0.558542098767602,4,Lighting Product 008
C15173,10035,0.5576684835346888,5,Bags & Accessories Product 036
C15173,10023,0.5576092979945758,6,Lighting Product 024
C15173,10025,0.530481383740141,7,Kitchenware Product 026
C15173,10013,0.5174496443882468,8,Seasonal Product 014
C15173,10027,0.5118430517211616,9,Bags & Accessories Product 028
C15173,10038,0.5089210408557948,10,Party Supplies Product 039
C15174,10007,0.6794733672481933,1,Lighting Product 008
C15174,10027,0.6670528067158842,2,Bags & Accessories Product 028
C15174,10354,0.6642866677052058,3,Stationery Product 355
C15174,10015,0.6317012018746735,4,Lighting Product 016
C15174,10021,0.5927708525993868,5,Seasonal Product 022
C15174,10038,0.5578214600020026,6,Party Supplies Product 039
C15174,10028,0.5507111110197622,7,Gifts Product 029
C15174,10025,0.47377279156074575,8,Kitchenware Product 026
C15174,10016,0.469431503766093,9,Home Decor Product 017
C15174,10013,0.46495313604376065,10,Seasonal Product 014
C15176,10028,0.8619791880800288,1,Gifts Product 029
C15176,10020,0.8514264648160443,2,Gifts Product 021
C15176,10036,0.7744328871435012,3,Gifts Product 037
C15176,10015,0.75761253926447,4,Lighting Product 016
C15176,10004,0.7426851741248739,5,Gifts Product 005
C15176,10382,0.725148049438827,6,Party Supplies Product 383
C15176,10212,0.7045737825448735,7,Gifts Product 213
C15176,10164,0.7036220296294399,8,Gifts Product 165
C15176,10013,0.6787085297144064,9,Seasonal Product 014
C15176,10268,0.676103617218117,10,Gifts Product 269
C15178,10038,0.9069987759347167,1,Party Supplies Product 039
C15178,10025,0.7091592381317839,2,Kitchenware Product 026
C15178,10021,0.7025353836374941,3,Seasonal Product 022
C15178,10033,0.6125275228947031,4,Kitchenware Product 034
C15178,10166,0.5726538952045818,5,Party Supplies Product 167
C15178,10228,0.5460777692327727,6,Gifts Product 229
C15178,10065,0.5332742266890077,7,Kitchenware Product 066
C15178,10028,0.523847443862899,8,Gifts Product 029
C15178,10192,0.5053069324677982,9,Home Decor Product 193
C15178,10345,0.4202804770315669,10,Kitchenware Product 346
C15179,10007,0.9407421755832946,1,Lighting Product 008
C15179,10015,0.9054815046729652,2,Lighting Product 016
C15179,10028,0.8799304402720979,3,Gifts Product 029
C15179,10021,0.8502579496319996,4,Seasonal Product 022
C15179,10023,0.804940358754365,5,Lighting Product 024
C15179,10020,0.7850198867414026,6,Gifts Product 021
C15179,10036,0.7795693823566012,7,Gifts Product 037
C15179,10027,0.7593317920538792,8,Bags & Accessories Product 028
C15179,10047,0.7460502412081225,9,Lighting Product 048
C15179,10005,0.690099992487604,10,Seasonal Product 006
C15186,10035,0.4893131215085121,1,Bags & Accessories Product 036
C15186,10021,0.47140895209016065,2,Seasonal Product 022
C15186,10013,0.4639879745473656,3,Seasonal Product 014
C15186,10038,0.4587982687306997,4,Party Supplies Product 039
C15186,10015,0.4471330854614205,5,Lighting Product 016
C15186,10029,0.4429655295546758,6,Seasonal Product 030
C15186,10025,0.44228382037683756,7,Kitchenware Product 026
C15186,10005,0.42245088277991155,8,Seasonal Product 006
C15186,10028,0.4177786265266989,9,Gifts Product 029
C15186,10007,0.41604746644205176,10,Lighting Product 008
C15187,10021,0.9146131492732104,1,Seasonal Product 022
C15187,10016,0.8952992682326517,2,Home Decor Product 017
C15187,10015,0.8945153938859511,3,Lighting Product 016
C15187,10038,0.8668315378367455,4,Party Supplies Product 039
C15187,10027,0.8640444661841118,5,Bags & Accessories Product 028
C15187,10035,0.8577646267552088,6,Bags & Accessories Product 036
C15187,10025,0.8417349566646652,7,Kitchenware Product 026
C15187,10034,0.8316746161548564,8,Stationery Product 035
C15187,10028,0.8124879891054868,9,Gifts Product 029
C15187,10002,0.8002295067101949,10,Stationery Product 003
C15190,10038,0.8219957905285236,1,Party Supplies Product 039
C15190,10016,0.7792857031898447,2,Home Decor Product 017
C15190,10015,0.5750026345820581,3,Lighting Product 016
C15190,10021,0.4526399046892998,4,Seasonal Product 022
C15190,10025,0.41052510443884704,5,Kitchenware Product 026
C15190,10002,0.40513876511466024,6,Stationery Product 003
C15190,10020,0.3766698143993167,7,Gifts Product 021
C15190,10029,0.3763635593653522,8,Seasonal Product 030
C15190,10166,0.3751601107380648,9,Party Supplies Product 167
C15190,10005,0.3642716037076426,10,Seasonal Product 006
C15194,10025,0.8776144651289423,1,Kitchenware Product 026
C15194,10035,0.837915019443654,2,Bags & Accessories Product 036
C15194,10027,0.8274386907700519,3,Bags & Accessories Product 028
C15194,10013,0.7009005028205008,4,Seasonal Product 014
C15194,10153,0.5955338789109569,5,Kitchenware Product 154
C15194,10028,0.5397739297031087,6,Gifts Product 029
C15194,10023,0.5125661823778435,7,Lighting Product 024
C15194,10034,0.508031342834778,8,Stationery Product 035
C15194,10003,0.4856838458264547,9,Bags & Accessories Product 004
C15194,10015,0.4611571239336729,10,Lighting Product 016
C15197,10027,0.9406390964142894,1,Bags & Accessories Product 028
C15197,10036,0.920523415542504,2,Gifts Product 037
C15197,10035,0.8932521764842268,3,Bags & Accessories Product 036
C15197,10021,0.8431006465551476,4,Seasonal Product 022
C15197,10028,0.8050693357154869,5,Gifts Product 029
C15197,10003,0.7628461770462428,6,Bags & Accessories Product 004
C15197,10020,0.7431128248624136,7,Gifts Product 021
C15197,10195,0.7376259529584993,8,Bags & Accessories Product 196
C15197,10012,0.734669464041231,9,Gifts Product 013
C15197,10219,0.7169504772961585,10,Bags & Accessories Product 220
C15198,10021,0.7560771097318089,1,Seasonal Product 022
C15198,10007,0.6195076903698182,2,Lighting Product 008
C15198,10028,0.5510515665938444,3,Gifts Product 029
C15198,10015,0.5391113713548908,4,Lighting Product 016
C15198,10200,0.47737811037991873,5,Home Decor Product 201
C15198,10004,0.4711769300896798,6,Gifts Product 005
C15198,10055,0.4517029442103086,7,Lighting Product 056
C15198,10002,0.4424291990601372,8,Stationery Product 003
C15198,10192,0.4244633211110845,9,Home Decor Product 193
C15198,10020,0.4231879720886852,10,Gifts Product 021
C15203,10034,0.8141249108881458,1,Stationery Product 035
C15203,10021,0.716371966955217,2,Seasonal Product 022
C15203,10015,0.5837708245903602,3,Lighting Product 016
C15203,10009,0.5380341937442084,4,Kitchenware Product 010
C15203,10013,0.46074508134536746,5,Seasonal Product 014
C15203,10038,0.45031451829281904,6,Party Supplies Product 039
C15203,10028,0.40947027611292636,7,Gifts Product 029
C15203,10029,0.3918695701322841,8,Seasonal Product 030
C15203,10007,0.36852584005136285,9,Lighting Product 008
C15203,10027,0.36407337391804795,10,Bags & Accessories Product 028
C15204,10015,0.9378287907154931,1,Lighting Product 016
C15204,10021,0.8448886608176911,2,Seasonal Product 022
C15204,10013,0.5650441696452483,3,Seasonal Product 014
C15204,10029,0.5458899939074329,4,Seasonal Product 030
C15204,10031,0.545484602281142,5,Lighting Product 032
C15204,10016,0.5199454595056267,6,Home Decor Product 017
C15204,10002,0.5167755058798795,7,Stationery Product 003
C15204,10034,0.5120691911480755,8,Stationery Product 035
C15204,10027,0.5040859186429221,9,Bags & Accessories Product 028
C15204,10028,0.4551213533269829,10,Gifts Product 029
C15211,10038,0.8112962698134,1,Party Supplies Product 039
C15211,10028,0.7361447977427287,2,Gifts Product 029
C15211,10021,0.6653147357775847,3,Seasonal Product 022
C15211,10382,0.5560401705197612,4,Party Supplies Product 383
C15211,10036,0.5462665167297377,5,Gifts Product 037
C15211,10015,0.538605107706509,6,Lighting Product 016
C15211,10029,0.4809624104966366,7,Seasonal Product 030
C15211,10005,0.47214382523050014,8,Seasonal Product 006
C15211,10013,0.4697186068023592,9,Seasonal Product 014
C15211,10016,0.4650034392311057,10,Home Decor Product 017
C15213,10016,0.7796172137699131,1,Home Decor Product 017
C15213,10025,0.7178169886719468,2,Kitchenware Product 026
C15213,10028,0.7074183745040178,3,Gifts Product 029
C15213,10034,0.6809949718160417,4,Stationery Product 035
C15213,10021,0.6581106497990276,5,Seasonal Product 022
C15213,10036,0.5913377327962357,6,Gifts Product 037
C15213,10038,0.5824542296708018,7,Party Supplies Product 039
C15213,10209,0.48205402126670965,8,Kitchenware Product 210
C15213,10065,0.47157439268353474,9,Kitchenware Product 066
C15213,10027,0.45941257226732934,10,Bags & Accessories Product 028
C15215,10016,0.9213486535525559,1,Home Decor Product 017
C15215,10028,0.8461705200456298,2,Gifts Product 029
C15215,10035,0.7862364340278446,3,Bags & Accessories Product 036
C15215,10027,0.7699556789513173,4,Bags & Accessories Product 028
C15215,10015,0.6701503368743532,5,Lighting Product 016
C15215,10021,0.6508707536439738,6,Seasonal Product 022
C15215,10038,0.5439975693333097,7,Party Supplies Product 039
C15215,10007,0.47763244626499934,8,Lighting Product 008
C15215,10034,0.414860322937649,9,Stationery Product 035
C15215,10013,0.41206393209063963,10,Seasonal Product 014
C15217,10015,0.8697076985182205,1,Lighting Product 016
C15217,10021,0.6693897172432204,2,Seasonal Product 022
C15217,10023,0.5184038549418074,3,Lighting Product 024
C15217,10295,0.5171022037421314,4,Lighting Product 296
C15217,10031,0.4582097098570308,5,Lighting Product 032
C15217,10002,0.4564982707349904,6,Stationery Product 003
C15217,10025,0.4514377991399196,7,Kitchenware Product 026
C15217,10016,0.4496150582060357,8,Home Decor Product 017
C15217,10020,0.4438483076730403,9,Gifts Product 021
C15217,10007,0.43992721811173635,10,Lighting Product 008
C15218,10015,0.9638104366827391,1,Lighting Product 016
C15218,10028,0.7744539041996631,2,Gifts Product 029
C15218,10021,0.7537836854719887,3,Seasonal Product 022
C15218,10007,0.7080216053364738,4,Lighting Product 008
C15218,10305,0.6423032417946861,5,Kitchenware Product 306
C15218,10153,0.6366525891706771,6,Kitchenware Product 154
C15218,10016,0.5274266954084287,7,Home Decor Product 017
C15218,10013,0.5229064951722296,8,Seasonal Product 014
C15218,10036,0.514867201216857,9,Gifts Product 037
C15218,10029,0.5133832586443645,10,Seasonal Product 030
C15219,10035,0.7106793055931568,1,Bags & Accessories Product 036
C15219,10021,0.6216975848173633,2,Seasonal Product 022
C15219,10009,0.5674420798348501,3,Kitchenware Product 010
C15219,10023,0.5078800618781719,4,Lighting Product 024
C15219,10002,0.48475889165620106,5,Stationery Product 003
C15219,10209,0.4659188147515667,6,Kitchenware Product 210
C15219,10028,0.4218056468565912,7,Gifts Product 029
C15219,10192,0.40975980634827025,8,Home Decor Product 193
C15219,10096,0.3897542715448412,9,Home Decor Product 097
C15219,10015,0.36395071588783123,10,Lighting Product 016
C15223,10028,0.9934056737149727,1,Gifts Product 029
C15223,10020,0.9456244825632708,2,Gifts Product 021
C15223,10036,0.9310762519758607,3,Gifts Product 037
C15223,10060,0.8151132335082718,4,Gifts Product 061
C15223,10228,0.8109814042484286,5,Gifts Product 229
C15223,10015,0.8074092886398581,6,Lighting Product 016
C15223,10153,0.8035950826240681,7,Kitchenware Product 154
C15223,10212,0.7883556681920793,8,Gifts Product 213
C15223,10021,0.7789104177266964,9,Seasonal Product 022
C15223,10013,0.770391068133279,10,Seasonal Product 014
C15224,10015,0.789995470692285,1,Lighting Product 016
C15224,10021,0.7648362504278756,2,Seasonal Product 022
C15224,10016,0.7174641425993598,3,Home Decor Product 017
C15224,10028,0.6212964337429105,4,Gifts Product 029
C15224,10038,0.6084153706248248,5,Party Supplies Product 039
C15224,10013,0.5769644143157128,6,Seasonal Product 014
C15224,10027,0.5658526356959662,7,Bags & Accessories Product 028
C15224,10007,0.5587393156488334,8,Lighting Product 008
C15224,10035,0.5088882641120556,9,Bags & Accessories Product 036
C15224,10026,0.4785179814205304,10,Stationery Product 027
C15225,10021,0.976464970592445,1,Seasonal Product 022
C15225,10026,0.8728366861900848,2,Stationery Product 027
C15225,10034,0.7529715638225263,3,Stationery Product 035
C15225,10002,0.6019927328177351,4,Stationery Product 003
C15225,10202,0.6011457387170502,5,Stationery Product 203
C15225,10015,0.5339031730015988,6,Lighting Product 016
C15225,10029,0.49165871204499345,7,Seasonal Product 030
C15225,10354,0.48980946229496425,8,Stationery Product 355
C15225,10028,0.4631297059219228,9,Gifts Product 029
C15225,10359,0.44652390264354563,10,Lighting Product 360
C15227,10021,0.9146131492732104,1,Seasonal Product 022
C15227,10016,0.8952992682326517,2,Home Decor Product 017
C15227,10015,0.8945153938859511,3,Lighting Product 016
C15227,10038,0.8668315378367455,4,Party Supplies Product 039
C15227,10027,0.8640444661841118,5,Bags & Accessories Product 028
C15227,10035,0.8577646267552088,6,Bags & Accessories Product 036
C15227,10025,0.8417349566646652,7,Kitchenware Product 026
C15227,10034,0.8316746161548564,8,Stationery Product 035
C15227,10028,0.8124879891054868,9,Gifts Product 029
C15227,10002,0.8002295067101949,10,Stationery Product 003
C15229,10028,0.8132023893849231,1,Gifts Product 029
C15229,10025,0.6061639416271308,2,Kitchenware Product 026
C15229,10036,0.5535259394258218,3,Gifts Product 037
C15229,10034,0.498767497122244,4,Stationery Product 035
C15229,10026,0.48647519054509464,5,Stationery Product 027
C15229,10035,0.45742848899982674,6,Bags & Accessories Product 036
C15229,10013,0.45428093625096183,7,Seasonal Product 014
C15229,10027,0.4486570583324955,8,Bags & Accessories Product 028
C15229,10021,0.4251235077658111,9,Seasonal Product 022
C15229,10016,0.4081514607747454,10,Home Decor Product 017
C15230,10034,0.7798267450561738,1,Stationery Product 035
C15230,10021,0.756686189239355,2,Seasonal Product 022
C15230,10026,0.7008444312457991,3,Stationery Product 027
C15230,10015,0.4819950931361149,4,Lighting Product 016
C15230,10382,0.4407295904093949,5,Party Supplies Product 383
C15230,10022,0.42899736196848426,6,Party Supplies Product 023
C15230,10005,0.4233949903725868,7,Seasonal Product 006
C15230,10036,0.4230906392576886,8,Gifts Product 037
C15230,10023,0.40202440239771287,9,Lighting Product 024
C15230,10013,0.3923427756846727,10,Seasonal Product 014
C15231,10015,0.9620722272706914,1,Lighting Product 016
C15231,10021,0.8271715913141363,2,Seasonal Product 022
C15231,10025,0.702038925355967,3,Kitchenware Product 026
C15231,10013,0.620256487079469,4,Seasonal Product 014
C15231,10007,0.6040277913436589,5,Lighting Product 008
C15231,10009,0.5526626586625564,6,Kitchenware Product 010
C15231,10028,0.5268207434855761,7,Gifts Product 029
C15231,10005,0.4621605508706949,8,Seasonal Product 006
C15231,10029,0.45582249142493786,9,Seasonal Product 030
C15231,10016,0.4468637160519627,10,Home Decor Product 017
C15232,10016,0.908825559074435,1,Home Decor Product 017
C15232,10038,0.6925366960333373,2,Party Supplies Product 039
C15232,10009,0.6085011760630328,3,Kitchenware Product 010
C15232,10027,0.541965537280252,4,Bags & Accessories Product 028
C15232,10192,0.4980507776514787,5,Home Decor Product 193
C15232,10035,0.496875682647573,6,Bags & Accessories Product 036
C15232,10028,0.4929848054793852,7,Gifts Product 029
C15232,10217,0.4924471979040889,8,Kitchenware Product 218
C15232,10021,0.48113272414571945,9,Seasonal Product 022
C15232,10096,0.4760058020169431,10,Home Decor Product 097
C15233,10028,0.8387714174897797,1,Gifts Product 029
C15233,10036,0.7234862316561851,2,Gifts Product 037
C15233,10015,0.7070436946615848,3,Lighting Product 016
C15233,10021,0.6884248767204408,4,Seasonal Product 022
C15233,10038,0.6801460192106692,5,Party Supplies Product 039
C15233,10278,0.6368553162546468,6,Party Supplies Product 279
C15233,10228,0.5539731799483417,7,Gifts Product 229
C15233,10382,0.5374969092093719,8,Party Supplies Product 383
C15233,10012,0.5191777125475353,9,Gifts Product 013
C15233,10268,0.45586257549793174,10,Gifts Product 269
C15234,10021,0.9146131492732104,1,Seasonal Product 022
C15234,10016,0.8952992682326517,2,Home Decor Product 017
C15234,10015,0.8945153938859511,3,Lighting Product 016
C15234,10038,0.8668315378367455,4,Party Supplies Product 039
C15234,10027,0.8640444661841118,5,Bags & Accessories Product 028
C15234,10035,0.8577646267552088,6,Bags & Accessories Product 036
C15234,10025,0.8417349566646652,7,Kitchenware Product 026
C15234,10034,0.8316746161548564,8,Stationery Product 035
C15234,10028,0.8124879891054868,9,Gifts Product 029
C15234,10002,0.8002295067101949,10,Stationery Product 003
C15239,10021,0.9146131492732104,1,Seasonal Product 022
C15239,10016,0.8952992682326517,2,Home Decor Product 017
C15239,10015,0.8945153938859511,3,Lighting Product 016
C15239,10038,0.8668315378367455,4,Party Supplies Product 039
C15239,10027,0.8640444661841118,5,Bags & Accessories Product 028
C15239,10035,0.8577646267552088,6,Bags & Accessories Product 036
C15239,10025,0.8417349566646652,7,Kitchenware Product 026
C15239,10034,0.8316746161548564,8,Stationery Product 035
C15239,10028,0.8124879891054868,9,Gifts Product 029
C15239,10002,0.8002295067101949,10,Stationery Product 003
C15241,10015,0.9202188342479246,1,Lighting Product 016
C15241,10007,0.711819848889321,2,Lighting Product 008
C15241,10027,0.6984369638711444,3,Bags & Accessories Product 028
C15241,10038,0.6771964308889683,4,Party Supplies Product 039
C15241,10035,0.6654592515797843,5,Bags & Accessories Product 036
C15241,10013,0.6648736286584569,6,Seasonal Product 014
C15241,10009,0.6645660591007462,7,Kitchenware Product 010
C15241,10021,0.6401646349263822,8,Seasonal Product 022
C15241,10016,0.6247482070766005,9,Home Decor Product 017
C15241,10029,0.601954154434569,10,Seasonal Product 030
C15242,10021,0.9057895451270614,1,Seasonal Product 022
C15242,10013,0.713405977857392,2,Seasonal Product 014
C15242,10038,0.693816837494285,3,Party Supplies Product 039
C15242,10026,0.6902055301315984,4,Stationery Product 027
C15242,10029,0.5169348170054625,5,Seasonal Product 030
C15242,10025,0.47069270383532713,6,Kitchenware Product 026
C15242,10002,0.4495325755997,7,Stationery Product 003
C15242,10020,0.4166345866009405,8,Gifts Product 021
C15242,10016,0.40460854061631174,9,Home Decor Product 017
C15242,10028,0.387839417905726,10,Gifts Product 029
C15243,10015,0.8518847848356592,1,Lighting Product 016
C15243,10021,0.6719457532506459,2,Seasonal Product 022
C15243,10007,0.6043868773082447,3,Lighting Product 008
C15243,10026,0.5402487691586098,4,Stationery Product 027
C15243,10209,0.5305821881579421,5,Kitchenware Product 210
C15243,10023,0.5199865076368513,6,Lighting Product 024
C15243,10009,0.5038252733474898,7,Kitchenware Product 010
C15243,10028,0.4673698761627734,8,Gifts Product 029
C15243,10013,0.44486418945802664,9,Seasonal Product 014
C15243,10027,0.44189929428884106,10,Bags & Accessories Product 028
C15247,10026,0.8981576408801425,1,Stationery Product 027
C15247,10035,0.8718521045247284,2,Bags & Accessories Product 036
C15247,10027,0.7609251870529595,3,Bags & Accessories Product 028
C15247,10034,0.7527202591379124,4,Stationery Product 035
C15247,10002,0.7169715967503574,5,Stationery Product 003
C15247,10354,0.6904138318918988,6,Stationery Product 355
C15247,10021,0.6802969083641577,7,Seasonal Product 022
C15247,10028,0.6722452485091909,8,Gifts Product 029
C15247,10202,0.6713674953155031,9,Stationery Product 203
C15247,10016,0.6380084869655808,10,Home Decor Product 017
C15250,10021,0.8376162404138208,1,Seasonal Product 022
C15250,10025,0.7623834514366521,2,Kitchenware Product 026
C15250,10015,0.5912182173098813,3,Lighting Product 016
C15250,10027,0.5054631769717832,4,Bags & Accessories Product 028
C15250,10305,0.5047822929700881,5,Kitchenware Product 306
C15250,10016,0.4727193366492443,6,Home Decor Product 017
C15250,10034,0.46412938526415104,7,Stationery Product 035
C15250,10028,0.4465161541652509,8,Gifts Product 029
C15250,10035,0.44219560382459105,9,Bags & Accessories Product 036
C15250,10013,0.43567729965385693,10,Seasonal Product 014
C15253,10021,0.6119768400876382,1,Seasonal Product 022
C15253,10009,0.6010072504019249,2,Kitchenware Product 010
C15253,10028,0.5453104130427963,3,Gifts Product 029
C15253,10015,0.5240518768880942,4,Lighting Product 016
C15253,10012,0.47156591856281677,5,Gifts Product 013
C15253,10038,0.4521570196180063,6,Party Supplies Product 039
C15253,10027,0.45215081302920834,7,Bags & Accessories Product 028
C15253,10013,0.42741489644194475,8,Seasonal Product 014
C15253,10153,0.42053354771650725,9,Kitchenware Product 154
C15253,10016,0.4100273250660712,10,Home Decor Product 017
C15255,10021,0.9068666113481563,1,Seasonal Product 022
C15255,10035,0.7013030001741789,2,Bags & Accessories Product 036
C15255,10028,0.6781640869808018,3,Gifts Product 029
C15255,10015,0.6541776344646546,4,Lighting Product 016
C15255,10013,0.615960549303925,5,Seasonal Product 014
C15255,10005,0.5248665225894465,6,Seasonal Product 006
C15255,10038,0.4802395502153805,7,Party Supplies Product 039
C15255,10027,0.4780847327867541,8,Bags & Accessories Product 028
C15255,10025,0.47759572230932595,9,Kitchenware Product 026
C15255,10016,0.4762440867000088,10,Home Decor Product 017
C15259,10025,0.8235525580869969,1,Kitchenware Product 026
C15259,10028,0.7644804109504091,2,Gifts Product 029
C15259,10021,0.747454659869768,3,Seasonal Product 022
C15259,10305,0.5457689765136544,4,Kitchenware Product 306
C15259,10036,0.5409446520304597,5,Gifts Product 037
C15259,10015,0.5396329221450776,6,Lighting Product 016
C15259,10020,0.5385317546049081,7,Gifts Product 021
C15259,10009,0.5255336559917999,8,Kitchenware Product 010
C15259,10029,0.5012604384649644,9,Seasonal Product 030
C15259,10012,0.4696464725714944,10,Gifts Product 013
C15260,10021,0.9146131492732104,1,Seasonal Product 022
C15260,10016,0.8952992682326517,2,Home Decor Product 017
C15260,10015,0.8945153938859511,3,Lighting Product 016
C15260,10038,0.8668315378367455,4,Party Supplies Product 039
C15260,10027,0.8640444661841118,5,Bags & Accessories Product 028
C15260,10035,0.8577646267552088,6,Bags & Accessories Product 036
C15260,10025,0.8417349566646652,7,Kitchenware Product 026
C15260,10034,0.8316746161548564,8,Stationery Product 035
C15260,10028,0.8124879891054868,9,Gifts Product 029
C15260,10002,0.8002295067101949,10,Stationery Product 003
C15268,10035,0.8382975627322793,1,Bags & Accessories Product 036
C15268,10034,0.7253880713614971,2,Stationery Product 035
C15268,10036,0.6499082278081616,3,Gifts Product 037
C15268,10002,0.5139808622720765,4,Stationery Product 003
C15268,10031,0.44542429148914037,5,Lighting Product 032
C15268,10202,0.43468219851806794,6,Stationery Product 203
C15268,10025,0.4050806502765497,7,Kitchenware Product 026
C15268,10354,0.40099600435435034,8,Stationery Product 355
C15268,10090,0.3984288995845698,9,Stationery Product 091
C15268,10219,0.33069011780502794,10,Bags & Accessories Product 220
C15269,10035,0.8986578231892505,1,Bags & Accessories Product 036
C15269,10038,0.8541916462333777,2,Party Supplies Product 039
C15269,10007,0.7375658569503107,3,Lighting Product 008
C15269,10021,0.6838715177952209,4,Seasonal Product 022
C15269,10015,0.6277672553921554,5,Lighting Product 016
C15269,10009,0.5698008026204964,6,Kitchenware Product 010
C15269,10031,0.5513027221628303,7,Lighting Product 032
C15269,10016,0.5292757476985683,8,Home Decor Product 017
C15269,10359,0.5245776695677132,9,Lighting Product 360
C15269,10013,0.511811012403614,10,Seasonal Product 014
C15270,10021,0.7336197797819501,1,Seasonal Product 022
C15270,10015,0.6032109408422919,2,Lighting Product 016
C15270,10016,0.48156327802922294,3,Home Decor Product 017
C15270,10028,0.4683706190429862,4,Gifts Product 029
C15270,10031,0.4553424126659143,5,Lighting Product 032
C15270,10027,0.44556314807945324,6,Bags & Accessories Product 028
C15270,10025,0.43652544514128117,7,Kitchenware Product 026
C15270,10036,0.43191703118776253,8,Gifts Product 037
C15270,10035,0.429175407544375,9,Bags & Accessories Product 036
C15270,10013,0.4151607481554392,10,Seasonal Product 014
C15271,10016,0.9633111426373191,1,Home Decor Product 017
C15271,10038,0.8806988018045682,2,Party Supplies Product 039
C15271,10026,0.7453238107778929,3,Stationery Product 027
C15271,10027,0.7397870335653934,4,Bags & Accessories Product 028
C15271,10035,0.730826256597521,5,Bags & Accessories Product 036
C15271,10021,0.6773383859395712,6,Seasonal Product 022
C15271,10278,0.663771098688129,7,Party Supplies Product 279
C15271,10015,0.6019338479864382,8,Lighting Product 016
C15271,10382,0.5367522658078863,9,Party Supplies Product 383
C15271,10036,0.50823523130512,10,Gifts Product 037
C15272,10035,0.8915385397447644,1,Bags & Accessories Product 036
C15272,10021,0.8075646832158547,2,Seasonal Product 022
C15272,10027,0.7998743315591809,3,Bags & Accessories Product 028
C15272,10025,0.759774096127381,4,Kitchenware Product 026
C15272,10028,0.730147045406257,5,Gifts Product 029
C15272,10020,0.6796536035191303,6,Gifts Product 021
C15272,10305,0.6202544293790314,7,Kitchenware Product 306
C15272,10013,0.6167282811264828,8,Seasonal Product 014
C15272,10015,0.5945263283106668,9,Lighting Product 016
C15272,10038,0.5851457316851717,10,Party Supplies Product 039
C15275,10021,0.9351527657741076,1,Seasonal Product 022
C15275,10020,0.718352809908391,2,Gifts Product 021
C15275,10029,0.6935984596337366,3,Seasonal Product 030
C15275,10013,0.6452786564454838,4,Seasonal Product 014
C15275,10244,0.6432913232068891,5,Gifts Product 245
C15275,10116,0.5985825393821215,6,Gifts Product 117
C15275,10016,0.5627048619211085,7,Home Decor Product 017
C15275,10025,0.5419714171734799,8,Kitchenware Product 026
C15275,10012,0.5116611223753483,9,Gifts Product 013
C15275,10023,0.5107558250704813,10,Lighting Product 024
C15278,10021,0.9574301051070967,1,Seasonal Product 022
C15278,10027,0.8830550993355655,2,Bags & Accessories Product 028
C15278,10013,0.8540083561749793,3,Seasonal Product 014
C15278,10029,0.7077795471270658,4,Seasonal Product 030
C15278,10007,0.5121873992826049,5,Lighting Product 008
C15278,10036,0.5075046426845349,6,Gifts Product 037
C15278,10035,0.5069644601857736,7,Bags & Accessories Product 036
C15278,10015,0.4806953359718175,8,Lighting Product 016
C15278,10038,0.4773733786434884,9,Party Supplies Product 039
C15278,10005,0.46295774658889255,10,Seasonal Product 006
C15279,10021,0.9595493941848542,1,Seasonal Product 022
C15279,10023,0.9137757064426897,2,Lighting Product 024
C15279,10031,0.8505124260113461,3,Lighting Product 032
C15279,10015,0.8176512268553321,4,Lighting Product 016
C15279,10007,0.7843336174706185,5,Lighting Product 008
C15279,10027,0.7557426472145821,6,Bags & Accessories Product 028
C15279,10028,0.7310935520358669,7,Gifts Product 029
C15279,10016,0.7156611300887752,8,Home Decor Product 017
C15279,10013,0.7053509393173191,9,Seasonal Product 014
C15279,10005,0.7008689960714002,10,Seasonal Product 006
C15283,10015,0.940228337337562,1,Lighting Product 016
C15283,10016,0.8615289669122284,2,Home Decor Product 017
C15283,10023,0.6938670560698893,3,Lighting Product 024
C15283,10021,0.6601825189506353,4,Seasonal Product 022
C15283,10047,0.6304104937079823,5,Lighting Product 048
C15283,10032,0.6155989225819739,6,Home Decor Product 033
C15283,10007,0.528050280264066,7,Lighting Product 008
C15283,10192,0.5180056942496283,8,Home Decor Product 193
C15283,10009,0.509728558147734,9,Kitchenware Product 010
C15283,10368,0.4993679479296187,10,Home Decor Product 369
C15284,10021,0.9146131492732104,1,Seasonal Product 022
C15284,10016,0.8952992682326517,2,Home Decor Product 017
C15284,10015,0.8945153938859511,3,Lighting Product 016
C15284,10038,0.8668315378367455,4,Party Supplies Product 039
C15284,10027,0.8640444661841118,5,Bags & Accessories Product 028
C15284,10035,0.8577646267552088,6,Bags & Accessories Product 036
C15284,10025,0.8417349566646652,7,Kitchenware Product 026
C15284,10034,0.8316746161548564,8,Stationery Product 035
C15284,10028,0.8124879891054868,9,Gifts Product 029
C15284,10002,0.8002295067101949,10,Stationery Product 003
C15286,10035,0.8461545450752184,1,Bags & Accessories Product 036
C15286,10021,0.8194692733018222,2,Seasonal Product 022
C15286,10015,0.7548044035999413,3,Lighting Product 016
C15286,10016,0.6136697977977478,4,Home Decor Product 017
C15286,10025,0.5164177339966404,5,Kitchenware Product 026
C15286,10193,0.48862332677985015,6,Kitchenware Product 194
C15286,10028,0.48241207582353735,7,Gifts Product 029
C15286,10023,0.46603461523012885,8,Lighting Product 024
C15286,10007,0.44876892199279267,9,Lighting Product 008
C15286,10027,0.445732215575801,10,Bags & Accessories Product 028
C15288,10034,0.8529997888196192,1,Stationery Product 035
C15288,10021,0.6834811001600212,2,Seasonal Product 022
C15288,10020,0.6275966233182114,3,Gifts Product 021
C15288,10036,0.6115091977185573,4,Gifts Product 037
C15288,10032,0.5654390903025611,5,Home Decor Product 033
C15288,10028,0.5510429868285788,6,Gifts Product 029
C15288,10060,0.5317839993433295,7,Gifts Product 061
C15288,10015,0.49999441341440254,8,Lighting Product 016
C15288,10025,0.4744046828851992,9,Kitchenware Product 026
C15288,10027,0.4468571889492114,10,Bags & Accessories Product 028
C15289,10015,0.97009029054466,1,Lighting Product 016
C15289,10021,0.753448986783545,2,Seasonal Product 022
C15289,10007,0.743857144148838,3,Lighting Product 008
C15289,10034,0.663683678868928,4,Stationery Product 035
C15289,10031,0.6423581212230298,5,Lighting Product 032
C15289,10013,0.5615875353444753,6,Seasonal Product 014
C15289,10023,0.5601431547509436,7,Lighting Product 024
C15289,10029,0.5582884861419188,8,Seasonal Product 030
C15289,10002,0.5563354474991958,9,Stationery Product 003
C15289,10025,0.55559131020173,10,Kitchenware Product 026
C15290,10021,0.9146131492732104,1,Seasonal Product 022
C15290,10016,0.8952992682326517,2,Home Decor Product 017
C15290,10015,0.8945153938859511,3,Lighting Product 016
C15290,10038,0.8668315378367455,4,Party Supplies Product 039
C15290,10027,0.8640444661841118,5,Bags & Accessories Product 028
C15290,10035,0.8577646267552088,6,Bags & Accessories Product 036
C15290,10025,0.8417349566646652,7,Kitchenware Product 026
C15290,10034,0.8316746161548564,8,Stationery Product 035
C15290,10028,0.8124879891054868,9,Gifts Product 029
C15290,10002,0.8002295067101949,10,Stationery Product 003
C15291,10021,0.8763000651598193,1,Seasonal Product 022
C15291,10015,0.777704760298683,2,Lighting Product 016
C15291,10028,0.6658910409463121,3,Gifts Product 029
C15291,10027,0.5489053540562537,4,Bags & Accessories Product 028
C15291,10013,0.5439416261729946,5,Seasonal Product 014
C15291,10038,0.5336504446395534,6,Party Supplies Product 039
C15291,10007,0.5204860000213146,7,Lighting Product 008
C15291,10029,0.4975143247743146,8,Seasonal Product 030
C15291,10005,0.49293563774029364,9,Seasonal Product 006
C15291,10023,0.48893865629703565,10,Lighting Product 024
C15294,10016,0.9165968863816776,1,Home Decor Product 017
C15294,10023,0.9038767348050597,2,Lighting Product 024
C15294,10015,0.818168691376422,3,Lighting Product 016
C15294,10028,0.8075182085707467,4,Gifts Product 029
C15294,10007,0.7473474624454888,5,Lighting Product 008
C15294,10032,0.7418629473508954,6,Home Decor Product 033
C15294,10296,0.6755592680878038,7,Home Decor Product 297
C15294,10005,0.6625709494177237,8,Seasonal Product 006
C15294,10035,0.6595432714382881,9,Bags & Accessories Product 036
C15294,10096,0.6391659862547268,10,Home Decor Product 097
C15295,10038,0.8440779042028803,1,Party Supplies Product 039
C15295,10382,0.8405443306486771,2,Party Supplies Product 383
C15295,10278,0.796453885781262,3,Party Supplies Product 279
C15295,10021,0.7808497108142928,4,Seasonal Product 022
C15295,10305,0.7805280520987493,5,Kitchenware Product 306
C15295,10005,0.7654593319630253,6,Seasonal Product 006
C15295,10025,0.715594418911956,7,Kitchenware Product 026
C15295,10028,0.6710195698332753,8,Gifts Product 029
C15295,10009,0.657146747455346,9,Kitchenware Product 010
C15295,10022,0.6561660393038664,10,Party Supplies Product 023
C15301,10021,0.9146131492732104,1,Seasonal Product 022
C15301,10016,0.8952992682326517,2,Home Decor Product 017
C15301,10015,0.8945153938859511,3,Lighting Product 016
C15301,10038,0.8668315378367455,4,Party Supplies Product 039
C15301,10027,0.8640444661841118,5,Bags & Accessories Product 028
C15301,10035,0.8577646267552088,6,Bags & Accessories Product 036
C15301,10025,0.8417349566646652,7,Kitchenware Product 026
C15301,10034,0.8316746161548564,8,Stationery Product 035
C15301,10028,0.8124879891054868,9,Gifts Product 029
C15301,10002,0.8002295067101949,10,Stationery Product 003
C15303,10015,0.7377401636322979,1,Lighting Product 016
C15303,10025,0.5611587655371043,2,Kitchenware Product 026
C15303,10007,0.5579605008225357,3,Lighting Product 008
C15303,10013,0.5281558761556979,4,Seasonal Product 014
C15303,10209,0.5273605027239087,5,Kitchenware Product 210
C15303,10023,0.4940787215155629,6,Lighting Product 024
C15303,10016,0.4902319309794571,7,Home Decor Product 017
C15303,10295,0.4801960068109375,8,Lighting Product 296
C15303,10028,0.4703116852206876,9,Gifts Product 029
C15303,10027,0.45003594788577156,10,Bags & Accessories Product 028
C15315,10038,0.5334602047759028,1,Party Supplies Product 039
C15315,10028,0.5251051037438321,2,Gifts Product 029
C15315,10025,0.5250070313977732,3,Kitchenware Product 026
C15315,10015,0.5094973928618942,4,Lighting Product 016
C15315,10021,0.4991373741848413,5,Seasonal Product 022
C15315,10002,0.4977340355301145,6,Stationery Product 003
C15315,10007,0.49016742339727337,7,Lighting Product 008
C15315,10026,0.4633413392754733,8,Stationery Product 027
C15315,10013,0.4491035366025072,9,Seasonal Product 014
C15315,10034,0.44027811640109005,10,Stationery Product 035
C15317,10025,0.9524944649873581,1,Kitchenware Product 026
C15317,10021,0.909755140719126,2,Seasonal Product 022
C15317,10026,0.8902833015112107,3,Stationery Product 027
C15317,10305,0.8868913280480711,4,Kitchenware Product 306
C15317,10009,0.8188087453528019,5,Kitchenware Product 010
C15317,10354,0.7904699472040717,6,Stationery Product 355
C15317,10153,0.7865037110020079,7,Kitchenware Product 154
C15317,10193,0.7697901668251546,8,Kitchenware Product 194
C15317,10034,0.7587865108554803,9,Stationery Product 035
C15317,10033,0.7168187540871229,10,Kitchenware Product 034
C15318,10021,0.9115319692656495,1,Seasonal Product 022
C15318,10015,0.850105181809349,2,Lighting Product 016
C15318,10027,0.824184458317747,3,Bags & Accessories Product 028
C15318,10016,0.7793370638830549,4,Home Decor Product 017
C15318,10035,0.7691686525797363,5,Bags & Accessories Product 036
C15318,10013,0.7431753412101749,6,Seasonal Product 014
C15318,10038,0.7330330823866666,7,Party Supplies Product 039
C15318,10026,0.729953374974834,8,Stationery Product 027
C15318,10034,0.7057386051385888,9,Stationery Product 035
C15318,10007,0.6468527240620882,10,Lighting Product 008
C15321,10021,0.656709174421342,1,Seasonal Product 022
C15321,10023,0.5710757466685346,2,Lighting Product 024
C15321,10036,0.5656069928978965,3,Gifts Product 037
C15321,10005,0.5520371985986617,4,Seasonal Product 006
C15321,10007,0.5496393046847555,5,Lighting Product 008
C15321,10029,0.5402955701005444,6,Seasonal Product 030
C15321,10027,0.5303811787696474,7,Bags & Accessories Product 028
C15321,10034,0.5267616202741205,8,Stationery Product 035
C15321,10035,0.5257033032858808,9,Bags & Accessories Product 036
C15321,10031,0.518399014029736,10,Lighting Product 032
C15324,10015,0.9425751125211917,1,Lighting Product 016
C15324,10021,0.6987543648161202,2,Seasonal Product 022
C15324,10016,0.5759650699676838,3,Home Decor Product 017
C15324,10023,0.5625285663408547,4,Lighting Product 024
C15324,10007,0.5221665261888928,5,Lighting Product 008
C15324,10002,0.483655218840039,6,Stationery Product 003
C15324,10359,0.45220415773257305,7,Lighting Product 360
C15324,10305,0.43535203371428566,8,Kitchenware Product 306
C15324,10034,0.4178834297670133,9,Stationery Product 035
C15324,10217,0.4155315296834172,10,Kitchenware Product 218
C15327,10035,0.7426697572245015,1,Bags & Accessories Product 036
C15327,10027,0.5137385144070927,2,Bags & Accessories Product 028
C15327,10305,0.5125975072914564,3,Kitchenware Product 306
C15327,10025,0.4267203858656896,4,Kitchenware Product 026
C15327,10002,0.4059965626560857,5,Stationery Product 003
C15327,10021,0.40206779667700676,6,Seasonal Product 022
C15327,10047,0.3980901712309558,7,Lighting Product 048
C15327,10026,0.32497758267115495,8,Stationery Product 027
C15327,10013,0.3129397322973748,9,Seasonal Product 014
C15327,10034,0.30859345548607714,10,Stationery Product 035
C15331,10021,0.8766446228113322,1,Seasonal Product 022
C15331,10016,0.8166867722139607,2,Home Decor Product 017
C15331,10027,0.6327844919179085,3,Bags & Accessories Product 028
C15331,10025,0.6080011782708,4,Kitchenware Product 026
C15331,10096,0.5621490878567275,5,Home Decor Product 097
C15331,10029,0.5535842792159148,6,Seasonal Product 030
C15331,10013,0.5458708665985089,7,Seasonal Product 014
C15331,10368,0.54051464010135,8,Home Decor Product 369
C15331,10015,0.5082451767392923,9,Lighting Product 016
C15331,10192,0.4813465871910187,10,Home Decor Product 193
C15332,10021,0.9772865297855805,1,Seasonal Product 022
C15332,10016,0.9767283637168699,2,Home Decor Product 017
C15332,10013,0.9288539394767692,3,Seasonal Product 014
C15332,10035,0.7896784010949256,4,Bags & Accessories Product 036
C15332,10005,0.710208540054227,5,Seasonal Product 006
C15332,10015,0.5411338251537678,6,Lighting Product 016
C15332,10036,0.5395176060796383,7,Gifts Product 037
C15332,10029,0.528581362513197,8,Seasonal Product 030
C15332,10007,0.49536455223734793,9,Lighting Product 008
C15332,10025,0.47326940811046986,10,Kitchenware Product 026
C15334,10028,0.980571276154201,1,Gifts Product 029
C15334,10305,0.974589235888042,2,Kitchenware Product 306
C15334,10015,0.95818356474215,3,Lighting Product 016
C15334,10025,0.948255893706865,4,Kitchenware Product 026
C15334,10021,0.9225204941748588,5,Seasonal Product 022
C15334,10035,0.8658887068181875,6,Bags & Accessories Product 036
C15334,10016,0.8429061588598301,7,Home Decor Product 017
C15334,10153,0.8201143384360262,8,Kitchenware Product 154
C15334,10009,0.8117520331476887,9,Kitchenware Product 010
C15334,10036,0.7980072126240385,10,Gifts Product 037
C15335,10023,0.9605231222140365,1,Lighting Product 024
C15335,10020,0.9564079319493881,2,Gifts Product 021
C15335,10007,0.9348259516829028,3,Lighting Product 008
C15335,10031,0.8882051433276031,4,Lighting Product 032
C15335,10015,0.8670664750068817,5,Lighting Product 016
C15335,10035,0.787843834829273,6,Bags & Accessories Product 036
C15335,10013,0.7817727269282672,7,Seasonal Product 014
C15335,10028,0.7790721709827402,8,Gifts Product 029
C15335,10228,0.717696137864754,9,Gifts Product 229
C15335,10047,0.6857534709473271,10,Lighting Product 048
C15336,10027,0.893286413170138,1,Bags & Accessories Product 028
C15336,10035,0.8826434478771381,2,Bags & Accessories Product 036
C15336,10038,0.8480495365355861,3,Party Supplies Product 039
C15336,10028,0.787016364702231,4,Gifts Product 029
C15336,10195,0.694094239093703,5,Bags & Accessories Product 196
C15336,10179,0.6797260736664241,6,Bags & Accessories Product 180
C15336,10015,0.6608299317631137,7,Lighting Product 016
C15336,10166,0.6283831225341047,8,Party Supplies Product 167
C15336,10363,0.6046339221485368,9,Bags & Accessories Product 364
C15336,10115,0.5869986157846896,10,Bags & Accessories Product 116
C15337,10021,0.7103036631478398,1,Seasonal Product 022
C15337,10015,0.6843141711570644,2,Lighting Product 016
C15337,10027,0.661063472939139,3,Bags & Accessories Product 028
C15337,10038,0.5677972871849734,4,Party Supplies Product 039
C15337,10005,0.5579746224526227,5,Seasonal Product 006
C15337,10028,0.5566128650120608,6,Gifts Product 029
C15337,10029,0.5546803465022994,7,Seasonal Product 030
C15337,10016,0.5432835823878367,8,Home Decor Product 017
C15337,10013,0.5405333780348752,9,Seasonal Product 014
C15337,10026,0.5379472844423651,10,Stationery Product 027
C15339,10023,0.9696266224496962,1,Lighting Product 024
C15339,10015,0.9223788752889184,2,Lighting Product 016
C15339,10382,0.9125944648667438,3,Party Supplies Product 383
C15339,10021,0.8394905979821377,4,Seasonal Product 022
C15339,10007,0.8292651280441593,5,Lighting Product 008
C15339,10031,0.8107619776321379,6,Lighting Product 032
C15339,10026,0.7755836846464518,7,Stationery Product 027
C15339,10027,0.7376512638094069,8,Bags & Accessories Product 028
C15339,10295,0.7115957583014142,9,Lighting Product 296
C15339,10035,0.6946465005171075,10,Bags & Accessories Product 036
C15340,10015,0.9750951434398754,1,Lighting Product 016
C15340,10038,0.8927439137643028,2,Party Supplies Product 039
C15340,10021,0.8877120594686185,3,Seasonal Product 022
C15340,10013,0.7578587377629624,4,Seasonal Product 014
C15340,10028,0.6324019692022206,5,Gifts Product 029
C15340,10016,0.5836019370555832,6,Home Decor Product 017
C15340,10029,0.5471574767407269,7,Seasonal Product 030
C15340,10025,0.5292228081606735,8,Kitchenware Product 026
C15340,10036,0.5255349379663016,9,Gifts Product 037
C15340,10023,0.5049998941667976,10,Lighting Product 024
C15341,10021,0.9146131492732104,1,Seasonal Product 022
C15341,10016,0.8952992682326517,2,Home Decor Product 017
C15341,10015,0.8945153938859511,3,Lighting Product 016
C15341,10038,0.8668315378367455,4,Party Supplies Product 039
C15341,10027,0.8640444661841118,5,Bags & Accessories Product 028
C15341,10035,0.8577646267552088,6,Bags & Accessories Product 036
C15341,10025,0.8417349566646652,7,Kitchenware Product 026
C15341,10034,0.8316746161548564,8,Stationery Product 035
C15341,10028,0.8124879891054868,9,Gifts Product 029
C15341,10002,0.8002295067101949,10,Stationery Product 003
C15343,10021,0.9768371525370955,1,Seasonal Product 022
C15343,10013,0.9211366094169837,2,Seasonal Product 014
C15343,10038,0.7785722594240514,3,Party Supplies Product 039
C15343,10015,0.623372002569074,4,Lighting Product 016
C15343,10382,0.6028466784589563,5,Party Supplies Product 383
C15343,10028,0.5401662825311389,6,Gifts Product 029
C15343,10020,0.5291291032847545,7,Gifts Product 021
C15343,10047,0.5144596271800672,8,Lighting Product 048
C15343,10193,0.48639251126402444,9,Kitchenware Product 194
C15343,10029,0.4619225409754901,10,Seasonal Product 030
C15346,10021,0.8242334767515838,1,Seasonal Product 022
C15346,10026,0.7460751310899479,2,Stationery Product 027
C15346,10015,0.7240753136893648,3,Lighting Product 016
C15346,10007,0.6021010199891161,4,Lighting Product 008
C15346,10023,0.5999785208491639,5,Lighting Product 024
C15346,10028,0.569786900571001,6,Gifts Product 029
C15346,10027,0.5199994305049596,7,Bags & Accessories Product 028
C15346,10038,0.5175647439897153,8,Party Supplies Product 039
C15346,10005,0.505597693880366,9,Seasonal Product 006
C15346,10016,0.4993284480743293,10,Home Decor Product 017
C15348,10015,0.9282953030570593,1,Lighting Product 016
C15348,10021,0.7756511210495377,2,Seasonal Product 022
C15348,10016,0.7266670113549658,3,Home Decor Product 017
C15348,10013,0.6133674059488952,4,Seasonal Product 014
C15348,10007,0.6081132766637986,5,Lighting Product 008
C15348,10023,0.5852815656349968,6,Lighting Product 024
C15348,10031,0.580792141403868,7,Lighting Product 032
C15348,10027,0.5701564671637257,8,Bags & Accessories Product 028
C15348,10036,0.5632908416327767,9,Gifts Product 037
C15348,10029,0.5590214456729262,10,Seasonal Product 030
C15351,10021,0.9602857731801614,1,Seasonal Product 022
C15351,10016,0.9383211547464652,2,Home Decor Product 017
C15351,10013,0.8897097447692488,3,Seasonal Product 014
C15351,10029,0.8384523224000928,4,Seasonal Product 030
C15351,10101,0.6276589570233144,5,Seasonal Product 102
C15351,10005,0.6261353055788035,6,Seasonal Product 006
C15351,10023,0.5967678057132422,7,Lighting Product 024
C15351,10007,0.5865368862013854,8,Lighting Product 008
C15351,10015,0.5714920359212712,9,Lighting Product 016
C15351,10036,0.5626077813574618,10,Gifts Product 037
C15356,10038,0.7177152525718878,1,Party Supplies Product 039
C15356,10021,0.6574900054285204,2,Seasonal Product 022
C15356,10015,0.5167652863966146,3,Lighting Product 016
C15356,10007,0.3618602055205972,4,Lighting Product 008
C15356,10029,0.3589092886396048,5,Seasonal Product 030
C15356,10005,0.3543022077787264,6,Seasonal Product 006
C15356,10013,0.33291891204289964,7,Seasonal Product 014
C15356,10016,0.31349542465321656,8,Home Decor Product 017
C15356,10028,0.3117524049054685,9,Gifts Product 029
C15356,10023,0.30618156660450513,10,Lighting Product 024
C15358,10034,0.8753816615023391,1,Stationery Product 035
C15358,10016,0.8452542170838112,2,Home Decor Product 017
C15358,10027,0.8005459886092601,3,Bags & Accessories Product 028
C15358,10026,0.7090030186788056,4,Stationery Product 027
C15358,10021,0.6637818584975239,5,Seasonal Product 022
C15358,10296,0.5850121456890703,6,Home Decor Product 297
C15358,10015,0.5373391411812046,7,Lighting Product 016
C15358,10202,0.4845896796876557,8,Stationery Product 203
C15358,10029,0.45880592750637295,9,Seasonal Product 030
C15358,10368,0.4524632576200975,10,Home Decor Product 369
C15360,10021,0.8510775262795724,1,Seasonal Product 022
C15360,10016,0.7844278280930562,2,Home Decor Product 017
C15360,10025,0.7709977712629136,3,Kitchenware Product 026
C15360,10009,0.68299829047074,4,Kitchenware Product 010
C15360,10013,0.650503977943719,5,Seasonal Product 014
C15360,10015,0.5977333179136655,6,Lighting Product 016
C15360,10028,0.5822178908184901,7,Gifts Product 029
C15360,10337,0.5801015417202438,8,Kitchenware Product 338
C15360,10193,0.5670979611148849,9,Kitchenware Product 194
C15360,10360,0.5589998184700287,10,Home Decor Product 361
C15361,10027,0.9322994916746484,1,Bags & Accessories Product 028
C15361,10035,0.8618125943225761,2,Bags & Accessories Product 036
C15361,10034,0.8350745529218196,3,Stationery Product 035
C15361,10021,0.7184723344731744,4,Seasonal Product 022
C15361,10305,0.6556190811409517,5,Kitchenware Product 306
C15361,10028,0.6515766472127891,6,Gifts Product 029
C15361,10015,0.6139486332929949,7,Lighting Product 016
C15361,10013,0.553121285701725,8,Seasonal Product 014
C15361,10005,0.5502897200112586,9,Seasonal Product 006
C15361,10179,0.5259075162675665,10,Bags & Accessories Product 180
C15362,10015,0.9171360104700366,1,Lighting Product 016
C15362,10028,0.8132688432728947,2,Gifts Product 029
C15362,10021,0.8045394943462195,3,Seasonal Product 022
C15362,10027,0.7367886765923902,4,Bags & Accessories Product 028
C15362,10038,0.7197193345203369,5,Party Supplies Product 039
C15362,10020,0.6904723106597084,6,Gifts Product 021
C15362,10007,0.49941860553271983,7,Lighting Product 008
C15362,10016,0.48583738327487236,8,Home Decor Product 017
C15362,10023,0.48225222170287935,9,Lighting Product 024
C15362,10295,0.461802501093986,10,Lighting Product 296
C15365,10021,0.9146131492732104,1,Seasonal Product 022
C15365,10016,0.8952992682326517,2,Home Decor Product 017
C15365,10015,0.8945153938859511,3,Lighting Product 016
C15365,10038,0.8668315378367455,4,Party Supplies Product 039
C15365,10027,0.8640444661841118,5,Bags & Accessories Product 028
C15365,10035,0.8577646267552088,6,Bags & Accessories Product 036
C15365,10025,0.8417349566646652,7,Kitchenware Product 026
C15365,10034,0.8316746161548564,8,Stationery Product 035
C15365,10028,0.8124879891054868,9,Gifts Product 029
C15365,10002,0.8002295067101949,10,Stationery Product 003
C15367,10016,0.9256603004888393,1,Home Decor Product 017
C15367,10025,0.8105948855238323,2,Kitchenware Product 026
C15367,10021,0.6380266550867872,3,Seasonal Product 022
C15367,10015,0.6092444834570263,4,Lighting Product 016
C15367,10305,0.5220435949098706,5,Kitchenware Product 306
C15367,10027,0.517900941662128,6,Bags & Accessories Product 028
C15367,10009,0.5138942776501876,7,Kitchenware Product 010
C15367,10028,0.49600940241002983,8,Gifts Product 029
C15367,10035,0.4897983936633119,9,Bags & Accessories Product 036
C15367,10034,0.48399084235940004,10,Stationery Product 035
C15374,10028,0.9805956869866818,1,Gifts Product 029
C15374,10038,0.7332607634269297,2,Party Supplies Product 039
C15374,10016,0.7285188222641988,3,Home Decor Product 017
C15374,10036,0.6723520690282621,4,Gifts Product 037
C15374,10021,0.6695030766251006,5,Seasonal Product 022
C15374,10015,0.5003279954997574,6,Lighting Product 016
C15374,10020,0.4992339256789474,7,Gifts Product 021
C15374,10305,0.4941082479542497,8,Kitchenware Product 306
C15374,10007,0.48803086555023534,9,Lighting Product 008
C15374,10009,0.48263660627361854,10,Kitchenware Product 010
C15375,10021,0.993565724340829,1,Seasonal Product 022
C15375,10005,0.8902097408080929,2,Seasonal Product 006
C15375,10029,0.8660387160965928,3,Seasonal Product 030
C15375,10013,0.8652153185672883,4,Seasonal Product 014
C15375,10025,0.7887392900401236,5,Kitchenware Product 026
C15375,10305,0.762897012726744,6,Kitchenware Product 306
C15375,10101,0.7545270700895491,7,Seasonal Product 102
C15375,10153,0.6598153032605935,8,Kitchenware Product 154
C15375,10193,0.6148002078109988,9,Kitchenware Product 194
C15375,10016,0.6142595763976849,10,Home Decor Product 017
C15380,10015,0.7252571634867548,1,Lighting Product 016
C15380,10021,0.7206336756624739,2,Seasonal Product 022
C15380,10009,0.6676181615729335,3,Kitchenware Product 010
C15380,10016,0.5889320451582363,4,Home Decor Product 017
C15380,10028,0.5109261033148542,5,Gifts Product 029
C15380,10153,0.45397456978501166,6,Kitchenware Product 154
C15380,10025,0.4505595578465371,7,Kitchenware Product 026
C15380,10027,0.4392490196458791,8,Bags & Accessories Product 028
C15380,10034,0.4290599127364164,9,Stationery Product 035
C15380,10023,0.4226123115903741,10,Lighting Product 024
C15381,10021,0.7942963433953952,1,Seasonal Product 022
C15381,10027,0.713089178466407,2,Bags & Accessories Product 028
C15381,10028,0.7004463858961275,3,Gifts Product 029
C15381,10026,0.7003632585156379,4,Stationery Product 027
C15381,10029,0.6748878845049381,5,Seasonal Product 030
C15381,10035,0.6715101663621738,6,Bags & Accessories Product 036
C15381,10005,0.6617368605899383,7,Seasonal Product 006
C15381,10036,0.6571330790874395,8,Gifts Product 037
C15381,10013,0.6487940475309465,9,Seasonal Product 014
C15381,10015,0.6443889735414494,10,Lighting Product 016
C15383,10028,0.9848159537140395,1,Gifts Product 029
C15383,10029,0.9631250377251007,2,Seasonal Product 030
C15383,10013,0.9599964202217037,3,Seasonal Product 014
C15383,10021,0.9092459614665122,4,Seasonal Product 022
C15383,10004,0.8511371981337258,5,Gifts Product 005
C15383,10212,0.8253351638245886,6,Gifts Product 213
C15383,10015,0.8065683511665037,7,Lighting Product 016
C15383,10012,0.8027198106831922,8,Gifts Product 013
C15383,10036,0.791771775502915,9,Gifts Product 037
C15383,10026,0.7839537976246082,10,Stationery Product 027
C15384,10035,0.9357145530710009,1,Bags & Accessories Product 036
C15384,10016,0.9346914842772099,2,Home Decor Product 017
C15384,10027,0.7567330827712242,3,Bags & Accessories Product 028
C15384,10360,0.6452596019829482,4,Home Decor Product 361
C15384,10219,0.6411540841611155,5,Bags & Accessories Product 220
C15384,10179,0.6252296348198094,6,Bags & Accessories Product 180
C15384,10021,0.6193870719675811,7,Seasonal Product 022
C15384,10296,0.6133758691162109,8,Home Decor Product 297
C15384,10015,0.5890288431459139,9,Lighting Product 016
C15384,10005,0.5490443589843748,10,Seasonal Product 006
C15386,10021,0.6815526800831501,1,Seasonal Product 022
C15386,10015,0.5304688482436141,2,Lighting Product 016
C15386,10025,0.46110611261757667,3,Kitchenware Product 026
C15386,10035,0.4575029887461029,4,Bags & Accessories Product 036
C15386,10034,0.4504107081248379,5,Stationery Product 035
C15386,10026,0.43938876910143204,6,Stationery Product 027
C15386,10027,0.42713346362835675,7,Bags & Accessories Product 028
C15386,10354,0.42347228645480495,8,Stationery Product 355
C15386,10028,0.4189048562348181,9,Gifts Product 029
C15386,10016,0.41227893851506503,10,Home Decor Product 017
C15388,10027,0.7905466540311993,1,Bags & Accessories Product 028
C15388,10021,0.7672839144273778,2,Seasonal Product 022
C15388,10035,0.7526013771440364,3,Bags & Accessories Product 036
C15388,10028,0.6190890407670284,4,Gifts Product 029
C15388,10038,0.6045932853473349,5,Party Supplies Product 039
C15388,10015,0.5829464277336364,6,Lighting Product 016
C15388,10016,0.5439658574064792,7,Home Decor Product 017
C15388,10013,0.5317378854585859,8,Seasonal Product 014
C15388,10034,0.4888733642306637,9,Stationery Product 035
C15388,10029,0.4781425545657719,10,Seasonal Product 030
C15392,10021,0.8665567936161744,1,Seasonal Product 022
C15392,10038,0.7517058136353234,2,Party Supplies Product 039
C15392,10015,0.740588021340543,3,Lighting Product 016
C15392,10025,0.6701375042082459,4,Kitchenware Product 026
C15392,10028,0.6627830448548135,5,Gifts Product 029
C15392,10027,0.561213019392704,6,Bags & Accessories Product 028
C15392,10382,0.525391895743795,7,Party Supplies Product 383
C15392,10013,0.5051438460752344,8,Seasonal Product 014
C15392,10007,0.45040768554214444,9,Lighting Product 008
C15392,10035,0.44306067998764787,10,Bags & Accessories Product 036
C15393,10028,0.8478685440905204,1,Gifts Product 029
C15393,10034,0.8134570413118174,2,Stationery Product 035
C15393,10036,0.7954333971319862,3,Gifts Product 037
C15393,10026,0.7779683447586354,4,Stationery Product 027
C15393,10020,0.6663017459950168,5,Gifts Product 021
C15393,10228,0.5747340914307277,6,Gifts Product 229
C15393,10244,0.5503020287303143,7,Gifts Product 245
C15393,10021,0.5455887490190899,8,Seasonal Product 022
C15393,10060,0.5378669210004552,9,Gifts Product 061
C15393,10002,0.5307475659264699,10,Stationery Product 003
C15398,10038,0.8867706683021466,1,Party Supplies Product 039
C15398,10016,0.8859533975371668,2,Home Decor Product 017
C15398,10382,0.8314927425663542,3,Party Supplies Product 383
C15398,10166,0.7329295241580043,4,Party Supplies Product 167
C15398,10029,0.6628325374015939,5,Seasonal Product 030
C15398,10238,0.6476931281902274,6,Party Supplies Product 239
C15398,10014,0.6191349812230507,7,Party Supplies Product 015
C15398,10278,0.6161329782153704,8,Party Supplies Product 279
C15398,10027,0.6130839958656977,9,Bags & Accessories Product 028
C15398,10150,0.6063131553045916,10,Party Supplies Product 151
C15399,10026,0.8777012326205345,1,Stationery Product 027
C15399,10023,0.865770021695746,2,Lighting Product 024
C15399,10354,0.8383356089675005,3,Stationery Product 355
C15399,10015,0.8207354768755909,4,Lighting Product 016
C15399,10013,0.8191207437565201,5,Seasonal Product 014
C15399,10202,0.7500744826299546,6,Stationery Product 203
C15399,10034,0.7065074207101539,7,Stationery Product 035
C15399,10021,0.7017162342652487,8,Seasonal Product 022
C15399,10295,0.6837611689557166,9,Lighting Product 296
C15399,10002,0.6628289516829438,10,Stationery Product 003
C15400,10021,0.8970956615302095,1,Seasonal Product 022
C15400,10013,0.7682923003797553,2,Seasonal Product 014
C15400,10015,0.6550210266323969,3,Lighting Product 016
C15400,10031,0.5113074287740262,4,Lighting Product 032
C15400,10028,0.44165815944693176,5,Gifts Product 029
C15400,10038,0.4388410669618138,6,Party Supplies Product 039
C15400,10007,0.4147301418641127,7,Lighting Product 008
C15400,10002,0.40187722621228794,8,Stationery Product 003
C15400,10016,0.367502814248533,9,Home Decor Product 017
C15400,10101,0.36001356916686517,10,Seasonal Product 102
C15403,10016,0.9752188097976415,1,Home Decor Product 017
C15403,10038,0.7629652211907294,2,Party Supplies Product 039
C15403,10021,0.687768331685041,3,Seasonal Product 022
C15403,10296,0.6151135106270353,4,Home Decor Product 297
C15403,10022,0.6137886945643526,5,Party Supplies Product 023
C15403,10015,0.5462809751322959,6,Lighting Product 016
C15403,10392,0.5367359067150789,7,Home Decor Product 393
C15403,10382,0.5329391603018511,8,Party Supplies Product 383
C15403,10360,0.5246433166737561,9,Home Decor Product 361
C15403,10096,0.48862447569281064,10,Home Decor Product 097
C15406,10021,0.7017639475867204,1,Seasonal Product 022
C15406,10015,0.6493322574595817,2,Lighting Product 016
C15406,10278,0.5338163407556048,3,Party Supplies Product 279
C15406,10023,0.5242752674867299,4,Lighting Product 024
C15406,10028,0.5085553852170778,5,Gifts Product 029
C15406,10016,0.4975976339460526,6,Home Decor Product 017
C15406,10038,0.4487587754518156,7,Party Supplies Product 039
C15406,10027,0.4188752038776069,8,Bags & Accessories Product 028
C15406,10034,0.3947324983009196,9,Stationery Product 035
C15406,10007,0.35953095725067347,10,Lighting Product 008
C15412,10025,0.8189436859535232,1,Kitchenware Product 026
C15412,10038,0.7388205423694151,2,Party Supplies Product 039
C15412,10036,0.5420214982009299,3,Gifts Product 037
C15412,10021,0.5118771690172477,4,Seasonal Product 022
C15412,10002,0.4563282226290342,5,Stationery Product 003
C15412,10022,0.4081069290015382,6,Party Supplies Product 023
C15412,10217,0.40225541943819804,7,Kitchenware Product 218
C15412,10354,0.39350441150594323,8,Stationery Product 355
C15412,10028,0.3678325819182447,9,Gifts Product 029
C15412,10240,0.3499033771641077,10,Home Decor Product 241
C15415,10038,0.8339595382917493,1,Party Supplies Product 039
C15415,10027,0.8147403898769588,2,Bags & Accessories Product 028
C15415,10035,0.7996753351557185,3,Bags & Accessories Product 036
C15415,10021,0.754853158984368,4,Seasonal Product 022
C15415,10031,0.574658679294579,5,Lighting Product 032
C15415,10029,0.5340827356117652,6,Seasonal Product 030
C15415,10015,0.5235614369423539,7,Lighting Product 016
C15415,10013,0.5131033486390606,8,Seasonal Product 014
C15415,10036,0.5073820741372833,9,Gifts Product 037
C15415,10005,0.49976067477206576,10,Seasonal Product 006
C15416,10028,0.8100585640321722,1,Gifts Product 029
C15416,10021,0.5112110754047152,2,Seasonal Product 022
C15416,10012,0.44627291091940124,3,Gifts Product 013
C15416,10015,0.44556012438476944,4,Lighting Product 016
C15416,10025,0.4346427106022196,5,Kitchenware Product 026
C15416,10212,0.4090949002601008,6,Gifts Product 213
C15416,10005,0.395971619793322,7,Seasonal Product 006
C15416,10035,0.3426314336204786,8,Bags & Accessories Product 036
C15416,10020,0.32132775163673527,9,Gifts Product 021
C15416,10026,0.3169219798406955,10,Stationery Product 027
C15417,10021,0.9153537003325711,1,Seasonal Product 022
C15417,10035,0.8896919948100844,2,Bags & Accessories Product 036
C15417,10027,0.8545258049588634,3,Bags & Accessories Product 028
C15417,10013,0.7178359726549608,4,Seasonal Product 014
C15417,10020,0.6581480644535237,5,Gifts Product 021
C15417,10026,0.6291540903445877,6,Stationery Product 027
C15417,10005,0.6148717377762417,7,Seasonal Product 006
C15417,10211,0.5174780555857562,8,Bags & Accessories Product 212
C15417,10023,0.48937760185314516,9,Lighting Product 024
C15417,10001,0.4779086028137977,10,Kitchenware Product 002
C15418,10021,0.9232426178239818,1,Seasonal Product 022
C15418,10013,0.7083523855854479,2,Seasonal Product 014
C15418,10029,0.6666473882118169,3,Seasonal Product 030
C15418,10015,0.6429568431246931,4,Lighting Product 016
C15418,10002,0.6372969924480776,5,Stationery Product 003
C15418,10027,0.6234884992156456,6,Bags & Accessories Product 028
C15418,10034,0.6157232889736739,7,Stationery Product 035
C15418,10009,0.5781721303643097,8,Kitchenware Product 010
C15418,10028,0.5508763737252502,9,Gifts Product 029
C15418,10065,0.50855469453279,10,Kitchenware Product 066
C15419,10021,0.9146131492732104,1,Seasonal Product 022
C15419,10016,0.8952992682326517,2,Home Decor Product 017
C15419,10015,0.8945153938859511,3,Lighting Product 016
C15419,10038,0.8668315378367455,4,Party Supplies Product 039
C15419,10027,0.8640444661841118,5,Bags & Accessories Product 028
C15419,10035,0.8577646267552088,6,Bags & Accessories Product 036
C15419,10025,0.8417349566646652,7,Kitchenware Product 026
C15419,10034,0.8316746161548564,8,Stationery Product 035
C15419,10028,0.8124879891054868,9,Gifts Product 029
C15419,10002,0.8002295067101949,10,Stationery Product 003
C15420,10038,0.7322986623402071,1,Party Supplies Product 039
C15420,10013,0.6313271316289125,2,Seasonal Product 014
C15420,10021,0.612175482935684,3,Seasonal Product 022
C15420,10015,0.5635767856676315,4,Lighting Product 016
C15420,10278,0.5180049742652649,5,Party Supplies Product 279
C15420,10035,0.4946687962089047,6,Bags & Accessories Product 036
C15420,10007,0.47267826273712593,7,Lighting Product 008
C15420,10040,0.4455976082868519,8,Home Decor Product 041
C15420,10029,0.4130364912656441,9,Seasonal Product 030
C15420,10028,0.4063390574631214,10,Gifts Product 029
C15422,10028,0.9447447927173518,1,Gifts Product 029
C15422,10016,0.9438806838561116,2,Home Decor Product 017
C15422,10036,0.8650176448542438,3,Gifts Product 037
C15422,10027,0.7960907618970499,4,Bags & Accessories Product 028
C15422,10020,0.7835258521243526,5,Gifts Product 021
C15422,10021,0.7623968576960238,6,Seasonal Product 022
C15422,10340,0.7226078683885052,7,Gifts Product 341
C15422,10004,0.7205573315430565,8,Gifts Product 005
C15422,10012,0.7153891381030533,9,Gifts Product 013
C15422,10316,0.707274432091759,10,Gifts Product 317
C15423,10016,0.8948183612082651,1,Home Decor Product 017
C15423,10021,0.6363036446135646,2,Seasonal Product 022
C15423,10015,0.6089461697133967,3,Lighting Product 016
C15423,10038,0.5426484862726748,4,Party Supplies Product 039
C15423,10022,0.4816145469327059,5,Party Supplies Product 023
C15423,10007,0.4230167891182171,6,Lighting Product 008
C15423,10028,0.4228348864612731,7,Gifts Product 029
C15423,10034,0.40793080602254417,8,Stationery Product 035
C15423,10392,0.4071647897615871,9,Home Decor Product 393
C15423,10027,0.4015543692630081,10,Bags & Accessories Product 028
C15424,10021,0.8277487080519973,1,Seasonal Product 022
C15424,10038,0.7563298323210546,2,Party Supplies Product 039
C15424,10025,0.7422029994333672,3,Kitchenware Product 026
C15424,10382,0.718003762984825,4,Party Supplies Product 383
C15424,10027,0.6534101144335315,5,Bags & Accessories Product 028
C15424,10153,0.619167965295676,6,Kitchenware Product 154
C15424,10193,0.501020818936478,7,Kitchenware Product 194
C15424,10033,0.4635425464044303,8,Kitchenware Product 034
C15424,10065,0.4586052236242823,9,Kitchenware Product 066
C15424,10217,0.45628629757885447,10,Kitchenware Product 218
C15426,10038,0.7853383716873987,1,Party Supplies Product 039
C15426,10021,0.7598565111610744,2,Seasonal Product 022
C15426,10013,0.6830527153892733,3,Seasonal Product 014
C15426,10015,0.5245523768509537,4,Lighting Product 016
C15426,10028,0.46952079977966243,5,Gifts Product 029
C15426,10022,0.4678429163373669,6,Party Supplies Product 023
C15426,10382,0.46281087340457183,7,Party Supplies Product 383
C15426,10029,0.44410369251004844,8,Seasonal Product 030
C15426,10005,0.4412567891360095,9,Seasonal Product 006
C15426,10007,0.44055343670259134,10,Lighting Product 008
C15429,10021,0.9738567871211911,1,Seasonal Product 022
C15429,10028,0.8464951925065862,2,Gifts Product 029
C15429,10029,0.6693759647772669,3,Seasonal Product 030
C15429,10013,0.652256081101978,4,Seasonal Product 014
C15429,10015,0.613868920123428,5,Lighting Product 016
C15429,10305,0.568369073362157,6,Kitchenware Product 306
C15429,10060,0.5607389496384507,7,Gifts Product 061
C15429,10156,0.5534947094781961,8,Gifts Product 157
C15429,10244,0.49588521403297536,9,Gifts Product 245
C15429,10027,0.4641766589837419,10,Bags & Accessories Product 028
C15431,10021,0.9838026550565009,1,Seasonal Product 022
C15431,10015,0.9726817708003254,2,Lighting Product 016
C15431,10007,0.9108678340041465,3,Lighting Product 008
C15431,10029,0.8171247714828335,4,Seasonal Product 030
C15431,10013,0.807084121660504,5,Seasonal Product 014
C15431,10023,0.7858040746257842,6,Lighting Product 024
C15431,10101,0.7257196427681704,7,Seasonal Product 102
C15431,10005,0.6834658774446287,8,Seasonal Product 006
C15431,10305,0.676040166593641,9,Kitchenware Product 306
C15431,10016,0.644702547989548,10,Home Decor Product 017
C15432,10027,0.7378662008779163,1,Bags & Accessories Product 028
C15432,10015,0.7077367519525356,2,Lighting Product 016
C15432,10021,0.6309015286304649,3,Seasonal Product 022
C15432,10025,0.5727326655874795,4,Kitchenware Product 026
C15432,10023,0.5655563568832521,5,Lighting Product 024
C15432,10013,0.546796846955926,6,Seasonal Product 014
C15432,10038,0.5023501386254002,7,Party Supplies Product 039
C15432,10028,0.5014599153238797,8,Gifts Product 029
C15432,10016,0.5008330249264082,9,Home Decor Product 017
C15432,10305,0.49685655965652975,10,Kitchenware Product 306
C15433,10016,0.9227732240895089,1,Home Decor Product 017
C15433,10028,0.7697922209726373,2,Gifts Product 029
C15433,10026,0.6035354108991902,3,Stationery Product 027
C15433,10021,0.5855919880537612,4,Seasonal Product 022
C15433,10012,0.49191836892748664,5,Gifts Product 013
C15433,10036,0.4619779405225724,6,Gifts Product 037
C15433,10200,0.4117012604783879,7,Home Decor Product 201
C15433,10192,0.3917784869108905,8,Home Decor Product 193
C15433,10368,0.389829923670135,9,Home Decor Product 369
C15433,10015,0.372166668892333,10,Lighting Product 016
C15439,10016,0.9096434740265246,1,Home Decor Product 017
C15439,10021,0.8351605624640951,2,Seasonal Product 022
C15439,10382,0.8114326612651532,3,Party Supplies Product 383
C15439,10038,0.7679750746373444,4,Party Supplies Product 039
C15439,10015,0.752392030803422,5,Lighting Product 016
C15439,10278,0.7165521492531352,6,Party Supplies Product 279
C15439,10005,0.6911325172660623,7,Seasonal Product 006
C15439,10305,0.6765433451612705,8,Kitchenware Product 306
C15439,10007,0.5786851300509738,9,Lighting Product 008
C15439,10022,0.5728721572046228,10,Party Supplies Product 023
C15443,10021,0.7421659193826431,1,Seasonal Product 022
C15443,10035,0.5953716402548058,2,Bags & Accessories Product 036
C15443,10015,0.5555120970118923,3,Lighting Product 016
C15443,10027,0.5412282135861207,4,Bags & Accessories Product 028
C15443,10028,0.4449555140188327,5,Gifts Product 029
C15443,10016,0.4026236021859902,6,Home Decor Product 017
C15443,10038,0.3825540974468508,7,Party Supplies Product 039
C15443,10034,0.3728028374393635,8,Stationery Product 035
C15443,10026,0.36400848411276804,9,Stationery Product 027
C15443,10013,0.3435422947134174,10,Seasonal Product 014
C15445,10021,0.8162987988099959,1,Seasonal Product 022
C15445,10025,0.7406521589960523,2,Kitchenware Product 026
C15445,10009,0.6156100551681756,3,Kitchenware Product 010
C15445,10013,0.5755086997699486,4,Seasonal Product 014
C15445,10029,0.4874186041061269,5,Seasonal Product 030
C15445,10002,0.46964359533548966,6,Stationery Product 003
C15445,10193,0.4379418624350094,7,Kitchenware Product 194
C15445,10028,0.4368907201306997,8,Gifts Product 029
C15445,10305,0.3893361649228812,9,Kitchenware Product 306
C15445,10015,0.38911533637273776,10,Lighting Product 016
C15450,10015,0.7563942247789778,1,Lighting Product 016
C15450,10025,0.6783181552462968,2,Kitchenware Product 026
C15450,10021,0.6376455545190182,3,Seasonal Product 022
C15450,10007,0.620685184982944,4,Lighting Product 008
C15450,10031,0.5822911528359241,5,Lighting Product 032
C15450,10023,0.5689120310980065,6,Lighting Product 024
C15450,10016,0.5645485066216149,7,Home Decor Product 017
C15450,10013,0.55244372637173,8,Seasonal Product 014
C15450,10027,0.5414823182867935,9,Bags & Accessories Product 028
C15450,10028,0.5205389004060611,10,Gifts Product 029
C15451,10035,0.895749845805084,1,Bags & Accessories Product 036
C15451,10027,0.8812247020453985,2,Bags & Accessories Product 028
C15451,10025,0.8713923024066496,3,Kitchenware Product 026
C15451,10021,0.7786714529020939,4,Seasonal Product 022
C15451,10009,0.7337820700471457,5,Kitchenware Product 010
C15451,10195,0.5998909821358923,6,Bags & Accessories Product 196
C15451,10028,0.5463646343436372,7,Gifts Product 029
C15451,10020,0.5445264834858364,8,Gifts Product 021
C15451,10015,0.5407362978251672,9,Lighting Product 016
C15451,10217,0.5084018451939498,10,Kitchenware Product 218
C15453,10016,0.9075039731593276,1,Home Decor Product 017
C15453,10015,0.7436672047212132,2,Lighting Product 016
C15453,10305,0.6649835286162478,3,Kitchenware Product 306
C15453,10023,0.653852347320765,4,Lighting Product 024
C15453,10021,0.6027548764971831,5,Seasonal Product 022
C15453,10028,0.5379007373287369,6,Gifts Product 029
C15453,10007,0.5041678095782852,7,Lighting Product 008
C15453,10035,0.4340318557505027,8,Bags & Accessories Product 036
C15453,10024,0.41193352919015047,9,Home Decor Product 025
C15453,10032,0.40653775491338506,10,Home Decor Product 033
C15455,10025,0.8010003862656258,1,Kitchenware Product 026
C15455,10021,0.6741702446758473,2,Seasonal Product 022
C15455,10035,0.6284139638118486,3,Bags & Accessories Product 036
C15455,10038,0.5779859228101809,4,Party Supplies Product 039
C15455,10020,0.559834989511521,5,Gifts Product 021
C15455,10305,0.5522308971348234,6,Kitchenware Product 306
C15455,10036,0.5333712433924074,7,Gifts Product 037
C15455,10013,0.5289387826239869,8,Seasonal Product 014
C15455,10027,0.5259045454034269,9,Bags & Accessories Product 028
C15455,10015,0.5178643362840321,10,Lighting Product 016
C15456,10028,0.8918595894177858,1,Gifts Product 029
C15456,10026,0.8030924179171471,2,Stationery Product 027
C15456,10021,0.7969113954098365,3,Seasonal Product 022
C15456,10013,0.707691654578948,4,Seasonal Product 014
C15456,10034,0.702178464400533,5,Stationery Product 035
C15456,10025,0.5679950827443655,6,Kitchenware Product 026
C15456,10002,0.5666567222005505,7,Stationery Product 003
C15456,10015,0.5438541510118164,8,Lighting Product 016
C15456,10029,0.525625497309007,9,Seasonal Product 030
C15456,10027,0.5115055311392047,10,Bags & Accessories Product 028
C15457,10021,0.9146131492732104,1,Seasonal Product 022
C15457,10016,0.8952992682326517,2,Home Decor Product 017
C15457,10015,0.8945153938859511,3,Lighting Product 016
C15457,10038,0.8668315378367455,4,Party Supplies Product 039
C15457,10027,0.8640444661841118,5,Bags & Accessories Product 028
C15457,10035,0.8577646267552088,6,Bags & Accessories Product 036
C15457,10025,0.8417349566646652,7,Kitchenware Product 026
C15457,10034,0.8316746161548564,8,Stationery Product 035
C15457,10028,0.8124879891054868,9,Gifts Product 029
C15457,10002,0.8002295067101949,10,Stationery Product 003
C15458,10027,0.6697855143689405,1,Bags & Accessories Product 028
C15458,10021,0.6673357641688467,2,Seasonal Product 022
C15458,10035,0.6112936507085094,3,Bags & Accessories Product 036
C15458,10015,0.5778306836555046,4,Lighting Product 016
C15458,10020,0.5098854018858557,5,Gifts Product 021
C15458,10028,0.4500933510624777,6,Gifts Product 029
C15458,10016,0.4341752550798133,7,Home Decor Product 017
C15458,10013,0.4159838740061242,8,Seasonal Product 014
C15458,10038,0.4042054090097706,9,Party Supplies Product 039
C15458,10034,0.40343581772944925,10,Stationery Product 035
C15466,10021,0.8323605875284573,1,Seasonal Product 022
C15466,10035,0.6581427325760755,2,Bags & Accessories Product 036
C15466,10027,0.6575436063603158,3,Bags & Accessories Product 028
C15466,10015,0.6509145468590716,4,Lighting Product 016
C15466,10005,0.6053787247424954,5,Seasonal Product 006
C15466,10023,0.5987923301503092,6,Lighting Product 024
C15466,10007,0.598633168031447,7,Lighting Product 008
C15466,10026,0.5969335180038117,8,Stationery Product 027
C15466,10029,0.5958232945781239,9,Seasonal Product 030
C15466,10036,0.5947365961454275,10,Gifts Product 037
C15468,10002,0.7854096623776013,1,Stationery Product 003
C15468,10034,0.6783651566650184,2,Stationery Product 035
C15468,10021,0.6619122500427043,3,Seasonal Product 022
C15468,10026,0.6384833161595952,4,Stationery Product 027
C15468,10354,0.5923473579343536,5,Stationery Product 355
C15468,10025,0.495550822408124,6,Kitchenware Product 026
C15468,10005,0.4810719560054284,7,Seasonal Product 006
C15468,10007,0.4175612472268351,8,Lighting Product 008
C15468,10038,0.40761731490618147,9,Party Supplies Product 039
C15468,10023,0.40678039110060893,10,Lighting Product 024
C15469,10034,0.8225693445450881,1,Stationery Product 035
C15469,10026,0.8057935705749235,2,Stationery Product 027
C15469,10015,0.6490302467565162,3,Lighting Product 016
C15469,10202,0.6231013710148932,4,Stationery Product 203
C15469,10021,0.5930752828235953,5,Seasonal Product 022
C15469,10002,0.5612757598555186,6,Stationery Product 003
C15469,10305,0.5190025620500154,7,Kitchenware Product 306
C15469,10023,0.5157345957831805,8,Lighting Product 024
C15469,10378,0.4862584421781015,9,Stationery Product 379
C15469,10007,0.4783276287845318,10,Lighting Product 008
C15474,10026,0.9011373878647068,1,Stationery Product 027
C15474,10305,0.6703958028441325,2,Kitchenware Product 306
C15474,10009,0.6070617598972321,3,Kitchenware Product 010
C15474,10354,0.5003995465010892,4,Stationery Product 355
C15474,10153,0.5001319362323666,5,Kitchenware Product 154
C15474,10209,0.468182564651759,6,Kitchenware Product 210
C15474,10202,0.43916323890179354,7,Stationery Product 203
C15474,10025,0.4124962723737621,8,Kitchenware Product 026
C15474,10034,0.40751584817883874,9,Stationery Product 035
C15474,10035,0.3824050175000636,10,Bags & Accessories Product 036
C15475,10021,0.8718537919465761,1,Seasonal Product 022
C15475,10028,0.7848509622906441,2,Gifts Product 029
C15475,10036,0.668539395457473,3,Gifts Product 037
C15475,10005,0.6166315965744849,4,Seasonal Product 006
C15475,10029,0.5568528202212426,5,Seasonal Product 030
C15475,10025,0.5223108629981813,6,Kitchenware Product 026
C15475,10228,0.4967319042082232,7,Gifts Product 229
C15475,10015,0.4850464863310352,8,Lighting Product 016
C15475,10016,0.4210230089234287,9,Home Decor Product 017
C15475,10002,0.41683322405142054,10,Stationery Product 003
C15482,10009,0.7543373990148132,1,Kitchenware Product 010
C15482,10028,0.7321629350237214,2,Gifts Product 029
C15482,10036,0.6355998678286899,3,Gifts Product 037
C15482,10305,0.6347285789586941,4,Kitchenware Product 306
C15482,10020,0.6306740129154763,5,Gifts Product 021
C15482,10005,0.5407073695229859,6,Seasonal Product 006
C15482,10228,0.5000244290281247,7,Gifts Product 229
C15482,10015,0.4805810922755054,8,Lighting Product 016
C15482,10212,0.4386693771834262,9,Gifts Product 213
C15482,10029,0.438541895493483,10,Seasonal Product 030
C15487,10027,0.8911379878446606,1,Bags & Accessories Product 028
C15487,10035,0.8603780138205647,2,Bags & Accessories Product 036
C15487,10028,0.8550547231719584,3,Gifts Product 029
C15487,10020,0.838927616755919,4,Gifts Product 021
C15487,10036,0.78895793814356,5,Gifts Product 037
C15487,10021,0.7750794985255581,6,Seasonal Product 022
C15487,10012,0.757379495317544,7,Gifts Product 013
C15487,10004,0.6790448608934055,8,Gifts Product 005
C15487,10316,0.6789192466613738,9,Gifts Product 317
C15487,10116,0.6580536123322752,10,Gifts Product 117
C15490,10021,0.7568368301409456,1,Seasonal Product 022
C15490,10034,0.7174593979197501,2,Stationery Product 035
C15490,10015,0.632053207477809,3,Lighting Product 016
C15490,10278,0.5024677154095695,4,Party Supplies Product 279
C15490,10028,0.4796967247274866,5,Gifts Product 029
C15490,10027,0.4178563096575886,6,Bags & Accessories Product 028
C15490,10038,0.40003287896789574,7,Party Supplies Product 039
C15490,10013,0.39824190204489973,8,Seasonal Product 014
C15490,10016,0.38977940969542246,9,Home Decor Product 017
C15490,10035,0.3766322221194854,10,Bags & Accessories Product 036
C15492,10013,0.9094790266426649,1,Seasonal Product 014
C15492,10029,0.8809125254374269,2,Seasonal Product 030
C15492,10005,0.8596589556487576,3,Seasonal Product 006
C15492,10015,0.8361714002850861,4,Lighting Product 016
C15492,10023,0.7963787005838049,5,Lighting Product 024
C15492,10021,0.7912295042286849,6,Seasonal Product 022
C15492,10007,0.7636471495421618,7,Lighting Product 008
C15492,10028,0.7388180261946098,8,Gifts Product 029
C15492,10031,0.7372377566929255,9,Lighting Product 032
C15492,10305,0.6815856746999187,10,Kitchenware Product 306
C15493,10028,0.9737666905286659,1,Gifts Product 029
C15493,10021,0.8638388193820089,2,Seasonal Product 022
C15493,10023,0.8350119870410182,3,Lighting Product 024
C15493,10015,0.8315459870854162,4,Lighting Product 016
C15493,10020,0.828003231917278,5,Gifts Product 021
C15493,10007,0.8179370523012973,6,Lighting Product 008
C15493,10156,0.78261875335882,7,Gifts Product 157
C15493,10036,0.7743447016502919,8,Gifts Product 037
C15493,10012,0.7700888650390981,9,Gifts Product 013
C15493,10340,0.7578556498515878,10,Gifts Product 341
C15495,10028,0.754904302086807,1,Gifts Product 029
C15495,10020,0.5755189547271327,2,Gifts Product 021
C15495,10015,0.5695813885979386,3,Lighting Product 016
C15495,10295,0.5276063657217407,4,Lighting Product 296
C15495,10034,0.47862198003569634,5,Stationery Product 035
C15495,10359,0.4400682439378574,6,Lighting Product 360
C15495,10026,0.42825274051016,7,Stationery Product 027
C15495,10005,0.4137816369977042,8,Seasonal Product 006
C15495,10016,0.41353515207099584,9,Home Decor Product 017
C15495,10027,0.4124662435026496,10,Bags & Accessories Product 028
C15496,10028,0.9778903400864734,1,Gifts Product 029
C15496,10036,0.9290366139925724,2,Gifts Product 037
C15496,10021,0.7907908333004398,3,Seasonal Product 022
C15496,10009,0.7629850583754512,4,Kitchenware Product 010
C15496,10020,0.7574317602463595,5,Gifts Product 021
C15496,10015,0.7434072765094064,6,Lighting Product 016
C15496,10305,0.6933412903000779,7,Kitchenware Product 306
C15496,10268,0.6864469834267889,8,Gifts Product 269
C15496,10004,0.6773912486784429,9,Gifts Product 005
C15496,10164,0.6686517459089721,10,Gifts Product 165
C15498,10021,0.9146131492732104,1,Seasonal Product 022
C15498,10016,0.8952992682326517,2,Home Decor Product 017
C15498,10015,0.8945153938859511,3,Lighting Product 016
C15498,10038,0.8668315378367455,4,Party Supplies Product 039
C15498,10027,0.8640444661841118,5,Bags & Accessories Product 028
C15498,10035,0.8577646267552088,6,Bags & Accessories Product 036
C15498,10025,0.8417349566646652,7,Kitchenware Product 026
C15498,10034,0.8316746161548564,8,Stationery Product 035
C15498,10028,0.8124879891054868,9,Gifts Product 029
C15498,10002,0.8002295067101949,10,Stationery Product 003
C15500,10015,0.8657164589461106,1,Lighting Product 016
C15500,10026,0.7099555548642252,2,Stationery Product 027
C15500,10354,0.679961187035206,3,Stationery Product 355
C15500,10023,0.5766877184011909,4,Lighting Product 024
C15500,10025,0.4842372317595009,5,Kitchenware Product 026
C15500,10021,0.4377455848491438,6,Seasonal Product 022
C15500,10036,0.4060016430171271,7,Gifts Product 037
C15500,10009,0.3729218809732172,8,Kitchenware Product 010
C15500,10202,0.3719250913478959,9,Stationery Product 203
C15500,10020,0.37079034806749944,10,Gifts Product 021
C15501,10027,0.8566804522505189,1,Bags & Accessories Product 028
C15501,10035,0.8272764496454479,2,Bags & Accessories Product 036
C15501,10026,0.8059611119581266,3,Stationery Product 027
C15501,10034,0.7978833177367309,4,Stationery Product 035
C15501,10202,0.791203513073024,5,Stationery Product 203
C15501,10007,0.7639071855590942,6,Lighting Product 008
C15501,10015,0.7605773137185817,7,Lighting Product 016
C15501,10021,0.7180265185198507,8,Seasonal Product 022
C15501,10038,0.6425984804578827,9,Party Supplies Product 039
C15501,10354,0.6350031700798097,10,Stationery Product 355
C15503,10007,0.5510025104497456,1,Lighting Product 008
C15503,10023,0.5402283131813203,2,Lighting Product 024
C15503,10021,0.5337360965452185,3,Seasonal Product 022
C15503,10013,0.5051312155860388,4,Seasonal Product 014
C15503,10025,0.5029925245907151,5,Kitchenware Product 026
C15503,10005,0.4952095506550798,6,Seasonal Product 006
C15503,10026,0.49513415302617203,7,Stationery Product 027
C15503,10038,0.4793581550888861,8,Party Supplies Product 039
C15503,10031,0.4723701245747484,9,Lighting Product 032
C15503,10382,0.4700045945463289,10,Party Supplies Product 383
C15504,10021,0.9146131492732104,1,Seasonal Product 022
C15504,10016,0.8952992682326517,2,Home Decor Product 017
C15504,10015,0.8945153938859511,3,Lighting Product 016
C15504,10038,0.8668315378367455,4,Party Supplies Product 039
C15504,10027,0.8640444661841118,5,Bags & Accessories Product 028
C15504,10035,0.8577646267552088,6,Bags & Accessories Product 036
C15504,10025,0.8417349566646652,7,Kitchenware Product 026
C15504,10034,0.8316746161548564,8,Stationery Product 035
C15504,10028,0.8124879891054868,9,Gifts Product 029
C15504,10002,0.8002295067101949,10,Stationery Product 003
C15506,10015,0.8920906146583533,1,Lighting Product 016
C15506,10021,0.8747120082294223,2,Seasonal Product 022
C15506,10034,0.7515416298525182,3,Stationery Product 035
C15506,10027,0.7165091721326433,4,Bags & Accessories Product 028
C15506,10023,0.6629156783488699,5,Lighting Product 024
C15506,10179,0.5589010286053144,6,Bags & Accessories Product 180
C15506,10028,0.5581917093581394,7,Gifts Product 029
C15506,10016,0.5323348824337796,8,Home Decor Product 017
C15506,10007,0.528285497085679,9,Lighting Product 008
C15506,10013,0.522289728796985,10,Seasonal Product 014
C15510,10028,0.8774064890307856,1,Gifts Product 029
C15510,10021,0.7583870891529962,2,Seasonal Product 022
C15510,10015,0.6764331571092348,3,Lighting Product 016
C15510,10016,0.5313399808250009,4,Home Decor Product 017
C15510,10027,0.5078284120039332,5,Bags & Accessories Product 028
C15510,10013,0.4725366100380818,6,Seasonal Product 014
C15510,10035,0.45579572417165337,7,Bags & Accessories Product 036
C15510,10038,0.43249098560185456,8,Party Supplies Product 039
C15510,10007,0.40955090481655654,9,Lighting Product 008
C15510,10034,0.3843933459678632,10,Stationery Product 035
C15511,10026,0.8782702052279077,1,Stationery Product 027
C15511,10007,0.822689354307083,2,Lighting Product 008
C15511,10021,0.7892266682077261,3,Seasonal Product 022
C15511,10034,0.7150078889445802,4,Stationery Product 035
C15511,10015,0.6310912458679263,5,Lighting Product 016
C15511,10016,0.5923957703726482,6,Home Decor Product 017
C15511,10028,0.5704508447920389,7,Gifts Product 029
C15511,10002,0.5142395282977471,8,Stationery Product 003
C15511,10013,0.4851846394057453,9,Seasonal Product 014
C15511,10025,0.48368106284782947,10,Kitchenware Product 026
C15515,10026,0.8833542713071529,1,Stationery Product 027
C15515,10028,0.7977396672614928,2,Gifts Product 029
C15515,10034,0.7507256382784374,3,Stationery Product 035
C15515,10021,0.6682255479088894,4,Seasonal Product 022
C15515,10002,0.5376177991074167,5,Stationery Product 003
C15515,10009,0.5195713594772416,6,Kitchenware Product 010
C15515,10025,0.5190705287619163,7,Kitchenware Product 026
C15515,10305,0.5133169422624484,8,Kitchenware Product 306
C15515,10378,0.507938163774891,9,Stationery Product 379
C15515,10036,0.4959944708617376,10,Gifts Product 037
C15517,10021,0.7751246084219648,1,Seasonal Product 022
C15517,10028,0.7667981148649686,2,Gifts Product 029
C15517,10015,0.6841034801491643,3,Lighting Product 016
C15517,10016,0.6837068349463348,4,Home Decor Product 017
C15517,10013,0.6787752495473153,5,Seasonal Product 014
C15517,10027,0.6726378948796998,6,Bags & Accessories Product 028
C15517,10035,0.6571864718978163,7,Bags & Accessories Product 036
C15517,10038,0.594272799980192,8,Party Supplies Product 039
C15517,10026,0.5814563841081425,9,Stationery Product 027
C15517,10034,0.5490987644440858,10,Stationery Product 035
C15518,10021,0.6882078613953176,1,Seasonal Product 022
C15518,10028,0.6773963966251011,2,Gifts Product 029
C15518,10016,0.6759819171455534,3,Home Decor Product 017
C15518,10027,0.655575508657129,4,Bags & Accessories Product 028
C15518,10038,0.6196027091475891,5,Party Supplies Product 039
C15518,10025,0.5961401616464234,6,Kitchenware Product 026
C15518,10015,0.5956117151928548,7,Lighting Product 016
C15518,10035,0.5954014041718659,8,Bags & Accessories Product 036
C15518,10026,0.5885797181388112,9,Stationery Product 027
C15518,10034,0.5881526539168344,10,Stationery Product 035
C15519,10034,0.7944278368694438,1,Stationery Product 035
C15519,10026,0.693978172918292,2,Stationery Product 027
C15519,10025,0.6844034926467711,3,Kitchenware Product 026
C15519,10305,0.5006374130039223,4,Kitchenware Product 306
C15519,10240,0.3965836272299843,5,Home Decor Product 241
C15519,10021,0.3795830544451652,6,Seasonal Product 022
C15519,10368,0.3682736647571124,7,Home Decor Product 369
C15519,10065,0.3679074705126464,8,Kitchenware Product 066
C15519,10023,0.3589000880181291,9,Lighting Product 024
C15519,10007,0.35557398089911874,10,Lighting Product 008
C15521,10021,0.7998890718420469,1,Seasonal Product 022
C15521,10038,0.7775938682607126,2,Party Supplies Product 039
C15521,10015,0.6749588498105585,3,Lighting Product 016
C15521,10029,0.5660518455832485,4,Seasonal Product 030
C15521,10016,0.5604835050644521,5,Home Decor Product 017
C15521,10028,0.5524775168690491,6,Gifts Product 029
C15521,10027,0.5298789856026056,7,Bags & Accessories Product 028
C15521,10034,0.4857115297522814,8,Stationery Product 035
C15521,10025,0.4539864470479348,9,Kitchenware Product 026
C15521,10026,0.43776361020157195,10,Stationery Product 027
C15524,10016,0.7610596619908062,1,Home Decor Product 017
C15524,10021,0.7428165292050188,2,Seasonal Product 022
C15524,10015,0.6513260417618352,3,Lighting Product 016
C15524,10028,0.5561901472551571,4,Gifts Product 029
C15524,10027,0.5195110402328044,5,Bags & Accessories Product 028
C15524,10034,0.49054843512824686,6,Stationery Product 035
C15524,10038,0.4867047572971338,7,Party Supplies Product 039
C15524,10035,0.45550286257842854,8,Bags & Accessories Product 036
C15524,10013,0.4379322839299018,9,Seasonal Product 014
C15524,10007,0.41769967060083163,10,Lighting Product 008
C15527,10016,0.8941583681387639,1,Home Decor Product 017
C15527,10021,0.8330374466788574,2,Seasonal Product 022
C15527,10015,0.6834054317919548,3,Lighting Product 016
C15527,10028,0.5303059452634692,4,Gifts Product 029
C15527,10038,0.5063195104956602,5,Party Supplies Product 039
C15527,10027,0.5035543486926807,6,Bags & Accessories Product 028
C15527,10034,0.4630035203708571,7,Stationery Product 035
C15527,10296,0.43422980074393003,8,Home Decor Product 297
C15527,10192,0.41069146283327207,9,Home Decor Product 193
C15527,10026,0.4007233248115983,10,Stationery Product 027
C15528,10026,0.9174411710875995,1,Stationery Product 027
C15528,10015,0.8860212200252352,2,Lighting Product 016
C15528,10021,0.864879157239022,3,Seasonal Product 022
C15528,10027,0.7310223041267228,4,Bags & Accessories Product 028
C15528,10354,0.7040796963467956,5,Stationery Product 355
C15528,10007,0.6876157520792446,6,Lighting Product 008
C15528,10031,0.6625701421055222,7,Lighting Product 032
C15528,10295,0.629828658005506,8,Lighting Product 296
C15528,10034,0.6122762088549487,9,Stationery Product 035
C15528,10023,0.6055570019296156,10,Lighting Product 024
C15530,10021,0.9146131492732104,1,Seasonal Product 022
C15530,10016,0.8952992682326517,2,Home Decor Product 017
C15530,10015,0.8945153938859511,3,Lighting Product 016
C15530,10038,0.8668315378367455,4,Party Supplies Product 039
C15530,10027,0.8640444661841118,5,Bags & Accessories Product 028
C15530,10035,0.8577646267552088,6,Bags & Accessories Product 036
C15530,10025,0.8417349566646652,7,Kitchenware Product 026
C15530,10034,0.8316746161548564,8,Stationery Product 035
C15530,10028,0.8124879891054868,9,Gifts Product 029
C15530,10002,0.8002295067101949,10,Stationery Product 003
C15531,10016,0.8307994639977222,1,Home Decor Product 017
C15531,10028,0.7459378299241312,2,Gifts Product 029
C15531,10021,0.6927739653244666,3,Seasonal Product 022
C15531,10007,0.6583246656891827,4,Lighting Product 008
C15531,10015,0.6440153491007709,5,Lighting Product 016
C15531,10295,0.5376659344241423,6,Lighting Product 296
C15531,10035,0.5367666656345178,7,Bags & Accessories Product 036
C15531,10027,0.4845446906891349,8,Bags & Accessories Product 028
C15531,10013,0.4823456011089696,9,Seasonal Product 014
C15531,10368,0.4801220961600641,10,Home Decor Product 369
C15532,10015,0.9082380911889211,1,Lighting Product 016
C15532,10035,0.7101306022305792,2,Bags & Accessories Product 036
C15532,10021,0.6931267629055091,3,Seasonal Product 022
C15532,10007,0.6668796505286393,4,Lighting Product 008
C15532,10028,0.5925519648185001,5,Gifts Product 029
C15532,10027,0.5887253515748004,6,Bags & Accessories Product 028
C15532,10016,0.586763604926387,7,Home Decor Product 017
C15532,10034,0.5866969671456524,8,Stationery Product 035
C15532,10025,0.5724069454472835,9,Kitchenware Product 026
C15532,10305,0.5363354567091393,10,Kitchenware Product 306
C15534,10035,0.8998009147837621,1,Bags & Accessories Product 036
C15534,10034,0.883336427099287,2,Stationery Product 035
C15534,10027,0.8688948172376858,3,Bags & Accessories Product 028
C15534,10026,0.8383411175095401,4,Stationery Product 027
C15534,10021,0.7303395861799029,5,Seasonal Product 022
C15534,10013,0.6900610005246695,6,Seasonal Product 014
C15534,10363,0.6700866118302073,7,Bags & Accessories Product 364
C15534,10003,0.6380405671549495,8,Bags & Accessories Product 004
C15534,10179,0.6192439789120983,9,Bags & Accessories Product 180
C15534,10015,0.6091487703435091,10,Lighting Product 016
C15537,10021,0.9146131492732104,1,Seasonal Product 022
C15537,10016,0.8952992682326517,2,Home Decor Product 017
C15537,10015,0.8945153938859511,3,Lighting Product 016
C15537,10038,0.8668315378367455,4,Party Supplies Product 039
C15537,10027,0.8640444661841118,5,Bags & Accessories Product 028
C15537,10035,0.8577646267552088,6,Bags & Accessories Product 036
C15537,10025,0.8417349566646652,7,Kitchenware Product 026
C15537,10034,0.8316746161548564,8,Stationery Product 035
C15537,10028,0.8124879891054868,9,Gifts Product 029
C15537,10002,0.8002295067101949,10,Stationery Product 003
C15538,10026,0.8043314563734396,1,Stationery Product 027
C15538,10034,0.793231603120771,2,Stationery Product 035
C15538,10025,0.719122722868674,3,Kitchenware Product 026
C15538,10021,0.6519403872551208,4,Seasonal Product 022
C15538,10209,0.6059847387737985,5,Kitchenware Product 210
C15538,10009,0.5617229759205825,6,Kitchenware Product 010
C15538,10169,0.5581485710038981,7,Kitchenware Product 170
C15538,10015,0.5015231322612164,8,Lighting Product 016
C15538,10192,0.46891817752652515,9,Home Decor Product 193
C15538,10033,0.4642590963418444,10,Kitchenware Product 034
C15542,10013,0.966013077041668,1,Seasonal Product 014
C15542,10005,0.9366194031968736,2,Seasonal Product 006
C15542,10028,0.9338724795490708,3,Gifts Product 029
C15542,10036,0.9110277681471259,4,Gifts Product 037
C15542,10021,0.9106489863827035,5,Seasonal Product 022
C15542,10020,0.9069500952606873,6,Gifts Product 021
C15542,10016,0.7427524787492135,7,Home Decor Product 017
C15542,10101,0.7423096508162674,8,Seasonal Product 102
C15542,10015,0.7076704884006507,9,Lighting Product 016
C15542,10038,0.6887307813299918,10,Party Supplies Product 039
C15545,10021,0.9262771137474677,1,Seasonal Product 022
C15545,10038,0.8936774420359858,2,Party Supplies Product 039
C15545,10278,0.7262576798896683,3,Party Supplies Product 279
C15545,10028,0.6992909889996815,4,Gifts Product 029
C15545,10012,0.6813918623312325,5,Gifts Product 013
C15545,10016,0.6436175910536093,6,Home Decor Product 017
C15545,10022,0.5846149110450151,7,Party Supplies Product 023
C15545,10015,0.578422694208256,8,Lighting Product 016
C15545,10244,0.576841587615547,9,Gifts Product 245
C15545,10005,0.5608113334533117,10,Seasonal Product 006
C15546,10016,0.8606931083096221,1,Home Decor Product 017
C15546,10028,0.8162889667760673,2,Gifts Product 029
C15546,10021,0.7047870233686134,3,Seasonal Product 022
C15546,10020,0.6623250003659551,4,Gifts Product 021
C15546,10013,0.6095373567787736,5,Seasonal Product 014
C15546,10036,0.59118824802447,6,Gifts Product 037
C15546,10015,0.5682012600131204,7,Lighting Product 016
C15546,10116,0.55362191953643,8,Gifts Product 117
C15546,10031,0.49297443996359447,9,Lighting Product 032
C15546,10027,0.4808843164308137,10,Bags & Accessories Product 028
C15547,10015,0.9076976735399973,1,Lighting Product 016
C15547,10035,0.7593438342967852,2,Bags & Accessories Product 036
C15547,10021,0.7331172173040912,3,Seasonal Product 022
C15547,10007,0.7039302084176833,4,Lighting Product 008
C15547,10027,0.6987960375338894,5,Bags & Accessories Product 028
C15547,10031,0.6444753579572936,6,Lighting Product 032
C15547,10023,0.6147181808986237,7,Lighting Product 024
C15547,10295,0.6117942275986646,8,Lighting Product 296
C15547,10005,0.5823370974177663,9,Seasonal Product 006
C15547,10013,0.571712659791354,10,Seasonal Product 014
C15549,10021,0.96191006092258,1,Seasonal Product 022
C15549,10016,0.9101819649081786,2,Home Decor Product 017
C15549,10027,0.5092288935958443,3,Bags & Accessories Product 028
C15549,10032,0.5010375304303629,4,Home Decor Product 033
C15549,10368,0.4847667941560724,5,Home Decor Product 369
C15549,10029,0.4846002694337384,6,Seasonal Product 030
C15549,10035,0.4672956376808837,7,Bags & Accessories Product 036
C15549,10028,0.4565950365178324,8,Gifts Product 029
C15549,10015,0.4546533482020093,9,Lighting Product 016
C15549,10005,0.437828013868215,10,Seasonal Product 006
C15556,10021,0.9146131492732104,1,Seasonal Product 022
C15556,10016,0.8952992682326517,2,Home Decor Product 017
C15556,10015,0.8945153938859511,3,Lighting Product 016
C15556,10038,0.8668315378367455,4,Party Supplies Product 039
C15556,10027,0.8640444661841118,5,Bags & Accessories Product 028
C15556,10035,0.8577646267552088,6,Bags & Accessories Product 036
C15556,10025,0.8417349566646652,7,Kitchenware Product 026
C15556,10034,0.8316746161548564,8,Stationery Product 035
C15556,10028,0.8124879891054868,9,Gifts Product 029
C15556,10002,0.8002295067101949,10,Stationery Product 003
C15560,10035,0.9105509960813123,1,Bags & Accessories Product 036
C15560,10029,0.8567508401800444,2,Seasonal Product 030
C15560,10021,0.8314770250816407,3,Seasonal Product 022
C15560,10195,0.793510031366867,4,Bags & Accessories Product 196
C15560,10028,0.7811263098495531,5,Gifts Product 029
C15560,10027,0.7651501611455075,6,Bags & Accessories Product 028
C15560,10013,0.7398857864659804,7,Seasonal Product 014
C15560,10179,0.625006173114117,8,Bags & Accessories Product 180
C15560,10016,0.6158544088870662,9,Home Decor Product 017
C15560,10153,0.5916531877906169,10,Kitchenware Product 154
C15561,10015,0.9325874461449936,1,Lighting Product 016
C15561,10025,0.7798356554802166,2,Kitchenware Product 026
C15561,10305,0.7504039587136719,3,Kitchenware Product 306
C15561,10007,0.6307111350598988,4,Lighting Product 008
C15561,10021,0.6045719799358366,5,Seasonal Product 022
C15561,10028,0.5433213369287224,6,Gifts Product 029
C15561,10353,0.4941342241218075,7,Kitchenware Product 354
C15561,10031,0.47468477398999664,8,Lighting Product 032
C15561,10009,0.4697654076812005,9,Kitchenware Product 010
C15561,10020,0.45124816238172505,10,Gifts Product 021
C15564,10027,0.9183917366034305,1,Bags & Accessories Product 028
C15564,10007,0.8651905529794223,2,Lighting Product 008
C15564,10028,0.8512690353325427,3,Gifts Product 029
C15564,10015,0.8320087457956714,4,Lighting Product 016
C15564,10035,0.8319982341520916,5,Bags & Accessories Product 036
C15564,10021,0.7562623801697032,6,Seasonal Product 022
C15564,10195,0.7515233049556215,7,Bags & Accessories Product 196
C15564,10026,0.7007517901484022,8,Stationery Product 027
C15564,10179,0.6201441236854407,9,Bags & Accessories Product 180
C15564,10020,0.5841196893210264,10,Gifts Product 021
C15565,10013,0.7242967127938293,1,Seasonal Product 014
C15565,10021,0.6951533330835941,2,Seasonal Product 022
C15565,10027,0.6920918071052629,3,Bags & Accessories Product 028
C15565,10015,0.6083563340412697,4,Lighting Product 016
C15565,10028,0.5099544091862634,5,Gifts Product 029
C15565,10038,0.4590613372026997,6,Party Supplies Product 039
C15565,10016,0.43402715130726893,7,Home Decor Product 017
C15565,10035,0.38962049151413786,8,Bags & Accessories Product 036
C15565,10034,0.36430050552763316,9,Stationery Product 035
C15565,10007,0.3438924696495649,10,Lighting Product 008
C15566,10021,0.6922306302847239,1,Seasonal Product 022
C15566,10005,0.6702913956661525,2,Seasonal Product 006
C15566,10035,0.5703476421607327,3,Bags & Accessories Product 036
C15566,10029,0.5678703609896248,4,Seasonal Product 030
C15566,10023,0.5446291934065377,5,Lighting Product 024
C15566,10025,0.5386848802109439,6,Kitchenware Product 026
C15566,10015,0.5110367691643972,7,Lighting Product 016
C15566,10034,0.5095065961651992,8,Stationery Product 035
C15566,10026,0.4984383795497841,9,Stationery Product 027
C15566,10027,0.4902099554675947,10,Bags & Accessories Product 028
C15568,10021,0.9911865164788676,1,Seasonal Product 022
C15568,10038,0.9454133492786683,2,Party Supplies Product 039
C15568,10029,0.9358342735601336,3,Seasonal Product 030
C15568,10005,0.8432764531701618,4,Seasonal Product 006
C15568,10013,0.7588596089946025,5,Seasonal Product 014
C15568,10101,0.7285628356498092,6,Seasonal Product 102
C15568,10034,0.7037138124883779,7,Stationery Product 035
C15568,10028,0.7019003001687791,8,Gifts Product 029
C15568,10015,0.6469805588198697,9,Lighting Product 016
C15568,10025,0.633641475919433,10,Kitchenware Product 026
C15572,10028,0.9855740550255883,1,Gifts Product 029
C15572,10026,0.9805512955636884,2,Stationery Product 027
C15572,10029,0.9508527156182699,3,Seasonal Product 030
C15572,10015,0.9417333821822865,4,Lighting Product 016
C15572,10354,0.9309402992092729,5,Stationery Product 355
C15572,10020,0.8818850725075146,6,Gifts Product 021
C15572,10202,0.8410600967025924,7,Stationery Product 203
C15572,10116,0.8152550372636055,8,Gifts Product 117
C15572,10002,0.8146836669750873,9,Stationery Product 003
C15572,10034,0.770721717227489,10,Stationery Product 035
C15574,10016,0.9646195002621079,1,Home Decor Product 017
C15574,10028,0.7453790142672843,2,Gifts Product 029
C15574,10035,0.7307407481919559,3,Bags & Accessories Product 036
C15574,10027,0.7178738177185264,4,Bags & Accessories Product 028
C15574,10020,0.6022109780423313,5,Gifts Product 021
C15574,10032,0.5450679285700891,6,Home Decor Product 033
C15574,10360,0.5137266390994891,7,Home Decor Product 361
C15574,10021,0.5106263704230778,8,Seasonal Product 022
C15574,10060,0.49670773416276226,9,Gifts Product 061
C15574,10192,0.4566325105556351,10,Home Decor Product 193
C15575,10015,0.7793469128575341,1,Lighting Product 016
C15575,10007,0.6777861628627613,2,Lighting Product 008
C15575,10021,0.6519679428192363,3,Seasonal Product 022
C15575,10038,0.5518235276841879,4,Party Supplies Product 039
C15575,10023,0.5057045911637129,5,Lighting Product 024
C15575,10013,0.4983869855514777,6,Seasonal Product 014
C15575,10278,0.45801215227157865,7,Party Supplies Product 279
C15575,10028,0.45658568924971216,8,Gifts Product 029
C15575,10031,0.4411695065133055,9,Lighting Product 032
C15575,10029,0.437111558560125,10,Seasonal Product 030
C15579,10021,0.5532179876827599,1,Seasonal Product 022
C15579,10015,0.5071288513806171,2,Lighting Product 016
C15579,10025,0.4132672297118564,3,Kitchenware Product 026
C15579,10005,0.36710394253333767,4,Seasonal Product 006
C15579,10013,0.3670262134489124,5,Seasonal Product 014
C15579,10007,0.3577852629849779,6,Lighting Product 008
C15579,10028,0.34609910878130634,7,Gifts Product 029
C15579,10038,0.34440573682599634,8,Party Supplies Product 039
C15579,10027,0.33495650448518144,9,Bags & Accessories Product 028
C15579,10029,0.3232144114858652,10,Seasonal Product 030
C15580,10038,0.9222672873276841,1,Party Supplies Product 039
C15580,10036,0.8325915522600279,2,Gifts Product 037
C15580,10382,0.7885004948077913,3,Party Supplies Product 383
C15580,10021,0.728695390808452,4,Seasonal Product 022
C15580,10028,0.6903035660191997,5,Gifts Product 029
C15580,10035,0.6839630094666624,6,Bags & Accessories Product 036
C15580,10020,0.6737845349966103,7,Gifts Product 021
C15580,10022,0.6724958403143311,8,Party Supplies Product 023
C15580,10034,0.6364438189747111,9,Stationery Product 035
C15580,10278,0.6285730084280251,10,Party Supplies Product 279
C15581,10021,0.9146131492732104,1,Seasonal Product 022
C15581,10016,0.8952992682326517,2,Home Decor Product 017
C15581,10015,0.8945153938859511,3,Lighting Product 016
C15581,10038,0.8668315378367455,4,Party Supplies Product 039
C15581,10027,0.8640444661841118,5,Bags & Accessories Product 028
C15581,10035,0.8577646267552088,6,Bags & Accessories Product 036
C15581,10025,0.8417349566646652,7,Kitchenware Product 026
C15581,10034,0.8316746161548564,8,Stationery Product 035
C15581,10028,0.8124879891054868,9,Gifts Product 029
C15581,10002,0.8002295067101949,10,Stationery Product 003
C15583,10028,0.9077188957245359,1,Gifts Product 029
C15583,10020,0.6463530993302875,2,Gifts Product 021
C15583,10036,0.6106595348911797,3,Gifts Product 037
C15583,10027,0.608344474490447,4,Bags & Accessories Product 028
C15583,10026,0.599843639678605,5,Stationery Product 027
C15583,10212,0.57058898295783,6,Gifts Product 213
C15583,10013,0.5405804526165722,7,Seasonal Product 014
C15583,10021,0.5219079045495915,8,Seasonal Product 022
C15583,10012,0.5066149544805678,9,Gifts Product 013
C15583,10360,0.5056496676929801,10,Home Decor Product 361
C15584,10027,0.9065169826980986,1,Bags & Accessories Product 028
C15584,10035,0.826236382241576,2,Bags & Accessories Product 036
C15584,10021,0.695935829997036,3,Seasonal Product 022
C15584,10015,0.6415759508249175,4,Lighting Product 016
C15584,10353,0.5976635240316779,5,Kitchenware Product 354
C15584,10219,0.5895865451237441,6,Bags & Accessories Product 220
C15584,10002,0.565471368926752,7,Stationery Product 003
C15584,10116,0.5515622525712734,8,Gifts Product 117
C15584,10211,0.5408094350256123,9,Bags & Accessories Product 212
C15584,10028,0.5330857973665126,10,Gifts Product 029
C15586,10038,0.9106828174817082,1,Party Supplies Product 039
C15586,10013,0.6098965247639658,2,Seasonal Product 014
C15586,10021,0.6023741833636117,3,Seasonal Product 022
C15586,10296,0.6012945636827999,4,Home Decor Product 297
C15586,10028,0.5587495295356033,5,Gifts Product 029
C15586,10382,0.5142731689101924,6,Party Supplies Product 383
C15586,10179,0.5116236256022325,7,Bags & Accessories Product 180
C15586,10368,0.4654513686789102,8,Home Decor Product 369
C15586,10015,0.45938493683236764,9,Lighting Product 016
C15586,10005,0.4574564928033585,10,Seasonal Product 006
C15591,10021,0.8815020135267637,1,Seasonal Product 022
C15591,10015,0.8676714574836599,2,Lighting Product 016
C15591,10028,0.8517978370389357,3,Gifts Product 029
C15591,10027,0.7984568005245332,4,Bags & Accessories Product 028
C15591,10016,0.5538126445650604,5,Home Decor Product 017
C15591,10007,0.49817407725763124,6,Lighting Product 008
C15591,10038,0.48320195892402723,7,Party Supplies Product 039
C15591,10005,0.4731494326111082,8,Seasonal Product 006
C15591,10013,0.46851196994068506,9,Seasonal Product 014
C15591,10035,0.4582160763946462,10,Bags & Accessories Product 036
C15597,10026,0.6199811634058291,1,Stationery Product 027
C15597,10038,0.6025435590775017,2,Party Supplies Product 039
C15597,10021,0.5788204551006397,3,Seasonal Product 022
C15597,10034,0.5685182197987282,4,Stationery Product 035
C15597,10023,0.5619289745460386,5,Lighting Product 024
C15597,10027,0.5583757989192192,6,Bags & Accessories Product 028
C15597,10007,0.5460174466974812,7,Lighting Product 008
C15597,10036,0.54418945710091,8,Gifts Product 037
C15597,10025,0.5340381627819852,9,Kitchenware Product 026
C15597,10005,0.5245094629325213,10,Seasonal Product 006
C15600,10015,0.7943860693469947,1,Lighting Product 016
C15600,10021,0.6785897497788972,2,Seasonal Product 022
C15600,10027,0.6291339384930678,3,Bags & Accessories Product 028
C15600,10016,0.5856090622961101,4,Home Decor Product 017
C15600,10007,0.5812419622117815,5,Lighting Product 008
C15600,10023,0.5807439273589675,6,Lighting Product 024
C15600,10013,0.5189383310946448,7,Seasonal Product 014
C15600,10005,0.4742907703964022,8,Seasonal Product 006
C15600,10029,0.47275408694228976,9,Seasonal Product 030
C15600,10038,0.46549096385259353,10,Party Supplies Product 039
C15601,10021,0.8163178450442726,1,Seasonal Product 022
C15601,10015,0.7843464269583439,2,Lighting Product 016
C15601,10016,0.6814532628079698,3,Home Decor Product 017
C15601,10028,0.6478906594342014,4,Gifts Product 029
C15601,10027,0.5253517424868078,5,Bags & Accessories Product 028
C15601,10023,0.4752876981546887,6,Lighting Product 024
C15601,10005,0.45259388512283827,7,Seasonal Product 006
C15601,10035,0.42950231827094126,8,Bags & Accessories Product 036
C15601,10020,0.4294844192692142,9,Gifts Product 021
C15601,10034,0.42382711355267116,10,Stationery Product 035
C15602,10015,0.8662858841408064,1,Lighting Product 016
C15602,10038,0.7339353707836677,2,Party Supplies Product 039
C15602,10026,0.7146611364497278,3,Stationery Product 027
C15602,10007,0.6307155105117452,4,Lighting Product 008
C15602,10021,0.6293990542672457,5,Seasonal Product 022
C15602,10002,0.5958493559162131,6,Stationery Product 003
C15602,10023,0.5652586313689841,7,Lighting Product 024
C15602,10305,0.5638915370811721,8,Kitchenware Product 306
C15602,10009,0.5632961254016078,9,Kitchenware Product 010
C15602,10025,0.5382619906638826,10,Kitchenware Product 026
C15605,10021,0.8059711690500736,1,Seasonal Product 022
C15605,10038,0.7756019887880489,2,Party Supplies Product 039
C15605,10015,0.6386434161562974,3,Lighting Product 016
C15605,10013,0.48383699555595683,4,Seasonal Product 014
C15605,10028,0.4778803256474576,5,Gifts Product 029
C15605,10029,0.4718520362313849,6,Seasonal Product 030
C15605,10016,0.4179590865572298,7,Home Decor Product 017
C15605,10035,0.4166003519200311,8,Bags & Accessories Product 036
C15605,10025,0.4069359787766731,9,Kitchenware Product 026
C15605,10007,0.3913378117265246,10,Lighting Product 008
C15606,10016,0.9838572383631138,1,Home Decor Product 017
C15606,10028,0.9752482470287503,2,Gifts Product 029
C15606,10021,0.8395298322953605,3,Seasonal Product 022
C15606,10296,0.7944152382196285,4,Home Decor Product 297
C15606,10027,0.777129240904755,5,Bags & Accessories Product 028
C15606,10032,0.7719424621692826,6,Home Decor Product 033
C15606,10026,0.7312696000155503,7,Stationery Product 027
C15606,10096,0.7301291885575709,8,Home Decor Product 097
C15606,10202,0.6757958893270642,9,Stationery Product 203
C15606,10360,0.6718184683550643,10,Home Decor Product 361
C15610,10021,0.9146131492732104,1,Seasonal Product 022
C15610,10016,0.8952992682326517,2,Home Decor Product 017
C15610,10015,0.8945153938859511,3,Lighting Product 016
C15610,10038,0.8668315378367455,4,Party Supplies Product 039
C15610,10027,0.8640444661841118,5,Bags & Accessories Product 028
C15610,10035,0.8577646267552088,6,Bags & Accessories Product 036
C15610,10025,0.8417349566646652,7,Kitchenware Product 026
C15610,10034,0.8316746161548564,8,Stationery Product 035
C15610,10028,0.8124879891054868,9,Gifts Product 029
C15610,10002,0.8002295067101949,10,Stationery Product 003
C15611,10021,0.9761066511103464,1,Seasonal Product 022
C15611,10013,0.969728926282034,2,Seasonal Product 014
C15611,10015,0.9365707797884801,3,Lighting Product 016
C15611,10007,0.8487423173364597,4,Lighting Product 008
C15611,10005,0.8339658997450479,5,Seasonal Product 006
C15611,10029,0.8275647732883897,6,Seasonal Product 030
C15611,10028,0.8181279554045209,7,Gifts Product 029
C15611,10101,0.8172104412332944,8,Seasonal Product 102
C15611,10023,0.797468702789298,9,Lighting Product 024
C15611,10031,0.7381225319411152,10,Lighting Product 032
C15612,10035,0.784363208761755,1,Bags & Accessories Product 036
C15612,10028,0.7154404862043328,2,Gifts Product 029
C15612,10027,0.6894733792605993,3,Bags & Accessories Product 028
C15612,10021,0.6735399199606608,4,Seasonal Product 022
C15612,10025,0.6285367517410567,5,Kitchenware Product 026
C15612,10026,0.6062944387868214,6,Stationery Product 027
C15612,10013,0.5357111071334164,7,Seasonal Product 014
C15612,10340,0.5350640312417294,8,Gifts Product 341
C15612,10015,0.5268690026799597,9,Lighting Product 016
C15612,10012,0.5167163602592779,10,Gifts Product 013
C15614,10021,0.837120113182962,1,Seasonal Product 022
C15614,10015,0.6066563007658414,2,Lighting Product 016
C15614,10025,0.5791146044688535,3,Kitchenware Product 026
C15614,10027,0.517120459774797,4,Bags & Accessories Product 028
C15614,10034,0.5072128545463706,5,Stationery Product 035
C15614,10028,0.4899728175703573,6,Gifts Product 029
C15614,10016,0.47850439725375804,7,Home Decor Product 017
C15614,10035,0.464974404768709,8,Bags & Accessories Product 036
C15614,10038,0.45961891638478314,9,Party Supplies Product 039
C15614,10013,0.45750314682822546,10,Seasonal Product 014
C15615,10025,0.7552681250203759,1,Kitchenware Product 026
C15615,10034,0.6362485985689537,2,Stationery Product 035
C15615,10009,0.6281890431879759,3,Kitchenware Product 010
C15615,10153,0.5872311176417462,4,Kitchenware Product 154
C15615,10021,0.5584055218910497,5,Seasonal Product 022
C15615,10058,0.5219538097360747,6,Stationery Product 059
C15615,10026,0.5189356731981615,7,Stationery Product 027
C15615,10035,0.49118558013661473,8,Bags & Accessories Product 036
C15615,10038,0.49073191620163,9,Party Supplies Product 039
C15615,10090,0.48875478603281636,10,Stationery Product 091
C15618,10021,0.9146131492732104,1,Seasonal Product 022
C15618,10016,0.8952992682326517,2,Home Decor Product 017
C15618,10015,0.8945153938859511,3,Lighting Product 016
C15618,10038,0.8668315378367455,4,Party Supplies Product 039
C15618,10027,0.8640444661841118,5,Bags & Accessories Product 028
C15618,10035,0.8577646267552088,6,Bags & Accessories Product 036
C15618,10025,0.8417349566646652,7,Kitchenware Product 026
C15618,10034,0.8316746161548564,8,Stationery Product 035
C15618,10028,0.8124879891054868,9,Gifts Product 029
C15618,10002,0.8002295067101949,10,Stationery Product 003
C15619,10028,0.9161795190112898,1,Gifts Product 029
C15619,10021,0.6578058787295853,2,Seasonal Product 022
C15619,10305,0.566240987355003,3,Kitchenware Product 306
C15619,10036,0.5519477913160475,4,Gifts Product 037
C15619,10013,0.5182486462709659,5,Seasonal Product 014
C15619,10380,0.5047001469725381,6,Gifts Product 381
C15619,10016,0.4987937363397512,7,Home Decor Product 017
C15619,10005,0.49220236683236,8,Seasonal Product 006
C15619,10007,0.4848034198586673,9,Lighting Product 008
C15619,10023,0.4819196012107782,10,Lighting Product 024
C15620,10015,0.8956888669006101,1,Lighting Product 016
C15620,10028,0.8803537775094434,2,Gifts Product 029
C15620,10023,0.8566106752664439,3,Lighting Product 024
C15620,10020,0.8453836536778373,4,Gifts Product 021
C15620,10021,0.8224814038547946,5,Seasonal Product 022
C15620,10005,0.6697176220824433,6,Seasonal Product 006
C15620,10026,0.5982576770499813,7,Stationery Product 027
C15620,10016,0.5706112112040901,8,Home Decor Product 017
C15620,10038,0.5660307395211482,9,Party Supplies Product 039
C15620,10031,0.5575534803823468,10,Lighting Product 032
C15621,10025,0.885468956512392,1,Kitchenware Product 026
C15621,10028,0.8163414104142617,2,Gifts Product 029
C15621,10026,0.7784215742047582,3,Stationery Product 027
C15621,10021,0.7187115596524225,4,Seasonal Product 022
C15621,10038,0.706617868952399,5,Party Supplies Product 039
C15621,10015,0.6326502464794143,6,Lighting Product 016
C15621,10013,0.5854741211076495,7,Seasonal Product 014
C15621,10193,0.5679274715574234,8,Kitchenware Product 194
C15621,10353,0.5277336697888043,9,Kitchenware Product 354
C15621,10029,0.518945754023306,10,Seasonal Product 030
C15622,10023,0.9438462866914847,1,Lighting Product 024
C15622,10015,0.9033768443505867,2,Lighting Product 016
C15622,10013,0.8954235086602625,3,Seasonal Product 014
C15622,10021,0.8912295359200734,4,Seasonal Product 022
C15622,10007,0.8227059735405777,5,Lighting Product 008
C15622,10031,0.8049592705791807,6,Lighting Product 032
C15622,10028,0.7995758812987986,7,Gifts Product 029
C15622,10027,0.7513284504443362,8,Bags & Accessories Product 028
C15622,10295,0.6653175700464601,9,Lighting Product 296
C15622,10029,0.6230654587625889,10,Seasonal Product 030
C15623,10028,0.9043119488594059,1,Gifts Product 029
C15623,10021,0.7971718724365725,2,Seasonal Product 022
C15623,10015,0.7764561334198126,3,Lighting Product 016
C15623,10034,0.6213610541472734,4,Stationery Product 035
C15623,10305,0.6009723161376956,5,Kitchenware Product 306
C15623,10031,0.5932284294857388,6,Lighting Product 032
C15623,10116,0.5852444213394834,7,Gifts Product 117
C15623,10029,0.5752412505862765,8,Seasonal Product 030
C15623,10005,0.5665286455333381,9,Seasonal Product 006
C15623,10036,0.564256576268257,10,Gifts Product 037
C15628,10038,0.8878860170802829,1,Party Supplies Product 039
C15628,10021,0.8175261235664308,2,Seasonal Product 022
C15628,10034,0.6204554483411557,3,Stationery Product 035
C15628,10015,0.5679322358256452,4,Lighting Product 016
C15628,10022,0.5581074399635768,5,Party Supplies Product 023
C15628,10382,0.533019491376922,6,Party Supplies Product 383
C15628,10166,0.5095408971273265,7,Party Supplies Product 167
C15628,10029,0.4770518131564367,8,Seasonal Product 030
C15628,10058,0.45193661542756947,9,Stationery Product 059
C15628,10013,0.4387070960458935,10,Seasonal Product 014
C15634,10015,0.9840489318283083,1,Lighting Product 016
C15634,10021,0.9130143713422149,2,Seasonal Product 022
C15634,10007,0.8197726222326472,3,Lighting Product 008
C15634,10016,0.8032843865528285,4,Home Decor Product 017
C15634,10013,0.7570326722322946,5,Seasonal Product 014
C15634,10026,0.7167891041151389,6,Stationery Product 027
C15634,10025,0.7122704367137248,7,Kitchenware Product 026
C15634,10359,0.5762503961453558,8,Lighting Product 360
C15634,10028,0.5673580873537698,9,Gifts Product 029
C15634,10036,0.503890647971184,10,Gifts Product 037
C15635,10015,0.9353147858813808,1,Lighting Product 016
C15635,10021,0.7040308664709568,2,Seasonal Product 022
C15635,10031,0.6643188099111075,3,Lighting Product 032
C15635,10305,0.6365676103816464,4,Kitchenware Product 306
C15635,10027,0.6309570532797898,5,Bags & Accessories Product 028
C15635,10033,0.6087737823355927,6,Kitchenware Product 034
C15635,10025,0.6070424427430914,7,Kitchenware Product 026
C15635,10034,0.5920706188225002,8,Stationery Product 035
C15635,10007,0.5852273498706372,9,Lighting Product 008
C15635,10023,0.5774987257950154,10,Lighting Product 024
C15636,10021,0.9166366759666168,1,Seasonal Product 022
C15636,10025,0.749587685415027,2,Kitchenware Product 026
C15636,10038,0.639600836004937,3,Party Supplies Product 039
C15636,10028,0.5719331812613333,4,Gifts Product 029
C15636,10015,0.5196879366751097,5,Lighting Product 016
C15636,10020,0.4440402330272093,6,Gifts Product 021
C15636,10029,0.44319428045990716,7,Seasonal Product 030
C15636,10016,0.4271408757803016,8,Home Decor Product 017
C15636,10034,0.4160744766947495,9,Stationery Product 035
C15636,10013,0.4133527984688135,10,Seasonal Product 014
C15641,10035,0.8638187659163316,1,Bags & Accessories Product 036
C15641,10038,0.8614533568708536,2,Party Supplies Product 039
C15641,10025,0.7983768947144066,3,Kitchenware Product 026
C15641,10015,0.6869994767558687,4,Lighting Product 016
C15641,10016,0.6707108290831708,5,Home Decor Product 017
C15641,10209,0.6364439757529484,6,Kitchenware Product 210
C15641,10009,0.6189950100558846,7,Kitchenware Product 010
C15641,10217,0.48743231837107165,8,Kitchenware Product 218
C15641,10153,0.45574848790817524,9,Kitchenware Product 154
C15641,10278,0.4354115055139337,10,Party Supplies Product 279
C15643,10038,0.776679555319409,1,Party Supplies Product 039
C15643,10021,0.6052121686015897,2,Seasonal Product 022
C15643,10015,0.5804372407222479,3,Lighting Product 016
C15643,10027,0.5105418534492991,4,Bags & Accessories Product 028
C15643,10028,0.5064360591353657,5,Gifts Product 029
C15643,10013,0.5008292022806622,6,Seasonal Product 014
C15643,10034,0.47792127585177846,7,Stationery Product 035
C15643,10026,0.44837425974119277,8,Stationery Product 027
C15643,10025,0.4414881893469597,9,Kitchenware Product 026
C15643,10035,0.43580142727603327,10,Bags & Accessories Product 036
C15646,10013,0.8237320398449839,1,Seasonal Product 014
C15646,10021,0.7760840942006344,2,Seasonal Product 022
C15646,10034,0.7073499608434365,3,Stationery Product 035
C15646,10028,0.6328537198809372,4,Gifts Product 029
C15646,10015,0.6328474538067389,5,Lighting Product 016
C15646,10023,0.607913801249521,6,Lighting Product 024
C15646,10173,0.5289991229097496,7,Seasonal Product 174
C15646,10029,0.5163306296194896,8,Seasonal Product 030
C15646,10016,0.49960489395741814,9,Home Decor Product 017
C15646,10220,0.4889969125740264,10,Gifts Product 221
C15648,10021,0.9916102518003478,1,Seasonal Product 022
C15648,10028,0.973166763544969,2,Gifts Product 029
C15648,10029,0.741048967944377,3,Seasonal Product 030
C15648,10013,0.6966721187857917,4,Seasonal Product 014
C15648,10301,0.6766876321852446,5,Seasonal Product 302
C15648,10027,0.6413305113900265,6,Bags & Accessories Product 028
C15648,10035,0.628647763418128,7,Bags & Accessories Product 036
C15648,10036,0.6039645336117009,8,Gifts Product 037
C15648,10005,0.5992946184145346,9,Seasonal Product 006
C15648,10173,0.5852114619899458,10,Seasonal Product 174
C15650,10028,0.9614999588532845,1,Gifts Product 029
C15650,10025,0.7707364268793794,2,Kitchenware Product 026
C15650,10305,0.7143179216682864,3,Kitchenware Product 306
C15650,10021,0.6751081539364905,4,Seasonal Product 022
C15650,10009,0.657164132097562,5,Kitchenware Product 010
C15650,10036,0.6392093075445352,6,Gifts Product 037
C15650,10015,0.5957327164533807,7,Lighting Product 016
C15650,10033,0.5705630911256793,8,Kitchenware Product 034
C15650,10193,0.568514098822791,9,Kitchenware Product 194
C15650,10164,0.5661356029317397,10,Gifts Product 165
C15651,10034,0.9113665836471987,1,Stationery Product 035
C15651,10016,0.9019375907196912,2,Home Decor Product 017
C15651,10026,0.8387426802367793,3,Stationery Product 027
C15651,10029,0.7156327855631467,4,Seasonal Product 030
C15651,10013,0.6761951729011726,5,Seasonal Product 014
C15651,10296,0.6134023576113932,6,Home Decor Product 297
C15651,10032,0.6004119864713843,7,Home Decor Product 033
C15651,10209,0.5776927885220428,8,Kitchenware Product 210
C15651,10021,0.5681862232524189,9,Seasonal Product 022
C15651,10015,0.5192332199909931,10,Lighting Product 016
C15656,10021,0.8494400188366212,1,Seasonal Product 022
C15656,10013,0.6927735705485705,2,Seasonal Product 014
C15656,10015,0.6831746991406471,3,Lighting Product 016
C15656,10028,0.6687369838716666,4,Gifts Product 029
C15656,10026,0.5827048114175946,5,Stationery Product 027
C15656,10038,0.578043306792486,6,Party Supplies Product 039
C15656,10007,0.5694311537350795,7,Lighting Product 008
C15656,10027,0.5343225681595393,8,Bags & Accessories Product 028
C15656,10035,0.5322292720866257,9,Bags & Accessories Product 036
C15656,10005,0.5305649793934358,10,Seasonal Product 006
C15658,10021,0.9146131492732104,1,Seasonal Product 022
C15658,10016,0.8952992682326517,2,Home Decor Product 017
C15658,10015,0.8945153938859511,3,Lighting Product 016
C15658,10038,0.8668315378367455,4,Party Supplies Product 039
C15658,10027,0.8640444661841118,5,Bags & Accessories Product 028
C15658,10035,0.8577646267552088,6,Bags & Accessories Product 036
C15658,10025,0.8417349566646652,7,Kitchenware Product 026
C15658,10034,0.8316746161548564,8,Stationery Product 035
C15658,10028,0.8124879891054868,9,Gifts Product 029
C15658,10002,0.8002295067101949,10,Stationery Product 003
C15660,10028,0.8696040521457227,1,Gifts Product 029
C15660,10016,0.8560171128238949,2,Home Decor Product 017
C15660,10036,0.8396826989641006,3,Gifts Product 037
C15660,10020,0.8390415725701392,4,Gifts Product 021
C15660,10015,0.7743696147773242,5,Lighting Product 016
C15660,10027,0.6624123746527414,6,Bags & Accessories Product 028
C15660,10021,0.642943890925309,7,Seasonal Product 022
C15660,10212,0.6226939019843326,8,Gifts Product 213
C15660,10116,0.6217444625978559,9,Gifts Product 117
C15660,10026,0.6166758727745919,10,Stationery Product 027
C15661,10021,0.7911370597834005,1,Seasonal Product 022
C15661,10015,0.7416989138572014,2,Lighting Product 016
C15661,10028,0.6701704811998829,3,Gifts Product 029
C15661,10038,0.6195773273010791,4,Party Supplies Product 039
C15661,10027,0.5955875861055857,5,Bags & Accessories Product 028
C15661,10013,0.5661646052145249,6,Seasonal Product 014
C15661,10166,0.5184762543918718,7,Party Supplies Product 167
C15661,10007,0.5174699928057093,8,Lighting Product 008
C15661,10016,0.50904287609478,9,Home Decor Product 017
C15661,10035,0.47748810077239295,10,Bags & Accessories Product 036
C15662,10016,0.8062280444159629,1,Home Decor Product 017
C15662,10035,0.7936825978069081,2,Bags & Accessories Product 036
C15662,10025,0.7319785315232942,3,Kitchenware Product 026
C15662,10021,0.6693634235631665,4,Seasonal Product 022
C15662,10009,0.5529692296759692,5,Kitchenware Product 010
C15662,10015,0.4414632638952881,6,Lighting Product 016
C15662,10001,0.4284807419313295,7,Kitchenware Product 002
C15662,10028,0.40979081797251315,8,Gifts Product 029
C15662,10305,0.37329742648284414,9,Kitchenware Product 306
C15662,10353,0.3712846524936711,10,Kitchenware Product 354
C15664,10027,0.9868488110417047,1,Bags & Accessories Product 028
C15664,10025,0.9358423651633082,2,Kitchenware Product 026
C15664,10035,0.9279364430593209,3,Bags & Accessories Product 036
C15664,10209,0.8500827658091716,4,Kitchenware Product 210
C15664,10033,0.8406114197739888,5,Kitchenware Product 034
C15664,10193,0.7831427822908913,6,Kitchenware Product 194
C15664,10153,0.7789069529063044,7,Kitchenware Product 154
C15664,10195,0.715805239763696,8,Bags & Accessories Product 196
C15664,10219,0.7009249260143475,9,Bags & Accessories Product 220
C15664,10065,0.6883717087468003,10,Kitchenware Product 066
C15666,10021,0.7536677755936245,1,Seasonal Product 022
C15666,10026,0.7231231285291106,2,Stationery Product 027
C15666,10038,0.6465428341555234,3,Party Supplies Product 039
C15666,10015,0.6304410452877952,4,Lighting Product 016
C15666,10007,0.5883654929648201,5,Lighting Product 008
C15666,10023,0.5369234051336836,6,Lighting Product 024
C15666,10025,0.5226494440744284,7,Kitchenware Product 026
C15666,10028,0.5157817452801535,8,Gifts Product 029
C15666,10029,0.4912164551944495,9,Seasonal Product 030
C15666,10005,0.48890367432767096,10,Seasonal Product 006
C15669,10026,0.9246581820219207,1,Stationery Product 027
C15669,10034,0.8944920556502579,2,Stationery Product 035
C15669,10028,0.8788154456596665,3,Gifts Product 029
C15669,10036,0.8727651829354137,4,Gifts Product 037
C15669,10012,0.7883960948997977,5,Gifts Product 013
C15669,10002,0.7787798386342949,6,Stationery Product 003
C15669,10035,0.7700943372012587,7,Bags & Accessories Product 036
C15669,10212,0.7314575630688194,8,Gifts Product 213
C15669,10015,0.7226465789825819,9,Lighting Product 016
C15669,10020,0.7181852227986626,10,Gifts Product 021
C15671,10015,0.7081196290745958,1,Lighting Product 016
C15671,10021,0.6534119355762583,2,Seasonal Product 022
C15671,10016,0.5544725316230682,3,Home Decor Product 017
C15671,10013,0.5417575493108476,4,Seasonal Product 014
C15671,10025,0.5318609289142846,5,Kitchenware Product 026
C15671,10034,0.5220329071925182,6,Stationery Product 035
C15671,10023,0.5194916845644921,7,Lighting Product 024
C15671,10028,0.5123158677915978,8,Gifts Product 029
C15671,10027,0.5091943819244332,9,Bags & Accessories Product 028
C15671,10026,0.5021591751147879,10,Stationery Product 027
C15673,10016,0.7099905899872263,1,Home Decor Product 017
C15673,10028,0.6497346970680886,2,Gifts Product 029
C15673,10021,0.6083723422991227,3,Seasonal Product 022
C15673,10025,0.47890201763008444,4,Kitchenware Product 026
C15673,10034,0.4610055353876884,5,Stationery Product 035
C15673,10027,0.45742168175438686,6,Bags & Accessories Product 028
C15673,10026,0.45463027785036864,7,Stationery Product 027
C15673,10035,0.4481689879870327,8,Bags & Accessories Product 036
C15673,10029,0.3584099958675606,9,Seasonal Product 030
C15673,10020,0.35197125899140486,10,Gifts Product 021
C15675,10021,0.9146131492732104,1,Seasonal Product 022
C15675,10016,0.8952992682326517,2,Home Decor Product 017
C15675,10015,0.8945153938859511,3,Lighting Product 016
C15675,10038,0.8668315378367455,4,Party Supplies Product 039
C15675,10027,0.8640444661841118,5,Bags & Accessories Product 028
C15675,10035,0.8577646267552088,6,Bags & Accessories Product 036
C15675,10025,0.8417349566646652,7,Kitchenware Product 026
C15675,10034,0.8316746161548564,8,Stationery Product 035
C15675,10028,0.8124879891054868,9,Gifts Product 029
C15675,10002,0.8002295067101949,10,Stationery Product 003
C15676,10015,0.758813537715075,1,Lighting Product 016
C15676,10021,0.6612902597056236,2,Seasonal Product 022
C15676,10028,0.6319896400032415,3,Gifts Product 029
C15676,10007,0.6307135695280482,4,Lighting Product 008
C15676,10023,0.5522255383407656,5,Lighting Product 024
C15676,10013,0.5307013405804428,6,Seasonal Product 014
C15676,10038,0.5098118774555135,7,Party Supplies Product 039
C15676,10027,0.494736666608808,8,Bags & Accessories Product 028
C15676,10029,0.4768124651149151,9,Seasonal Product 030
C15676,10005,0.476122727632127,10,Seasonal Product 006
C15677,10007,0.6911261943598022,1,Lighting Product 008
C15677,10021,0.5141999774560198,2,Seasonal Product 022
C15677,10220,0.4825762256557826,3,Gifts Product 221
C15677,10392,0.4574638555015819,4,Home Decor Product 393
C15677,10034,0.44552992487799836,5,Stationery Product 035
C15677,10032,0.43684831472634006,6,Home Decor Product 033
C15677,10031,0.4308707628035453,7,Lighting Product 032
C15677,10027,0.4210320366842251,8,Bags & Accessories Product 028
C15677,10016,0.41724631905449283,9,Home Decor Product 017
C15677,10026,0.38690568115997287,10,Stationery Product 027
C15678,10025,0.8658066698155642,1,Kitchenware Product 026
C15678,10002,0.4308264864626549,2,Stationery Product 003
C15678,10074,0.4190310286607367,3,Stationery Product 075
C15678,10021,0.39998412259727284,4,Seasonal Product 022
C15678,10353,0.3704227249925598,5,Kitchenware Product 354
C15678,10305,0.36267729917644154,6,Kitchenware Product 306
C15678,10009,0.35235413254330605,7,Kitchenware Product 010
C15678,10354,0.33947534079337627,8,Stationery Product 355
C15678,10378,0.33345567776241686,9,Stationery Product 379
C15678,10058,0.33150577030952216,10,Stationery Product 059
C15679,10021,0.9146131492732104,1,Seasonal Product 022
C15679,10016,0.8952992682326517,2,Home Decor Product 017
C15679,10015,0.8945153938859511,3,Lighting Product 016
C15679,10038,0.8668315378367455,4,Party Supplies Product 039
C15679,10027,0.8640444661841118,5,Bags & Accessories Product 028
C15679,10035,0.8577646267552088,6,Bags & Accessories Product 036
C15679,10025,0.8417349566646652,7,Kitchenware Product 026
C15679,10034,0.8316746161548564,8,Stationery Product 035
C15679,10028,0.8124879891054868,9,Gifts Product 029
C15679,10002,0.8002295067101949,10,Stationery Product 003
C15682,10021,0.8077187639138462,1,Seasonal Product 022
C15682,10015,0.7001350906803863,2,Lighting Product 016
C15682,10166,0.5512158108916058,3,Party Supplies Product 167
C15682,10028,0.5333248116255507,4,Gifts Product 029
C15682,10295,0.4656599640124393,5,Lighting Product 296
C15682,10038,0.44119679493787617,6,Party Supplies Product 039
C15682,10027,0.43418859615941907,7,Bags & Accessories Product 028
C15682,10016,0.40055263124299734,8,Home Decor Product 017
C15682,10035,0.3911981111212501,9,Bags & Accessories Product 036
C15682,10013,0.382830089925557,10,Seasonal Product 014
C15687,10034,0.8388663931470282,1,Stationery Product 035
C15687,10026,0.7834200208040119,2,Stationery Product 027
C15687,10002,0.7483609467757995,3,Stationery Product 003
C15687,10021,0.6512583225227982,4,Seasonal Product 022
C15687,10394,0.6113680612232489,5,Stationery Product 395
C15687,10378,0.6106079280140075,6,Stationery Product 379
C15687,10074,0.5721623633787177,7,Stationery Product 075
C15687,10028,0.5476383873635925,8,Gifts Product 029
C15687,10354,0.524767333314572,9,Stationery Product 355
C15687,10202,0.5131445598527707,10,Stationery Product 203
C15690,10028,0.959748829458743,1,Gifts Product 029
C15690,10034,0.9247906951579834,2,Stationery Product 035
C15690,10026,0.747978989345023,3,Stationery Product 027
C15690,10021,0.6796615801019479,4,Seasonal Product 022
C15690,10020,0.6360495897563717,5,Gifts Product 021
C15690,10005,0.5550690637213588,6,Seasonal Product 006
C15690,10002,0.5498317903037023,7,Stationery Product 003
C15690,10015,0.5117096551994866,8,Lighting Product 016
C15690,10023,0.5059989439314512,9,Lighting Product 024
C15690,10007,0.48837367475866017,10,Lighting Product 008
C15694,10035,0.7989081544058992,1,Bags & Accessories Product 036
C15694,10209,0.7837643693083038,2,Kitchenware Product 210
C15694,10153,0.6963296376264337,3,Kitchenware Product 154
C15694,10021,0.6725886267824116,4,Seasonal Product 022
C15694,10001,0.6701950339868616,5,Kitchenware Product 002
C15694,10028,0.6648914083373183,6,Gifts Product 029
C15694,10193,0.6229692857730516,7,Kitchenware Product 194
C15694,10009,0.611645978440106,8,Kitchenware Product 010
C15694,10173,0.587246181025387,9,Seasonal Product 174
C15694,10015,0.582136627902673,10,Lighting Product 016
C15699,10027,0.822577825013835,1,Bags & Accessories Product 028
C15699,10035,0.734855225747672,2,Bags & Accessories Product 036
C15699,10021,0.7148099936906822,3,Seasonal Product 022
C15699,10028,0.6496251586049037,4,Gifts Product 029
C15699,10038,0.5876443152957125,5,Party Supplies Product 039
C15699,10036,0.5211161364062713,6,Gifts Product 037
C15699,10366,0.5126271554289428,7,Party Supplies Product 367
C15699,10238,0.4719238604722844,8,Party Supplies Product 239
C15699,10195,0.4309937569751691,9,Bags & Accessories Product 196
C15699,10015,0.4223650698006524,10,Lighting Product 016
C15702,10021,0.8894935824138502,1,Seasonal Product 022
C15702,10015,0.817577315007556,2,Lighting Product 016
C15702,10026,0.6973500270389252,3,Stationery Product 027
C15702,10028,0.6926969714069162,4,Gifts Product 029
C15702,10005,0.595754560526902,5,Seasonal Product 006
C15702,10027,0.5674520180672532,6,Bags & Accessories Product 028
C15702,10029,0.5337266163873525,7,Seasonal Product 030
C15702,10016,0.5204666555278412,8,Home Decor Product 017
C15702,10013,0.5145654416079838,9,Seasonal Product 014
C15702,10020,0.5113944066864297,10,Gifts Product 021
C15704,10026,0.8789661390035066,1,Stationery Product 027
C15704,10016,0.8203357437637083,2,Home Decor Product 017
C15704,10034,0.8040273661024538,3,Stationery Product 035
C15704,10305,0.7255779929737511,4,Kitchenware Product 306
C15704,10394,0.47690979769690417,5,Stationery Product 395
C15704,10202,0.46730977964953346,6,Stationery Product 203
C15704,10025,0.4529450155587251,7,Kitchenware Product 026
C15704,10036,0.44563082281805083,8,Gifts Product 037
C15704,10028,0.44416590818985174,9,Gifts Product 029
C15704,10021,0.4368236274356017,10,Seasonal Product 022
C15706,10020,0.5950959852562783,1,Gifts Product 021
C15706,10036,0.554958298649459,2,Gifts Product 037
C15706,10028,0.5260011599671214,3,Gifts Product 029
C15706,10013,0.5159228562123072,4,Seasonal Product 014
C15706,10035,0.505067957650472,5,Bags & Accessories Product 036
C15706,10025,0.5038813335950595,6,Kitchenware Product 026
C15706,10034,0.4845221177035243,7,Stationery Product 035
C15706,10026,0.48335688466735,8,Stationery Product 027
C15706,10027,0.4829882934067252,9,Bags & Accessories Product 028
C15706,10016,0.48238127108035533,10,Home Decor Product 017
C15708,10016,0.8231264527497164,1,Home Decor Product 017
C15708,10027,0.8053538967059262,2,Bags & Accessories Product 028
C15708,10035,0.7589353817870426,3,Bags & Accessories Product 036
C15708,10015,0.7090798785638028,4,Lighting Product 016
C15708,10021,0.698314653768269,5,Seasonal Product 022
C15708,10002,0.5287548358249065,6,Stationery Product 003
C15708,10025,0.48750405318214024,7,Kitchenware Product 026
C15708,10009,0.47818073828574464,8,Kitchenware Product 010
C15708,10305,0.47591677497988705,9,Kitchenware Product 306
C15708,10036,0.4248359231487482,10,Gifts Product 037
C15710,10025,0.7615829246572546,1,Kitchenware Product 026
C15710,10034,0.7364761185142796,2,Stationery Product 035
C15710,10009,0.6064408298200031,3,Kitchenware Product 010
C15710,10026,0.5255903601656463,4,Stationery Product 027
C15710,10305,0.48736249035332946,5,Kitchenware Product 306
C15710,10016,0.4606646365829553,6,Home Decor Product 017
C15710,10005,0.44141188301116024,7,Seasonal Product 006
C15710,10035,0.42544723763193276,8,Bags & Accessories Product 036
C15710,10036,0.41060268769538394,9,Gifts Product 037
C15710,10029,0.4054247245713593,10,Seasonal Product 030
C15713,10021,0.9918197917642569,1,Seasonal Product 022
C15713,10013,0.9372329200606958,2,Seasonal Product 014
C15713,10036,0.908017182769319,3,Gifts Product 037
C15713,10029,0.8900723700378314,4,Seasonal Product 030
C15713,10020,0.8853347465222051,5,Gifts Product 021
C15713,10012,0.7121697666724586,6,Gifts Product 013
C15713,10005,0.6930513424427595,7,Seasonal Product 006
C15713,10028,0.6587370822283507,8,Gifts Product 029
C15713,10015,0.6338411953400729,9,Lighting Product 016
C15713,10016,0.6175364766495239,10,Home Decor Product 017
C15714,10035,0.856937535828594,1,Bags & Accessories Product 036
C15714,10021,0.7031754585022738,2,Seasonal Product 022
C15714,10034,0.6622628244877765,3,Stationery Product 035
C15714,10009,0.6473202178368392,4,Kitchenware Product 010
C15714,10015,0.6342309032384331,5,Lighting Product 016
C15714,10028,0.6262378439262868,6,Gifts Product 029
C15714,10027,0.5104302824818833,7,Bags & Accessories Product 028
C15714,10025,0.48016508911842976,8,Kitchenware Product 026
C15714,10031,0.4610755220919437,9,Lighting Product 032
C15714,10016,0.45329315134951287,10,Home Decor Product 017
C15721,10034,0.7550919051114177,1,Stationery Product 035
C15721,10002,0.5706374658845974,2,Stationery Product 003
C15721,10013,0.5659528997357547,3,Seasonal Product 014
C15721,10305,0.5238734678302616,4,Kitchenware Product 306
C15721,10354,0.4851637282013023,5,Stationery Product 355
C15721,10026,0.359481473423664,6,Stationery Product 027
C15721,10007,0.35779355529841383,7,Lighting Product 008
C15721,10016,0.35331595769801744,8,Home Decor Product 017
C15721,10025,0.3511206629819404,9,Kitchenware Product 026
C15721,10240,0.34154981062571754,10,Home Decor Product 241
C15722,10021,0.9442336905703728,1,Seasonal Product 022
C15722,10013,0.9078474608036641,2,Seasonal Product 014
C15722,10025,0.8555879908675675,3,Kitchenware Product 026
C15722,10028,0.734061423911361,4,Gifts Product 029
C15722,10016,0.7240267524830829,5,Home Decor Product 017
C15722,10009,0.6371178409027453,6,Kitchenware Product 010
C15722,10005,0.6154176526979686,7,Seasonal Product 006
C15722,10015,0.5871387459400723,8,Lighting Product 016
C15722,10035,0.4876067076215934,9,Bags & Accessories Product 036
C15722,10219,0.47699232830858773,10,Bags & Accessories Product 220
C15727,10021,0.9146131492732104,1,Seasonal Product 022
C15727,10016,0.8952992682326517,2,Home Decor Product 017
C15727,10015,0.8945153938859511,3,Lighting Product 016
C15727,10038,0.8668315378367455,4,Party Supplies Product 039
C15727,10027,0.8640444661841118,5,Bags & Accessories Product 028
C15727,10035,0.8577646267552088,6,Bags & Accessories Product 036
C15727,10025,0.8417349566646652,7,Kitchenware Product 026
C15727,10034,0.8316746161548564,8,Stationery Product 035
C15727,10028,0.8124879891054868,9,Gifts Product 029
C15727,10002,0.8002295067101949,10,Stationery Product 003
C15728,10021,0.9921104483344334,1,Seasonal Product 022
C15728,10015,0.9646082461022852,2,Lighting Product 016
C15728,10007,0.936915135717368,3,Lighting Product 008
C15728,10027,0.7846546278233852,4,Bags & Accessories Product 028
C15728,10029,0.6776000035690766,5,Seasonal Product 030
C15728,10153,0.673431109399186,6,Kitchenware Product 154
C15728,10047,0.6711623142933811,7,Lighting Product 048
C15728,10016,0.6703565132428967,8,Home Decor Product 017
C15728,10013,0.6555348166136676,9,Seasonal Product 014
C15728,10028,0.64823697211004,10,Gifts Product 029
C15730,10016,0.7119235991574975,1,Home Decor Product 017
C15730,10021,0.6805731677221858,2,Seasonal Product 022
C15730,10015,0.6005792094985498,3,Lighting Product 016
C15730,10028,0.4743855344118555,4,Gifts Product 029
C15730,10027,0.44830535068259,5,Bags & Accessories Product 028
C15730,10034,0.4106481054431115,6,Stationery Product 035
C15730,10026,0.38475408897826296,7,Stationery Product 027
C15730,10035,0.38276967115787286,8,Bags & Accessories Product 036
C15730,10038,0.37996070494793305,9,Party Supplies Product 039
C15730,10007,0.37289148733558475,10,Lighting Product 008
C15731,10016,0.8408475238402402,1,Home Decor Product 017
C15731,10015,0.8350115033510163,2,Lighting Product 016
C15731,10021,0.6471971049341751,3,Seasonal Product 022
C15731,10028,0.6342649340741522,4,Gifts Product 029
C15731,10027,0.6122699202849969,5,Bags & Accessories Product 028
C15731,10007,0.6068698298895236,6,Lighting Product 008
C15731,10035,0.6063786551604018,7,Bags & Accessories Product 036
C15731,10025,0.6042840824692572,8,Kitchenware Product 026
C15731,10026,0.566400259690891,9,Stationery Product 027
C15731,10023,0.5648425146921134,10,Lighting Product 024
C15733,10034,0.8446672987823862,1,Stationery Product 035
C15733,10026,0.7822131839858737,2,Stationery Product 027
C15733,10028,0.751248900357763,3,Gifts Product 029
C15733,10016,0.7414747279476385,4,Home Decor Product 017
C15733,10021,0.7226094975959204,5,Seasonal Product 022
C15733,10020,0.6185849960970212,6,Gifts Product 021
C15733,10012,0.5506748075919887,7,Gifts Product 013
C15733,10354,0.5402986991846084,8,Stationery Product 355
C15733,10027,0.5389860442936751,9,Bags & Accessories Product 028
C15733,10116,0.5321552954225381,10,Gifts Product 117
C15737,10021,0.7799949318447245,1,Seasonal Product 022
C15737,10028,0.7736068173311356,2,Gifts Product 029
C15737,10038,0.693385787586892,3,Party Supplies Product 039
C15737,10015,0.5765857284716482,4,Lighting Product 016
C15737,10005,0.5585709761992256,5,Seasonal Product 006
C15737,10029,0.5500323202165128,6,Seasonal Product 030
C15737,10002,0.5459617126203328,7,Stationery Product 003
C15737,10020,0.4999057373945175,8,Gifts Product 021
C15737,10036,0.48682681776200354,9,Gifts Product 037
C15737,10013,0.48093909332685975,10,Seasonal Product 014
C15742,10021,0.9146131492732104,1,Seasonal Product 022
C15742,10016,0.8952992682326517,2,Home Decor Product 017
C15742,10015,0.8945153938859511,3,Lighting Product 016
C15742,10038,0.8668315378367455,4,Party Supplies Product 039
C15742,10027,0.8640444661841118,5,Bags & Accessories Product 028
C15742,10035,0.8577646267552088,6,Bags & Accessories Product 036
C15742,10025,0.8417349566646652,7,Kitchenware Product 026
C15742,10034,0.8316746161548564,8,Stationery Product 035
C15742,10028,0.8124879891054868,9,Gifts Product 029
C15742,10002,0.8002295067101949,10,Stationery Product 003
C15746,10028,0.9500732089052785,1,Gifts Product 029
C15746,10038,0.9358495648143103,2,Party Supplies Product 039
C15746,10015,0.819830906142457,3,Lighting Product 016
C15746,10244,0.8187317350221558,4,Gifts Product 245
C15746,10020,0.801460516822774,5,Gifts Product 021
C15746,10036,0.7990972317685796,6,Gifts Product 037
C15746,10212,0.7567346106941075,7,Gifts Product 213
C15746,10228,0.7540369465027528,8,Gifts Product 229
C15746,10300,0.7457093456446541,9,Gifts Product 301
C15746,10116,0.7448051632562859,10,Gifts Product 117
C15747,10021,0.6676089950350966,1,Seasonal Product 022
C15747,10035,0.6638017963934528,2,Bags & Accessories Product 036
C15747,10027,0.591723901650036,3,Bags & Accessories Product 028
C15747,10007,0.4935945883316714,4,Lighting Product 008
C15747,10025,0.48931233115700884,5,Kitchenware Product 026
C15747,10013,0.48043207065364657,6,Seasonal Product 014
C15747,10028,0.4750122025735268,7,Gifts Product 029
C15747,10015,0.4705944306537275,8,Lighting Product 016
C15747,10228,0.44951564160524243,9,Gifts Product 229
C15747,10038,0.44400532562803896,10,Party Supplies Product 039
C15753,10028,0.8192851041738806,1,Gifts Product 029
C15753,10021,0.7735375704994396,2,Seasonal Product 022
C15753,10009,0.6774975443388271,3,Kitchenware Product 010
C15753,10020,0.5971109823228676,4,Gifts Product 021
C15753,10060,0.5345135955124874,5,Gifts Product 061
C15753,10035,0.5008681849834044,6,Bags & Accessories Product 036
C15753,10013,0.4993481965903289,7,Seasonal Product 014
C15753,10027,0.49884502173031137,8,Bags & Accessories Product 028
C15753,10219,0.4849390106739905,9,Bags & Accessories Product 220
C15753,10337,0.45799940009084994,10,Kitchenware Product 338
C15754,10021,0.9629782724875188,1,Seasonal Product 022
C15754,10382,0.7402371833060158,2,Party Supplies Product 383
C15754,10013,0.6502721135463281,3,Seasonal Product 014
C15754,10025,0.6385703305126779,4,Kitchenware Product 026
C15754,10038,0.5794468272953562,5,Party Supplies Product 039
C15754,10015,0.5531522074918549,6,Lighting Product 016
C15754,10028,0.546803248945419,7,Gifts Product 029
C15754,10034,0.5442158946636169,8,Stationery Product 035
C15754,10238,0.5395043162997142,9,Party Supplies Product 239
C15754,10278,0.5019189616106607,10,Party Supplies Product 279
C15755,10036,0.6503634722183312,1,Gifts Product 037
C15755,10005,0.6332468243398565,2,Seasonal Product 006
C15755,10035,0.628854918772884,3,Bags & Accessories Product 036
C15755,10029,0.6258859923497636,4,Seasonal Product 030
C15755,10023,0.6188652696865785,5,Lighting Product 024
C15755,10007,0.6123995512262178,6,Lighting Product 008
C15755,10027,0.5924568035219218,7,Bags & Accessories Product 028
C15755,10028,0.5630740891889957,8,Gifts Product 029
C15755,10013,0.5604494885816206,9,Seasonal Product 014
C15755,10025,0.5519209067627241,10,Kitchenware Product 026
C15761,10026,0.7112699138660452,1,Stationery Product 027
C15761,10034,0.6222106338639471,2,Stationery Product 035
C15761,10002,0.5401627399483522,3,Stationery Product 003
C15761,10021,0.5141789630507052,4,Seasonal Product 022
C15761,10212,0.5132357874047362,5,Gifts Product 213
C15761,10038,0.49828661525517437,6,Party Supplies Product 039
C15761,10015,0.485482649215693,7,Lighting Product 016
C15761,10025,0.48395856596514175,8,Kitchenware Product 026
C15761,10012,0.4684749212606151,9,Gifts Product 013
C15761,10156,0.45718464935627434,10,Gifts Product 157
C15762,10027,0.9431230085335282,1,Bags & Accessories Product 028
C15762,10035,0.9364158381312997,2,Bags & Accessories Product 036
C15762,10025,0.9318430668224331,3,Kitchenware Product 026
C15762,10021,0.856693151854427,4,Seasonal Product 022
C15762,10026,0.8231321736419329,5,Stationery Product 027
C15762,10038,0.6596043494443791,6,Party Supplies Product 039
C15762,10013,0.6471999803924042,7,Seasonal Product 014
C15762,10036,0.6225340889468554,8,Gifts Product 037
C15762,10001,0.6120515409019355,9,Kitchenware Product 002
C15762,10219,0.5534581056990178,10,Bags & Accessories Product 220
C15763,10025,0.781042322438739,1,Kitchenware Product 026
C15763,10021,0.780099395870933,2,Seasonal Product 022
C15763,10028,0.6558690852142613,3,Gifts Product 029
C15763,10009,0.5715126766941395,4,Kitchenware Product 010
C15763,10007,0.5669294208877353,5,Lighting Product 008
C15763,10016,0.532159440880757,6,Home Decor Product 017
C15763,10278,0.5255126509664275,7,Party Supplies Product 279
C15763,10015,0.5241883863028622,8,Lighting Product 016
C15763,10002,0.5136684265806175,9,Stationery Product 003
C15763,10027,0.5062222052688454,10,Bags & Accessories Product 028
C15766,10016,0.8003690222481493,1,Home Decor Product 017
C15766,10021,0.75425815943957,2,Seasonal Product 022
C15766,10015,0.6338761963258646,3,Lighting Product 016
C15766,10023,0.4932675557287847,4,Lighting Product 024
C15766,10007,0.45205848516339425,5,Lighting Product 008
C15766,10038,0.4311209406491399,6,Party Supplies Product 039
C15766,10020,0.41661822347216315,7,Gifts Product 021
C15766,10025,0.413166350426755,8,Kitchenware Product 026
C15766,10005,0.4056792475360495,9,Seasonal Product 006
C15766,10002,0.39880551596827496,10,Stationery Product 003
C15767,10016,0.9502608834237298,1,Home Decor Product 017
C15767,10034,0.8580579110097525,2,Stationery Product 035
C15767,10027,0.8575126129696367,3,Bags & Accessories Product 028
C15767,10021,0.8310847226865387,4,Seasonal Product 022
C15767,10026,0.657064475846103,5,Stationery Product 027
C15767,10013,0.629262612523624,6,Seasonal Product 014
C15767,10036,0.5923534974449447,7,Gifts Product 037
C15767,10392,0.5563272756440755,8,Home Decor Product 393
C15767,10200,0.5235454803813252,9,Home Decor Product 201
C15767,10179,0.5136089928769031,10,Bags & Accessories Product 180
C15768,10015,0.7219628978878802,1,Lighting Product 016
C15768,10021,0.6426689537473461,2,Seasonal Product 022
C15768,10295,0.5032552096937906,3,Lighting Product 296
C15768,10219,0.4816188055497894,4,Bags & Accessories Product 220
C15768,10023,0.46184927131835235,5,Lighting Product 024
C15768,10013,0.4529004387423591,6,Seasonal Product 014
C15768,10016,0.44666008292966713,7,Home Decor Product 017
C15768,10007,0.42052176223542737,8,Lighting Product 008
C15768,10031,0.41798891301481317,9,Lighting Product 032
C15768,10025,0.41573301328699963,10,Kitchenware Product 026
C15769,10035,0.8560604925477613,1,Bags & Accessories Product 036
C15769,10038,0.7988149199985218,2,Party Supplies Product 039
C15769,10278,0.5645929429716104,3,Party Supplies Product 279
C15769,10027,0.5377720987301644,4,Bags & Accessories Product 028
C15769,10015,0.526470160303672,5,Lighting Product 016
C15769,10195,0.5224634598775704,6,Bags & Accessories Product 196
C15769,10013,0.5191451688197918,7,Seasonal Product 014
C15769,10034,0.5159660825731759,8,Stationery Product 035
C15769,10026,0.5048404472342896,9,Stationery Product 027
C15769,10028,0.5023711432323907,10,Gifts Product 029
C15770,10013,0.9069726148468413,1,Seasonal Product 014
C15770,10005,0.8749234113021117,2,Seasonal Product 006
C15770,10021,0.8683765191158949,3,Seasonal Product 022
C15770,10029,0.8299369976021719,4,Seasonal Product 030
C15770,10027,0.7520299928101701,5,Bags & Accessories Product 028
C15770,10038,0.7312737791574175,6,Party Supplies Product 039
C15770,10173,0.7040326245388479,7,Seasonal Product 174
C15770,10166,0.6622911446107964,8,Party Supplies Product 167
C15770,10028,0.6342754967565631,9,Gifts Product 029
C15770,10350,0.6123530700176258,10,Party Supplies Product 351
C15772,10005,0.613088952794347,1,Seasonal Product 006
C15772,10015,0.59215225755661,2,Lighting Product 016
C15772,10023,0.5657716223173349,3,Lighting Product 024
C15772,10027,0.5638764606966046,4,Bags & Accessories Product 028
C15772,10029,0.5622690763470032,5,Seasonal Product 030
C15772,10028,0.5591969821639252,6,Gifts Product 029
C15772,10026,0.5353852940048041,7,Stationery Product 027
C15772,10007,0.5318954841194444,8,Lighting Product 008
C15772,10036,0.5273368720016192,9,Gifts Product 037
C15772,10021,0.5191350833879371,10,Seasonal Product 022
C15774,10021,0.8189570991004976,1,Seasonal Product 022
C15774,10026,0.7277641135134142,2,Stationery Product 027
C15774,10029,0.5694325531714831,3,Seasonal Product 030
C15774,10028,0.5392807373343962,4,Gifts Product 029
C15774,10005,0.5377205302726585,5,Seasonal Product 006
C15774,10034,0.526762995609297,6,Stationery Product 035
C15774,10016,0.5066405987680115,7,Home Decor Product 017
C15774,10038,0.504830324929591,8,Party Supplies Product 039
C15774,10202,0.4983677280008348,9,Stationery Product 203
C15774,10025,0.49506910561097595,10,Kitchenware Product 026
C15775,10028,0.7910642100641583,1,Gifts Product 029
C15775,10021,0.7281620783658141,2,Seasonal Product 022
C15775,10026,0.7112292757122642,3,Stationery Product 027
C15775,10025,0.6748435957426022,4,Kitchenware Product 026
C15775,10016,0.6458048484485709,5,Home Decor Product 017
C15775,10015,0.5350619887466085,6,Lighting Product 016
C15775,10012,0.5224731423612751,7,Gifts Product 013
C15775,10031,0.5085084335026464,8,Lighting Product 032
C15775,10060,0.4628189271634155,9,Gifts Product 061
C15775,10013,0.4588294927564623,10,Seasonal Product 014
C15778,10026,0.884861927873647,1,Stationery Product 027
C15778,10034,0.8734683983315282,2,Stationery Product 035
C15778,10028,0.8700999350440846,3,Gifts Product 029
C15778,10038,0.7352929922032304,4,Party Supplies Product 039
C15778,10020,0.680209000512032,5,Gifts Product 021
C15778,10021,0.629126655340492,6,Seasonal Product 022
C15778,10036,0.5892977023371083,7,Gifts Product 037
C15778,10202,0.5833178706703838,8,Stationery Product 203
C15778,10228,0.5709808885600338,9,Gifts Product 229
C15778,10025,0.5412275127416311,10,Kitchenware Product 026
C15780,10035,0.9356829405591351,1,Bags & Accessories Product 036
C15780,10027,0.8744270975145964,2,Bags & Accessories Product 028
C15780,10026,0.7787751814962764,3,Stationery Product 027
C15780,10034,0.7316274853160463,4,Stationery Product 035
C15780,10031,0.6593499701011496,5,Lighting Product 032
C15780,10021,0.6115597296180841,6,Seasonal Product 022
C15780,10195,0.5721954516146501,7,Bags & Accessories Product 196
C15780,10015,0.5527858806907778,8,Lighting Product 016
C15780,10354,0.4997626583992788,9,Stationery Product 355
C15780,10090,0.4465088244415108,10,Stationery Product 091
C15783,10021,0.9815951395472186,1,Seasonal Product 022
C15783,10013,0.7222624783835557,2,Seasonal Product 014
C15783,10028,0.6620005576924666,3,Gifts Product 029
C15783,10038,0.6394144914792168,4,Party Supplies Product 039
C15783,10029,0.6275378232803814,5,Seasonal Product 030
C15783,10022,0.565777540955337,6,Party Supplies Product 023
C15783,10005,0.5449082141642186,7,Seasonal Product 006
C15783,10036,0.5404551427592429,8,Gifts Product 037
C15783,10015,0.5313194822450437,9,Lighting Product 016
C15783,10023,0.5277454959303061,10,Lighting Product 024
C15784,10027,0.9129384534189793,1,Bags & Accessories Product 028
C15784,10035,0.8142517370181529,2,Bags & Accessories Product 036
C15784,10026,0.7991081947992132,3,Stationery Product 027
C15784,10021,0.7211055337889616,4,Seasonal Product 022
C15784,10029,0.7163841480448382,5,Seasonal Product 030
C15784,10013,0.6985430128465362,6,Seasonal Product 014
C15784,10211,0.6682041024075221,7,Bags & Accessories Product 212
C15784,10036,0.6498610052207674,8,Gifts Product 037
C15784,10195,0.5644103063168612,9,Bags & Accessories Product 196
C15784,10015,0.5639827476350662,10,Lighting Product 016
C15786,10028,0.8155264442410499,1,Gifts Product 029
C15786,10021,0.737813064105132,2,Seasonal Product 022
C15786,10034,0.6942663867528241,3,Stationery Product 035
C15786,10036,0.6416012256191722,4,Gifts Product 037
C15786,10009,0.634422013180625,5,Kitchenware Product 010
C15786,10020,0.6320819506858094,6,Gifts Product 021
C15786,10016,0.5541253981649706,7,Home Decor Product 017
C15786,10013,0.5470925494212256,8,Seasonal Product 014
C15786,10296,0.5163148434030173,9,Home Decor Product 297
C15786,10015,0.5153318592606124,10,Lighting Product 016
C15787,10021,0.7639647936651381,1,Seasonal Product 022
C15787,10034,0.7161905824599909,2,Stationery Product 035
C15787,10015,0.6210555343793137,3,Lighting Product 016
C15787,10012,0.5422801144623915,4,Gifts Product 013
C15787,10038,0.4725266729654043,5,Party Supplies Product 039
C15787,10028,0.44701781809751595,6,Gifts Product 029
C15787,10016,0.4431264536831232,7,Home Decor Product 017
C15787,10013,0.43858961896793186,8,Seasonal Product 014
C15787,10047,0.42748389087654004,9,Lighting Product 048
C15787,10027,0.4129696811330676,10,Bags & Accessories Product 028
C15789,10021,0.9317772083142412,1,Seasonal Product 022
C15789,10016,0.793041984299147,2,Home Decor Product 017
C15789,10005,0.7166862687337895,3,Seasonal Product 006
C15789,10029,0.7115285324546115,4,Seasonal Product 030
C15789,10015,0.7018699852002831,5,Lighting Product 016
C15789,10368,0.6350883465674706,6,Home Decor Product 369
C15789,10296,0.6186048103780556,7,Home Decor Product 297
C15789,10013,0.6135851508742343,8,Seasonal Product 014
C15789,10096,0.5817674707012046,9,Home Decor Product 097
C15789,10101,0.5588652551959531,10,Seasonal Product 102
C15795,10034,0.9824104048774236,1,Stationery Product 035
C15795,10002,0.9650053514064199,2,Stationery Product 003
C15795,10015,0.9119492217740319,3,Lighting Product 016
C15795,10031,0.898967283820424,4,Lighting Product 032
C15795,10354,0.8879545439786589,5,Stationery Product 355
C15795,10007,0.8280574220398499,6,Lighting Product 008
C15795,10202,0.7953731083207721,7,Stationery Product 203
C15795,10026,0.7950829843762796,8,Stationery Product 027
C15795,10021,0.7722674506535739,9,Seasonal Product 022
C15795,10047,0.7351394182067083,10,Lighting Product 048
C15798,10027,0.9030821865613914,1,Bags & Accessories Product 028
C15798,10007,0.890850615798174,2,Lighting Product 008
C15798,10023,0.8799018451810646,3,Lighting Product 024
C15798,10035,0.8674878947547039,4,Bags & Accessories Product 036
C15798,10015,0.8207800209747954,5,Lighting Product 016
C15798,10021,0.7204228101980078,6,Seasonal Product 022
C15798,10036,0.5419393832976565,7,Gifts Product 037
C15798,10013,0.5340459674654884,8,Seasonal Product 014
C15798,10038,0.5181365356878023,9,Party Supplies Product 039
C15798,10020,0.4897721604806617,10,Gifts Product 021
C15799,10021,0.9896979580425568,1,Seasonal Product 022
C15799,10027,0.8721613888320225,2,Bags & Accessories Product 028
C15799,10013,0.7814836749556707,3,Seasonal Product 014
C15799,10035,0.768055858928415,4,Bags & Accessories Product 036
C15799,10026,0.7473917590837913,5,Stationery Product 027
C15799,10015,0.6768451332533729,6,Lighting Product 016
C15799,10029,0.6081907394563453,7,Seasonal Product 030
C15799,10028,0.5919444129871549,8,Gifts Product 029
C15799,10005,0.56161880846753,9,Seasonal Product 006
C15799,10007,0.5163652762513419,10,Lighting Product 008
C15800,10025,0.6846571302833392,1,Kitchenware Product 026
C15800,10021,0.5972772534221543,2,Seasonal Product 022
C15800,10034,0.49635907725796774,3,Stationery Product 035
C15800,10026,0.4836941105919857,4,Stationery Product 027
C15800,10013,0.46060107273218276,5,Seasonal Product 014
C15800,10016,0.44245596777201,6,Home Decor Product 017
C15800,10305,0.4286477809654965,7,Kitchenware Product 306
C15800,10035,0.425800523549063,8,Bags & Accessories Product 036
C15800,10029,0.42494687383217156,9,Seasonal Product 030
C15800,10036,0.42492969271873876,10,Gifts Product 037
C15801,10021,0.8636737619242323,1,Seasonal Product 022
C15801,10028,0.8445623255731103,2,Gifts Product 029
C15801,10015,0.7329401728280532,3,Lighting Product 016
C15801,10013,0.7221100812949818,4,Seasonal Product 014
C15801,10036,0.5870380313337653,5,Gifts Product 037
C15801,10027,0.4853494572792447,6,Bags & Accessories Product 028
C15801,10016,0.43933605322715297,7,Home Decor Product 017
C15801,10038,0.4264960464261615,8,Party Supplies Product 039
C15801,10035,0.42593835905162614,9,Bags & Accessories Product 036
C15801,10002,0.36513390168146986,10,Stationery Product 003
C15802,10028,0.8014771347082018,1,Gifts Product 029
C15802,10035,0.7456378222200813,2,Bags & Accessories Product 036
C15802,10038,0.7303778456292123,3,Party Supplies Product 039
C15802,10016,0.7088274474771569,4,Home Decor Product 017
C15802,10015,0.6817839329936142,5,Lighting Product 016
C15802,10034,0.6495220670194477,6,Stationery Product 035
C15802,10036,0.6268652220535632,7,Gifts Product 037
C15802,10021,0.6187348135408842,8,Seasonal Product 022
C15802,10156,0.5713375493615902,9,Gifts Product 157
C15802,10116,0.5153408272207604,10,Gifts Product 117
C15804,10021,0.9146131492732104,1,Seasonal Product 022
C15804,10016,0.8952992682326517,2,Home Decor Product 017
C15804,10015,0.8945153938859511,3,Lighting Product 016
C15804,10038,0.8668315378367455,4,Party Supplies Product 039
C15804,10027,0.8640444661841118,5,Bags & Accessories Product 028
C15804,10035,0.8577646267552088,6,Bags & Accessories Product 036
C15804,10025,0.8417349566646652,7,Kitchenware Product 026
C15804,10034,0.8316746161548564,8,Stationery Product 035
C15804,10028,0.8124879891054868,9,Gifts Product 029
C15804,10002,0.8002295067101949,10,Stationery Product 003
C15806,10026,0.864610883947584,1,Stationery Product 027
C15806,10034,0.7132168404642457,2,Stationery Product 035
C15806,10025,0.694488671579437,3,Kitchenware Product 026
C15806,10305,0.6282379369623385,4,Kitchenware Product 306
C15806,10036,0.5778576015778077,5,Gifts Product 037
C15806,10002,0.5496097263651142,6,Stationery Product 003
C15806,10021,0.5437664730834469,7,Seasonal Product 022
C15806,10027,0.5202703485860565,8,Bags & Accessories Product 028
C15806,10015,0.5154985185043879,9,Lighting Product 016
C15806,10038,0.5137220816397314,10,Party Supplies Product 039
C15807,10034,0.9467474752254067,1,Stationery Product 035
C15807,10026,0.9436185458889962,2,Stationery Product 027
C15807,10028,0.7810059547588754,3,Gifts Product 029
C15807,10002,0.7438839186583796,4,Stationery Product 003
C15807,10020,0.6616333088467566,5,Gifts Product 021
C15807,10021,0.6091377373598269,6,Seasonal Product 022
C15807,10354,0.6056617501286173,7,Stationery Product 355
C15807,10013,0.5844412704176397,8,Seasonal Product 014
C15807,10212,0.5790425495808005,9,Gifts Product 213
C15807,10060,0.5782041296620433,10,Gifts Product 061
C15808,10035,0.7620202874397761,1,Bags & Accessories Product 036
C15808,10028,0.6790767488331575,2,Gifts Product 029
C15808,10013,0.6142893846792497,3,Seasonal Product 014
C15808,10021,0.5641656051876554,4,Seasonal Product 022
C15808,10166,0.5308295183294581,5,Party Supplies Product 167
C15808,10015,0.520194373567396,6,Lighting Product 016
C15808,10038,0.44660032639370534,7,Party Supplies Product 039
C15808,10029,0.4274815115303204,8,Seasonal Product 030
C15808,10007,0.40444481919631375,9,Lighting Product 008
C15808,10005,0.37716202027900597,10,Seasonal Product 006
C15809,10021,0.8688136165161556,1,Seasonal Product 022
C15809,10016,0.8537668735539472,2,Home Decor Product 017
C15809,10015,0.7365719296728443,3,Lighting Product 016
C15809,10013,0.7275947903073157,4,Seasonal Product 014
C15809,10028,0.5392166894852473,5,Gifts Product 029
C15809,10027,0.5094129850755301,6,Bags & Accessories Product 028
C15809,10305,0.4892045097548488,7,Kitchenware Product 306
C15809,10025,0.47371366431727596,8,Kitchenware Product 026
C15809,10034,0.4398734354293713,9,Stationery Product 035
C15809,10038,0.3872686977468597,10,Party Supplies Product 039
C15810,10021,0.8137948129979965,1,Seasonal Product 022
C15810,10015,0.691384468605787,2,Lighting Product 016
C15810,10027,0.6175380540280697,3,Bags & Accessories Product 028
C15810,10026,0.6077289411656156,4,Stationery Product 027
C15810,10016,0.5796068607844361,5,Home Decor Product 017
C15810,10028,0.5517105318380313,6,Gifts Product 029
C15810,10038,0.5311728952140229,7,Party Supplies Product 039
C15810,10034,0.5101744497943828,8,Stationery Product 035
C15810,10025,0.46982621527753043,9,Kitchenware Product 026
C15810,10035,0.4679334551782178,10,Bags & Accessories Product 036
C15814,10016,0.8463702439582572,1,Home Decor Product 017
C15814,10305,0.7276948041489986,2,Kitchenware Product 306
C15814,10021,0.5319136529882378,3,Seasonal Product 022
C15814,10015,0.43855105218141005,4,Lighting Product 016
C15814,10025,0.4363670711397546,5,Kitchenware Product 026
C15814,10002,0.39906462408286486,6,Stationery Product 003
C15814,10023,0.375057785692026,7,Lighting Product 024
C15814,10036,0.36634037370248096,8,Gifts Product 037
C15814,10009,0.36212431176399185,9,Kitchenware Product 010
C15814,10029,0.3530813185025041,10,Seasonal Product 030
C15820,10027,0.8312825759216332,1,Bags & Accessories Product 028
C15820,10021,0.7273645139571377,2,Seasonal Product 022
C15820,10305,0.7262016757162026,3,Kitchenware Product 306
C15820,10035,0.6253213249874515,4,Bags & Accessories Product 036
C15820,10001,0.6004991488977991,5,Kitchenware Product 002
C15820,10016,0.5901599960424494,6,Home Decor Product 017
C15820,10015,0.58549366022083,7,Lighting Product 016
C15820,10009,0.579868178143361,8,Kitchenware Product 010
C15820,10353,0.5691135393558918,9,Kitchenware Product 354
C15820,10209,0.5669642884780586,10,Kitchenware Product 210
C15821,10021,0.9037056934238163,1,Seasonal Product 022
C15821,10013,0.6762010625421689,2,Seasonal Product 014
C15821,10015,0.6080983315812798,3,Lighting Product 016
C15821,10016,0.5309753515570628,4,Home Decor Product 017
C15821,10038,0.5143080722586345,5,Party Supplies Product 039
C15821,10360,0.49979617739171556,6,Home Decor Product 361
C15821,10028,0.47748095779107474,7,Gifts Product 029
C15821,10007,0.46308304138133005,8,Lighting Product 008
C15821,10002,0.44226494914635794,9,Stationery Product 003
C15821,10025,0.4248259583956855,10,Kitchenware Product 026
C15822,10028,0.9793463640119594,1,Gifts Product 029
C15822,10026,0.8956036911776579,2,Stationery Product 027
C15822,10034,0.7861844125323803,3,Stationery Product 035
C15822,10002,0.7595983637279425,4,Stationery Product 003
C15822,10021,0.7423090100988984,5,Seasonal Product 022
C15822,10027,0.6884784689024599,6,Bags & Accessories Product 028
C15822,10025,0.6670324580949452,7,Kitchenware Product 026
C15822,10036,0.6420990799563578,8,Gifts Product 037
C15822,10354,0.6159772033144448,9,Stationery Product 355
C15822,10090,0.6129888408842974,10,Stationery Product 091
C15823,10038,0.8077477306869342,1,Party Supplies Product 039
C15823,10016,0.7949954753139361,2,Home Decor Product 017
C15823,10021,0.7861462847550647,3,Seasonal Product 022
C15823,10034,0.7386927240375585,4,Stationery Product 035
C15823,10026,0.678591172454827,5,Stationery Product 027
C15823,10382,0.6580093983616015,6,Party Supplies Product 383
C15823,10022,0.5891178920142611,7,Party Supplies Product 023
C15823,10015,0.5766755702483922,8,Lighting Product 016
C15823,10202,0.5583123378840159,9,Stationery Product 203
C15823,10179,0.5466265035460118,10,Bags & Accessories Product 180
C15825,10025,0.9361604974475103,1,Kitchenware Product 026
C15825,10026,0.8551828206096915,2,Stationery Product 027
C15825,10002,0.8225533406612209,3,Stationery Product 003
C15825,10021,0.8038072304352828,4,Seasonal Product 022
C15825,10034,0.7996846414380018,5,Stationery Product 035
C15825,10305,0.7847033799756504,6,Kitchenware Product 306
C15825,10354,0.778082711227708,7,Stationery Product 355
C15825,10009,0.7658471845151353,8,Kitchenware Product 010
C15825,10013,0.6939872432402518,9,Seasonal Product 014
C15825,10023,0.5753767119675807,10,Lighting Product 024
C15828,10021,0.9146131492732104,1,Seasonal Product 022
C15828,10016,0.8952992682326517,2,Home Decor Product 017
C15828,10015,0.8945153938859511,3,Lighting Product 016
C15828,10038,0.8668315378367455,4,Party Supplies Product 039
C15828,10027,0.8640444661841118,5,Bags & Accessories Product 028
C15828,10035,0.8577646267552088,6,Bags & Accessories Product 036
C15828,10025,0.8417349566646652,7,Kitchenware Product 026
C15828,10034,0.8316746161548564,8,Stationery Product 035
C15828,10028,0.8124879891054868,9,Gifts Product 029
C15828,10002,0.8002295067101949,10,Stationery Product 003
C15829,10021,0.9365331889194524,1,Seasonal Product 022
C15829,10013,0.8985301169952145,2,Seasonal Product 014
C15829,10007,0.8199867824828397,3,Lighting Product 008
C15829,10015,0.7274795080311766,4,Lighting Product 016
C15829,10035,0.7100134438165093,5,Bags & Accessories Product 036
C15829,10029,0.6889790778887808,6,Seasonal Product 030
C15829,10027,0.6147017639218311,7,Bags & Accessories Product 028
C15829,10005,0.6137643266898527,8,Seasonal Product 006
C15829,10016,0.49911771768655305,9,Home Decor Product 017
C15829,10031,0.470194290221561,10,Lighting Product 032
C15831,10028,0.8729720463167985,1,Gifts Product 029
C15831,10021,0.8412612654497473,2,Seasonal Product 022
C15831,10015,0.7848111632283782,3,Lighting Product 016
C15831,10116,0.5060333764574858,4,Gifts Product 117
C15831,10055,0.49918283098167904,5,Lighting Product 056
C15831,10244,0.48428592042810964,6,Gifts Product 245
C15831,10012,0.4779263055942392,7,Gifts Product 013
C15831,10016,0.45331690818431525,8,Home Decor Product 017
C15831,10036,0.41645912234965116,9,Gifts Product 037
C15831,10004,0.3818409809840635,10,Gifts Product 005
C15832,10015,0.9689697813329097,1,Lighting Product 016
C15832,10021,0.8450400661338419,2,Seasonal Product 022
C15832,10034,0.8242108464524148,3,Stationery Product 035
C15832,10027,0.8200187276344024,4,Bags & Accessories Product 028
C15832,10002,0.6622311601846312,5,Stationery Product 003
C15832,10031,0.6604819755705705,6,Lighting Product 032
C15832,10007,0.6087016482729029,7,Lighting Product 008
C15832,10013,0.6031503910047655,8,Seasonal Product 014
C15832,10009,0.586120148398194,9,Kitchenware Product 010
C15832,10005,0.5799304958718632,10,Seasonal Product 006
C15835,10021,0.9635981447661157,1,Seasonal Product 022
C15835,10005,0.8159240554046113,2,Seasonal Product 006
C15835,10013,0.789306366066895,3,Seasonal Product 014
C15835,10026,0.7284872626883329,4,Stationery Product 027
C15835,10029,0.7176985014824178,5,Seasonal Product 030
C15835,10009,0.7012774384841919,6,Kitchenware Product 010
C15835,10025,0.6202852018525236,7,Kitchenware Product 026
C15835,10015,0.5547726318280346,8,Lighting Product 016
C15835,10209,0.5526672349993512,9,Kitchenware Product 210
C15835,10023,0.5361267271049064,10,Lighting Product 024
C15838,10007,0.87208516989994,1,Lighting Product 008
C15838,10002,0.8716832887401733,2,Stationery Product 003
C15838,10026,0.8397590851537763,3,Stationery Product 027
C15838,10034,0.8305874284179253,4,Stationery Product 035
C15838,10354,0.8045012139369085,5,Stationery Product 355
C15838,10015,0.7903802085343614,6,Lighting Product 016
C15838,10202,0.751979979239202,7,Stationery Product 203
C15838,10028,0.7491690054134739,8,Gifts Product 029
C15838,10021,0.7335191071490844,9,Seasonal Product 022
C15838,10025,0.7033587462063342,10,Kitchenware Product 026
C15839,10027,0.8819131920717694,1,Bags & Accessories Product 028
C15839,10028,0.8152284389364927,2,Gifts Product 029
C15839,10036,0.7982248573908636,3,Gifts Product 037
C15839,10035,0.740993681338049,4,Bags & Accessories Product 036
C15839,10212,0.5481141485981728,5,Gifts Product 213
C15839,10179,0.5373416700369472,6,Bags & Accessories Product 180
C15839,10015,0.5109480708307294,7,Lighting Product 016
C15839,10116,0.48417709096996286,8,Gifts Product 117
C15839,10012,0.4587464556583383,9,Gifts Product 013
C15839,10021,0.4520034030947462,10,Seasonal Product 022
C15842,10027,0.7595377048701768,1,Bags & Accessories Product 028
C15842,10021,0.7265806159794382,2,Seasonal Product 022
C15842,10015,0.6005761791319989,3,Lighting Product 016
C15842,10195,0.5504964872451634,4,Bags & Accessories Product 196
C15842,10038,0.5338309395114792,5,Party Supplies Product 039
C15842,10028,0.5289998210869877,6,Gifts Product 029
C15842,10382,0.4696594649668529,7,Party Supplies Product 383
C15842,10029,0.45886687114021213,8,Seasonal Product 030
C15842,10035,0.4536023258443466,9,Bags & Accessories Product 036
C15842,10007,0.4484284134071214,10,Lighting Product 008
C15843,10021,0.9146131492732104,1,Seasonal Product 022
C15843,10016,0.8952992682326517,2,Home Decor Product 017
C15843,10015,0.8945153938859511,3,Lighting Product 016
C15843,10038,0.8668315378367455,4,Party Supplies Product 039
C15843,10027,0.8640444661841118,5,Bags & Accessories Product 028
C15843,10035,0.8577646267552088,6,Bags & Accessories Product 036
C15843,10025,0.8417349566646652,7,Kitchenware Product 026
C15843,10034,0.8316746161548564,8,Stationery Product 035
C15843,10028,0.8124879891054868,9,Gifts Product 029
C15843,10002,0.8002295067101949,10,Stationery Product 003
C15846,10025,0.8879112872137154,1,Kitchenware Product 026
C15846,10027,0.7272442663893627,2,Bags & Accessories Product 028
C15846,10179,0.693683440154305,3,Bags & Accessories Product 180
C15846,10153,0.6918474277604804,4,Kitchenware Product 154
C15846,10209,0.6890153632471004,5,Kitchenware Product 210
C15846,10169,0.6758662504214835,6,Kitchenware Product 170
C15846,10009,0.6732038599294521,7,Kitchenware Product 010
C15846,10305,0.6406560256882449,8,Kitchenware Product 306
C15846,10026,0.6379358957151771,9,Stationery Product 027
C15846,10193,0.6276414404936407,10,Kitchenware Product 194
C15847,10021,0.992229924070129,1,Seasonal Product 022
C15847,10013,0.9747197927504305,2,Seasonal Product 014
C15847,10015,0.949562796071729,3,Lighting Product 016
C15847,10007,0.9186479346100267,4,Lighting Product 008
C15847,10029,0.8255738908525138,5,Seasonal Product 030
C15847,10101,0.7880746777803094,6,Seasonal Product 102
C15847,10005,0.771936286815621,7,Seasonal Product 006
C15847,10025,0.6979519346599996,8,Kitchenware Product 026
C15847,10036,0.6868281211993967,9,Gifts Product 037
C15847,10035,0.6549498471514074,10,Bags & Accessories Product 036
C15848,10021,0.9146131492732104,1,Seasonal Product 022
C15848,10016,0.8952992682326517,2,Home Decor Product 017
C15848,10015,0.8945153938859511,3,Lighting Product 016
C15848,10038,0.8668315378367455,4,Party Supplies Product 039
C15848,10027,0.8640444661841118,5,Bags & Accessories Product 028
C15848,10035,0.8577646267552088,6,Bags & Accessories Product 036
C15848,10025,0.8417349566646652,7,Kitchenware Product 026
C15848,10034,0.8316746161548564,8,Stationery Product 035
C15848,10028,0.8124879891054868,9,Gifts Product 029
C15848,10002,0.8002295067101949,10,Stationery Product 003
C15850,10028,0.7508825182178752,1,Gifts Product 029
C15850,10015,0.6736783218830759,2,Lighting Product 016
C15850,10021,0.5272659713522511,3,Seasonal Product 022
C15850,10025,0.5073876278681595,4,Kitchenware Product 026
C15850,10354,0.49988499891546173,5,Stationery Product 355
C15850,10026,0.46206668817480157,6,Stationery Product 027
C15850,10034,0.44818080907600544,7,Stationery Product 035
C15850,10002,0.4393879114866529,8,Stationery Product 003
C15850,10038,0.43856264079140855,9,Party Supplies Product 039
C15850,10016,0.4107675915971566,10,Home Decor Product 017
C15852,10016,0.9481579588790499,1,Home Decor Product 017
C15852,10026,0.8174030034690111,2,Stationery Product 027
C15852,10034,0.7906859804123972,3,Stationery Product 035
C15852,10027,0.6945022789438221,4,Bags & Accessories Product 028
C15852,10015,0.6944696534859862,5,Lighting Product 016
C15852,10296,0.6567080069943185,6,Home Decor Product 297
C15852,10002,0.6141939145863458,7,Stationery Product 003
C15852,10090,0.5998312290436564,8,Stationery Product 091
C15852,10020,0.5769078295861144,9,Gifts Product 021
C15852,10354,0.5521521991916565,10,Stationery Product 355
C15853,10021,0.9146131492732104,1,Seasonal Product 022
C15853,10016,0.8952992682326517,2,Home Decor Product 017
C15853,10015,0.8945153938859511,3,Lighting Product 016
C15853,10038,0.8668315378367455,4,Party Supplies Product 039
C15853,10027,0.8640444661841118,5,Bags & Accessories Product 028
C15853,10035,0.8577646267552088,6,Bags & Accessories Product 036
C15853,10025,0.8417349566646652,7,Kitchenware Product 026
C15853,10034,0.8316746161548564,8,Stationery Product 035
C15853,10028,0.8124879891054868,9,Gifts Product 029
C15853,10002,0.8002295067101949,10,Stationery Product 003
C15856,10028,0.794952340134155,1,Gifts Product 029
C15856,10027,0.7481324226202191,2,Bags & Accessories Product 028
C15856,10035,0.7452642018884417,3,Bags & Accessories Product 036
C15856,10021,0.7440434242996807,4,Seasonal Product 022
C15856,10038,0.6935046426905402,5,Party Supplies Product 039
C15856,10036,0.5968955363183143,6,Gifts Product 037
C15856,10116,0.5258362996666238,7,Gifts Product 117
C15856,10025,0.41839774247603445,8,Kitchenware Product 026
C15856,10026,0.4114523738140666,9,Stationery Product 027
C15856,10015,0.39797846538621573,10,Lighting Product 016
C15860,10027,0.6757800155717885,1,Bags & Accessories Product 028
C15860,10021,0.6425088528452026,2,Seasonal Product 022
C15860,10016,0.6249636448391036,3,Home Decor Product 017
C15860,10028,0.619356500018388,4,Gifts Product 029
C15860,10015,0.6139521498187059,5,Lighting Product 016
C15860,10023,0.6071291706943044,6,Lighting Product 024
C15860,10007,0.6033956208819943,7,Lighting Product 008
C15860,10038,0.5410736658577635,8,Party Supplies Product 039
C15860,10029,0.5384687507246299,9,Seasonal Product 030
C15860,10013,0.5360994761285786,10,Seasonal Product 014
C15862,10027,0.8065142518412668,1,Bags & Accessories Product 028
C15862,10035,0.7617059327787151,2,Bags & Accessories Product 036
C15862,10021,0.7469969077119689,3,Seasonal Product 022
C15862,10038,0.7236921982592568,4,Party Supplies Product 039
C15862,10013,0.6261786905200444,5,Seasonal Product 014
C15862,10002,0.6143259283213212,6,Stationery Product 003
C15862,10101,0.5906619367734905,7,Seasonal Product 102
C15862,10028,0.5797899320898511,8,Gifts Product 029
C15862,10015,0.5608447804627668,9,Lighting Product 016
C15862,10354,0.5252695943338067,10,Stationery Product 355
C15863,10021,0.7777470500471081,1,Seasonal Product 022
C15863,10028,0.7385882088653324,2,Gifts Product 029
C15863,10013,0.7321558967844833,3,Seasonal Product 014
C15863,10015,0.6915291162122509,4,Lighting Product 016
C15863,10153,0.5910392634640523,5,Kitchenware Product 154
C15863,10036,0.554681943860418,6,Gifts Product 037
C15863,10038,0.5283713812157037,7,Party Supplies Product 039
C15863,10027,0.48183133071118545,8,Bags & Accessories Product 028
C15863,10005,0.4802621115060477,9,Seasonal Product 006
C15863,10035,0.4607352852426981,10,Bags & Accessories Product 036
C15866,10028,0.689869487844539,1,Gifts Product 029
C15866,10021,0.633373133411322,2,Seasonal Product 022
C15866,10025,0.45804671666892566,3,Kitchenware Product 026
C15866,10015,0.4563390925064363,4,Lighting Product 016
C15866,10354,0.44811542070096994,5,Stationery Product 355
C15866,10020,0.4334999402351724,6,Gifts Product 021
C15866,10013,0.4294831514017524,7,Seasonal Product 014
C15866,10035,0.35975473158140875,8,Bags & Accessories Product 036
C15866,10026,0.3591652891767372,9,Stationery Product 027
C15866,10038,0.3363339092764729,10,Party Supplies Product 039
C15867,10021,0.6653516634299576,1,Seasonal Product 022
C15867,10028,0.581391752845576,2,Gifts Product 029
C15867,10036,0.576344385218049,3,Gifts Product 037
C15867,10015,0.5164981512342081,4,Lighting Product 016
C15867,10027,0.41531453036932847,5,Bags & Accessories Product 028
C15867,10016,0.38936233312048624,6,Home Decor Product 017
C15867,10035,0.36837951740222946,7,Bags & Accessories Product 036
C15867,10038,0.3495430560569423,8,Party Supplies Product 039
C15867,10013,0.3418104939615737,9,Seasonal Product 014
C15867,10034,0.3254664501497761,10,Stationery Product 035
C15870,10021,0.7351380507254427,1,Seasonal Product 022
C15870,10026,0.6985524560994901,2,Stationery Product 027
C15870,10038,0.6568895706334579,3,Party Supplies Product 039
C15870,10035,0.6411515052298875,4,Bags & Accessories Product 036
C15870,10025,0.6398195212559304,5,Kitchenware Product 026
C15870,10007,0.6233786579682973,6,Lighting Product 008
C15870,10027,0.6075715594945491,7,Bags & Accessories Product 028
C15870,10034,0.6066120237119429,8,Stationery Product 035
C15870,10028,0.5807296209851633,9,Gifts Product 029
C15870,10023,0.5775417889248852,10,Lighting Product 024
C15871,10035,0.8910317590154523,1,Bags & Accessories Product 036
C15871,10027,0.8764067311920358,2,Bags & Accessories Product 028
C15871,10028,0.7977842676888597,3,Gifts Product 029
C15871,10026,0.700327794117704,4,Stationery Product 027
C15871,10036,0.6847982353902269,5,Gifts Product 037
C15871,10015,0.6076519123271543,6,Lighting Product 016
C15871,10211,0.5203595525937726,7,Bags & Accessories Product 212
C15871,10029,0.49380177948048415,8,Seasonal Product 030
C15871,10007,0.48970757438938195,9,Lighting Product 008
C15871,10021,0.48417782654456704,10,Seasonal Product 022
C15872,10021,0.9146131492732104,1,Seasonal Product 022
C15872,10016,0.8952992682326517,2,Home Decor Product 017
C15872,10015,0.8945153938859511,3,Lighting Product 016
C15872,10038,0.8668315378367455,4,Party Supplies Product 039
C15872,10027,0.8640444661841118,5,Bags & Accessories Product 028
C15872,10035,0.8577646267552088,6,Bags & Accessories Product 036
C15872,10025,0.8417349566646652,7,Kitchenware Product 026
C15872,10034,0.8316746161548564,8,Stationery Product 035
C15872,10028,0.8124879891054868,9,Gifts Product 029
C15872,10002,0.8002295067101949,10,Stationery Product 003
C15875,10034,0.826856225999136,1,Stationery Product 035
C15875,10025,0.8182465791689104,2,Kitchenware Product 026
C15875,10305,0.7380932506388925,3,Kitchenware Product 306
C15875,10026,0.7331408281346159,4,Stationery Product 027
C15875,10002,0.6182988505082397,5,Stationery Product 003
C15875,10354,0.6103368392897263,6,Stationery Product 355
C15875,10016,0.5823937068622289,7,Home Decor Product 017
C15875,10015,0.5779739889743166,8,Lighting Product 016
C15875,10193,0.5354013279147712,9,Kitchenware Product 194
C15875,10009,0.5325235902763008,10,Kitchenware Product 010
C15877,10021,0.9146131492732104,1,Seasonal Product 022
C15877,10016,0.8952992682326517,2,Home Decor Product 017
C15877,10015,0.8945153938859511,3,Lighting Product 016
C15877,10038,0.8668315378367455,4,Party Supplies Product 039
C15877,10027,0.8640444661841118,5,Bags & Accessories Product 028
C15877,10035,0.8577646267552088,6,Bags & Accessories Product 036
C15877,10025,0.8417349566646652,7,Kitchenware Product 026
C15877,10034,0.8316746161548564,8,Stationery Product 035
C15877,10028,0.8124879891054868,9,Gifts Product 029
C15877,10002,0.8002295067101949,10,Stationery Product 003
C15881,10028,0.6983999468622862,1,Gifts Product 029
C15881,10036,0.5189413615135324,2,Gifts Product 037
C15881,10035,0.4950572529131396,3,Bags & Accessories Product 036
C15881,10021,0.43175003527820566,4,Seasonal Product 022
C15881,10025,0.4167910060713636,5,Kitchenware Product 026
C15881,10034,0.40956201963943867,6,Stationery Product 035
C15881,10016,0.40050711185128035,7,Home Decor Product 017
C15881,10027,0.3993945416466147,8,Bags & Accessories Product 028
C15881,10029,0.39891716456905063,9,Seasonal Product 030
C15881,10005,0.3932616912217973,10,Seasonal Product 006
C15883,10013,0.7299454332688459,1,Seasonal Product 014
C15883,10038,0.7174675423490326,2,Party Supplies Product 039
C15883,10035,0.6979317054149365,3,Bags & Accessories Product 036
C15883,10028,0.6929631981393328,4,Gifts Product 029
C15883,10027,0.6867970532341799,5,Bags & Accessories Product 028
C15883,10025,0.6547823474671063,6,Kitchenware Product 026
C15883,10016,0.6445260536341246,7,Home Decor Product 017
C15883,10007,0.61043869499214,8,Lighting Product 008
C15883,10026,0.6078363803528832,9,Stationery Product 027
C15883,10029,0.6071742131485756,10,Seasonal Product 030
C15885,10015,0.9157606619645859,1,Lighting Product 016
C15885,10021,0.748775271617221,2,Seasonal Product 022
C15885,10028,0.6269699636092756,3,Gifts Product 029
C15885,10023,0.6220031198066677,4,Lighting Product 024
C15885,10007,0.6109785703900008,5,Lighting Product 008
C15885,10009,0.5509825337514961,6,Kitchenware Product 010
C15885,10013,0.546728274186938,7,Seasonal Product 014
C15885,10016,0.5127336116736546,8,Home Decor Product 017
C15885,10305,0.4862357086815406,9,Kitchenware Product 306
C15885,10034,0.4802499455818451,10,Stationery Product 035
C15887,10021,0.9146131492732104,1,Seasonal Product 022
C15887,10016,0.8952992682326517,2,Home Decor Product 017
C15887,10015,0.8945153938859511,3,Lighting Product 016
C15887,10038,0.8668315378367455,4,Party Supplies Product 039
C15887,10027,0.8640444661841118,5,Bags & Accessories Product 028
C15887,10035,0.8577646267552088,6,Bags & Accessories Product 036
C15887,10025,0.8417349566646652,7,Kitchenware Product 026
C15887,10034,0.8316746161548564,8,Stationery Product 035
C15887,10028,0.8124879891054868,9,Gifts Product 029
C15887,10002,0.8002295067101949,10,Stationery Product 003
C15892,10021,0.9146131492732104,1,Seasonal Product 022
C15892,10016,0.8952992682326517,2,Home Decor Product 017
C15892,10015,0.8945153938859511,3,Lighting Product 016
C15892,10038,0.8668315378367455,4,Party Supplies Product 039
C15892,10027,0.8640444661841118,5,Bags & Accessories Product 028
C15892,10035,0.8577646267552088,6,Bags & Accessories Product 036
C15892,10025,0.8417349566646652,7,Kitchenware Product 026
C15892,10034,0.8316746161548564,8,Stationery Product 035
C15892,10028,0.8124879891054868,9,Gifts Product 029
C15892,10002,0.8002295067101949,10,Stationery Product 003
C15899,10016,0.936744286233293,1,Home Decor Product 017
C15899,10007,0.9103942232526376,2,Lighting Product 008
C15899,10031,0.8171233499089148,3,Lighting Product 032
C15899,10027,0.7475723494253953,4,Bags & Accessories Product 028
C15899,10015,0.7469143003184858,5,Lighting Product 016
C15899,10096,0.7346686432741381,6,Home Decor Product 097
C15899,10360,0.7050223328713666,7,Home Decor Product 361
C15899,10296,0.6983137963923873,8,Home Decor Product 297
C15899,10013,0.6781276843809941,9,Seasonal Product 014
C15899,10228,0.6551594160703179,10,Gifts Product 229
C15901,10034,0.5457171700994408,1,Stationery Product 035
C15901,10025,0.5397315775944174,2,Kitchenware Product 026
C15901,10026,0.5395073469138034,3,Stationery Product 027
C15901,10035,0.4719288402585364,4,Bags & Accessories Product 036
C15901,10016,0.4585846674791382,5,Home Decor Product 017
C15901,10217,0.44713422756066556,6,Kitchenware Product 218
C15901,10027,0.44349270168923793,7,Bags & Accessories Product 028
C15901,10202,0.43545217556927224,8,Stationery Product 203
C15901,10036,0.41540495892895773,9,Gifts Product 037
C15901,10028,0.3873498820540043,10,Gifts Product 029
C15904,10026,0.9021196340369153,1,Stationery Product 027
C15904,10036,0.8559284238714906,2,Gifts Product 037
C15904,10028,0.849528652595192,3,Gifts Product 029
C15904,10015,0.7768633102204233,4,Lighting Product 016
C15904,10034,0.7448291086389328,5,Stationery Product 035
C15904,10020,0.6801393914435863,6,Gifts Product 021
C15904,10027,0.6720509156250679,7,Bags & Accessories Product 028
C15904,10354,0.6479936166939586,8,Stationery Product 355
C15904,10002,0.6195884401840156,9,Stationery Product 003
C15904,10016,0.6062229880491747,10,Home Decor Product 017
C15905,10021,0.9146131492732104,1,Seasonal Product 022
C15905,10016,0.8952992682326517,2,Home Decor Product 017
C15905,10015,0.8945153938859511,3,Lighting Product 016
C15905,10038,0.8668315378367455,4,Party Supplies Product 039
C15905,10027,0.8640444661841118,5,Bags & Accessories Product 028
C15905,10035,0.8577646267552088,6,Bags & Accessories Product 036
C15905,10025,0.8417349566646652,7,Kitchenware Product 026
C15905,10034,0.8316746161548564,8,Stationery Product 035
C15905,10028,0.8124879891054868,9,Gifts Product 029
C15905,10002,0.8002295067101949,10,Stationery Product 003
C15907,10023,0.7967608014112124,1,Lighting Product 024
C15907,10015,0.7922618788940023,2,Lighting Product 016
C15907,10007,0.7900274104193762,3,Lighting Product 008
C15907,10038,0.7638238514264004,4,Party Supplies Product 039
C15907,10027,0.7218862480198601,5,Bags & Accessories Product 028
C15907,10021,0.6878417877266236,6,Seasonal Product 022
C15907,10278,0.6582328982773722,7,Party Supplies Product 279
C15907,10005,0.6526219069055267,8,Seasonal Product 006
C15907,10028,0.6466838891132085,9,Gifts Product 029
C15907,10025,0.6100957357035149,10,Kitchenware Product 026
C15910,10028,0.9911765400158556,1,Gifts Product 029
C15910,10029,0.96985625159414,2,Seasonal Product 030
C15910,10013,0.9547775946975279,3,Seasonal Product 014
C15910,10021,0.8590859643054243,4,Seasonal Product 022
C15910,10036,0.8521016718852678,5,Gifts Product 037
C15910,10027,0.8001707588353489,6,Bags & Accessories Product 028
C15910,10212,0.7768070979522779,7,Gifts Product 213
C15910,10012,0.7518792796958109,8,Gifts Product 013
C15910,10244,0.7274545911451513,9,Gifts Product 245
C15910,10015,0.7215370265618634,10,Lighting Product 016
C15912,10016,0.8519710297714324,1,Home Decor Product 017
C15912,10013,0.8336624136797485,2,Seasonal Product 014
C15912,10021,0.7976945780776861,3,Seasonal Product 022
C15912,10028,0.7330958560369363,4,Gifts Product 029
C15912,10015,0.7312920925858094,5,Lighting Product 016
C15912,10035,0.662795349428879,6,Bags & Accessories Product 036
C15912,10027,0.6321700640625115,7,Bags & Accessories Product 028
C15912,10031,0.617300596243936,8,Lighting Product 032
C15912,10096,0.5032599616967741,9,Home Decor Product 097
C15912,10036,0.49710869209048403,10,Gifts Product 037
C15916,10021,0.9712934707223198,1,Seasonal Product 022
C15916,10038,0.9334388248618543,2,Party Supplies Product 039
C15916,10029,0.8214593891433924,3,Seasonal Product 030
C15916,10013,0.8134485087211603,4,Seasonal Product 014
C15916,10382,0.737408662669429,5,Party Supplies Product 383
C15916,10278,0.6686801995673499,6,Party Supplies Product 279
C15916,10016,0.5886650770139457,7,Home Decor Product 017
C15916,10015,0.5138339657584584,8,Lighting Product 016
C15916,10023,0.5121418171329895,9,Lighting Product 024
C15916,10238,0.49952001389505984,10,Party Supplies Product 239
C15920,10038,0.8031006591442373,1,Party Supplies Product 039
C15920,10021,0.7972453085619264,2,Seasonal Product 022
C15920,10015,0.572811090404359,3,Lighting Product 016
C15920,10305,0.5670165187137742,4,Kitchenware Product 306
C15920,10007,0.5361129838493603,5,Lighting Product 008
C15920,10013,0.5058966820144435,6,Seasonal Product 014
C15920,10009,0.48697131927133674,7,Kitchenware Product 010
C15920,10116,0.4840612080559784,8,Gifts Product 117
C15920,10023,0.45888402837787823,9,Lighting Product 024
C15920,10029,0.456672110231831,10,Seasonal Product 030
C15921,10016,0.908848219529356,1,Home Decor Product 017
C15921,10013,0.8905536196743234,2,Seasonal Product 014
C15921,10028,0.8834722874212851,3,Gifts Product 029
C15921,10036,0.8513117282252838,4,Gifts Product 037
C15921,10015,0.8164783088548572,5,Lighting Product 016
C15921,10021,0.7671071669810317,6,Seasonal Product 022
C15921,10360,0.6863019597587942,7,Home Decor Product 361
C15921,10096,0.6188225434560701,8,Home Decor Product 097
C15921,10032,0.6048273843705838,9,Home Decor Product 033
C15921,10296,0.5921537369247175,10,Home Decor Product 297
C15924,10035,0.8817011069151298,1,Bags & Accessories Product 036
C15924,10028,0.8439456990501786,2,Gifts Product 029
C15924,10026,0.8391528214627906,3,Stationery Product 027
C15924,10038,0.7449391003217115,4,Party Supplies Product 039
C15924,10021,0.7016020363862849,5,Seasonal Product 022
C15924,10020,0.6527288982840833,6,Gifts Product 021
C15924,10036,0.6323501098277028,7,Gifts Product 037
C15924,10015,0.5632985912787217,8,Lighting Product 016
C15924,10013,0.4991091255477533,9,Seasonal Product 014
C15924,10228,0.4723994155595122,10,Gifts Product 229
C15926,10015,0.9027739843321672,1,Lighting Product 016
C15926,10034,0.8247250002438957,2,Stationery Product 035
C15926,10021,0.7614269564965026,3,Seasonal Product 022
C15926,10028,0.6614346145838254,4,Gifts Product 029
C15926,10016,0.5829994231885326,5,Home Decor Product 017
C15926,10027,0.4578319386258547,6,Bags & Accessories Product 028
C15926,10012,0.4508751707400313,7,Gifts Product 013
C15926,10031,0.44564679427064163,8,Lighting Product 032
C15926,10025,0.4422148113765737,9,Kitchenware Product 026
C15926,10013,0.4354262137931569,10,Seasonal Product 014
C15929,10027,0.6858907606329157,1,Bags & Accessories Product 028
C15929,10021,0.6667541157362825,2,Seasonal Product 022
C15929,10015,0.5513333874513332,3,Lighting Product 016
C15929,10013,0.4411610111429361,4,Seasonal Product 014
C15929,10038,0.42009924561546264,5,Party Supplies Product 039
C15929,10028,0.4175625004806358,6,Gifts Product 029
C15929,10025,0.39634064252413337,7,Kitchenware Product 026
C15929,10007,0.3894356612706772,8,Lighting Product 008
C15929,10035,0.38227149508189245,9,Bags & Accessories Product 036
C15929,10016,0.36796046883807115,10,Home Decor Product 017
C15930,10035,0.8584188347383283,1,Bags & Accessories Product 036
C15930,10028,0.7944180639538857,2,Gifts Product 029
C15930,10027,0.711204698166358,3,Bags & Accessories Product 028
C15930,10015,0.6959617616455194,4,Lighting Product 016
C15930,10021,0.645617614091187,5,Seasonal Product 022
C15930,10013,0.6395095396954286,6,Seasonal Product 014
C15930,10029,0.6048709352860613,7,Seasonal Product 030
C15930,10005,0.5894857411404809,8,Seasonal Product 006
C15930,10007,0.5753611254993125,9,Lighting Product 008
C15930,10036,0.5269716860228097,10,Gifts Product 037
C15933,10035,0.8119158677747251,1,Bags & Accessories Product 036
C15933,10015,0.7050032668183012,2,Lighting Product 016
C15933,10021,0.6546813298815376,3,Seasonal Product 022
C15933,10025,0.46201901279806273,4,Kitchenware Product 026
C15933,10028,0.4535012701719502,5,Gifts Product 029
C15933,10026,0.3853898770941328,6,Stationery Product 027
C15933,10038,0.36665364712487775,7,Party Supplies Product 039
C15933,10013,0.3636184851171314,8,Seasonal Product 014
C15933,10305,0.36122169816843086,9,Kitchenware Product 306
C15933,10016,0.356913780636494,10,Home Decor Product 017
C15940,10021,0.8733140609873644,1,Seasonal Product 022
C15940,10025,0.8080001036240646,2,Kitchenware Product 026
C15940,10015,0.5940802760468725,3,Lighting Product 016
C15940,10028,0.5924914773924997,4,Gifts Product 029
C15940,10116,0.5021859064427542,5,Gifts Product 117
C15940,10002,0.4996540904339787,6,Stationery Product 003
C15940,10009,0.48803879465802774,7,Kitchenware Product 010
C15940,10337,0.483852115882871,8,Kitchenware Product 338
C15940,10027,0.46928855564846816,9,Bags & Accessories Product 028
C15940,10153,0.45651780074280035,10,Kitchenware Product 154
C15941,10015,0.9804367191111127,1,Lighting Product 016
C15941,10026,0.847339698807046,2,Stationery Product 027
C15941,10034,0.7783192974167829,3,Stationery Product 035
C15941,10007,0.5824691263225014,4,Lighting Product 008
C15941,10378,0.534854649115188,5,Stationery Product 379
C15941,10055,0.5258296836638543,6,Lighting Product 056
C15941,10028,0.5238001718406321,7,Gifts Product 029
C15941,10021,0.5235557563402532,8,Seasonal Product 022
C15941,10013,0.5230633659226097,9,Seasonal Product 014
C15941,10035,0.5126315501203155,10,Bags & Accessories Product 036
C15944,10035,0.93347886544697,1,Bags & Accessories Product 036
C15944,10027,0.9296496589142303,2,Bags & Accessories Product 028
C15944,10025,0.9108400215401201,3,Kitchenware Product 026
C15944,10153,0.8272974191653578,4,Kitchenware Product 154
C15944,10193,0.7948717367116951,5,Kitchenware Product 194
C15944,10305,0.7525982358032254,6,Kitchenware Product 306
C15944,10033,0.7278791329593157,7,Kitchenware Product 034
C15944,10021,0.7269211213705375,8,Seasonal Product 022
C15944,10209,0.6958543440340312,9,Kitchenware Product 210
C15944,10036,0.680836001993732,10,Gifts Product 037
C15946,10034,0.8767258196000696,1,Stationery Product 035
C15946,10026,0.8649950064746716,2,Stationery Product 027
C15946,10009,0.8607503822360153,3,Kitchenware Product 010
C15946,10013,0.8360886946048843,4,Seasonal Product 014
C15946,10025,0.8174709856866009,5,Kitchenware Product 026
C15946,10002,0.7584789685766637,6,Stationery Product 003
C15946,10021,0.7336895630134399,7,Seasonal Product 022
C15946,10305,0.717691939693098,8,Kitchenware Product 306
C15946,10209,0.706892435012529,9,Kitchenware Product 210
C15946,10027,0.6537898001221604,10,Bags & Accessories Product 028
C15947,10035,0.9257189987708496,1,Bags & Accessories Product 036
C15947,10027,0.7646524875176558,2,Bags & Accessories Product 028
C15947,10021,0.7427401704414972,3,Seasonal Product 022
C15947,10028,0.7195267551021304,4,Gifts Product 029
C15947,10101,0.7054535415815251,5,Seasonal Product 102
C15947,10013,0.6984652831019107,6,Seasonal Product 014
C15947,10034,0.6773436189988367,7,Stationery Product 035
C15947,10029,0.6698962698533786,8,Seasonal Product 030
C15947,10195,0.6189314810538726,9,Bags & Accessories Product 196
C15947,10036,0.6007937525916255,10,Gifts Product 037
C15952,10027,0.6427519542746989,1,Bags & Accessories Product 028
C15952,10016,0.6163751167365953,2,Home Decor Product 017
C15952,10021,0.6120871393038746,3,Seasonal Product 022
C15952,10028,0.6015923279964653,4,Gifts Product 029
C15952,10007,0.5796271975355735,5,Lighting Product 008
C15952,10035,0.5783253287308932,6,Bags & Accessories Product 036
C15952,10015,0.5731598905897358,7,Lighting Product 016
C15952,10023,0.57194400032594,8,Lighting Product 024
C15952,10034,0.5449270729038692,9,Stationery Product 035
C15952,10026,0.5361888575066287,10,Stationery Product 027
C15954,10021,0.8845090403293346,1,Seasonal Product 022
C15954,10016,0.8567738172793917,2,Home Decor Product 017
C15954,10015,0.7330261662131312,3,Lighting Product 016
C15954,10026,0.7221032115272906,4,Stationery Product 027
C15954,10013,0.6696599178539396,5,Seasonal Product 014
C15954,10036,0.6451404507820417,6,Gifts Product 037
C15954,10028,0.6450011454270158,7,Gifts Product 029
C15954,10305,0.5817214551851145,8,Kitchenware Product 306
C15954,10002,0.5456317311925336,9,Stationery Product 003
C15954,10354,0.5422841528127227,10,Stationery Product 355
C15956,10026,0.8023438415681365,1,Stationery Product 027
C15956,10016,0.7367767767541463,2,Home Decor Product 017
C15956,10258,0.47478344130401134,3,Stationery Product 259
C15956,10025,0.4712719627293317,4,Kitchenware Product 026
C15956,10354,0.46650907657722873,5,Stationery Product 355
C15956,10305,0.46429383050840717,6,Kitchenware Product 306
C15956,10202,0.45776443266326095,7,Stationery Product 203
C15956,10036,0.44268086798339057,8,Gifts Product 037
C15956,10002,0.43868645701405323,9,Stationery Product 003
C15956,10020,0.43255181306183205,10,Gifts Product 021
C15957,10027,0.6931315231004676,1,Bags & Accessories Product 028
C15957,10015,0.5758252654585244,2,Lighting Product 016
C15957,10016,0.5461638544997373,3,Home Decor Product 017
C15957,10025,0.5253344655362147,4,Kitchenware Product 026
C15957,10028,0.48349810048050007,5,Gifts Product 029
C15957,10038,0.46305732591558896,6,Party Supplies Product 039
C15957,10013,0.45836329344419796,7,Seasonal Product 014
C15957,10007,0.45767452349386417,8,Lighting Product 008
C15957,10021,0.3962214328326526,9,Seasonal Product 022
C15957,10034,0.38560660169538663,10,Stationery Product 035
C15961,10025,0.8855701750176049,1,Kitchenware Product 026
C15961,10028,0.8370028252285008,2,Gifts Product 029
C15961,10305,0.8314544511384484,3,Kitchenware Product 306
C15961,10020,0.7040281302056756,4,Gifts Product 021
C15961,10021,0.6568270201537872,5,Seasonal Product 022
C15961,10015,0.617574654471794,6,Lighting Product 016
C15961,10035,0.5782332206416286,7,Bags & Accessories Product 036
C15961,10027,0.5732055790544586,8,Bags & Accessories Product 028
C15961,10217,0.5553822405940927,9,Kitchenware Product 218
C15961,10169,0.540314855377052,10,Kitchenware Product 170
C15963,10021,0.9953162394457025,1,Seasonal Product 022
C15963,10007,0.9406009925403125,2,Lighting Product 008
C15963,10005,0.9111470335661445,3,Seasonal Product 006
C15963,10015,0.8529109961640895,4,Lighting Product 016
C15963,10013,0.8234409439887677,5,Seasonal Product 014
C15963,10029,0.7537401185673053,6,Seasonal Product 030
C15963,10023,0.7288331697942094,7,Lighting Product 024
C15963,10026,0.7000132618976534,8,Stationery Product 027
C15963,10002,0.6946545664217487,9,Stationery Product 003
C15963,10035,0.6934407940157826,10,Bags & Accessories Product 036
C15966,10021,0.890556235749521,1,Seasonal Product 022
C15966,10026,0.8860570462328811,2,Stationery Product 027
C15966,10034,0.81310925388533,3,Stationery Product 035
C15966,10027,0.7088068672096207,4,Bags & Accessories Product 028
C15966,10394,0.6513294623228343,5,Stationery Product 395
C15966,10035,0.6441875180276407,6,Bags & Accessories Product 036
C15966,10028,0.638617357096942,7,Gifts Product 029
C15966,10258,0.614725988440874,8,Stationery Product 259
C15966,10007,0.5934665544286932,9,Lighting Product 008
C15966,10015,0.5920978662531522,10,Lighting Product 016
C15968,10028,0.9838040348941718,1,Gifts Product 029
C15968,10016,0.9752663056973667,2,Home Decor Product 017
C15968,10036,0.9477316632495338,3,Gifts Product 037
C15968,10020,0.906763335371688,4,Gifts Product 021
C15968,10015,0.8366527830643964,5,Lighting Product 016
C15968,10012,0.8344607208858691,6,Gifts Product 013
C15968,10116,0.761214542960008,7,Gifts Product 117
C15968,10212,0.7375044018315547,8,Gifts Product 213
C15968,10296,0.7330890104879129,9,Home Decor Product 297
C15968,10004,0.7327091917945201,10,Gifts Product 005
C15969,10021,0.7010457124022517,1,Seasonal Product 022
C15969,10015,0.5636075437705761,2,Lighting Product 016
C15969,10028,0.5295423338986781,3,Gifts Product 029
C15969,10016,0.46340200739892207,4,Home Decor Product 017
C15969,10027,0.40735799920291565,5,Bags & Accessories Product 028
C15969,10013,0.3865667423770862,6,Seasonal Product 014
C15969,10035,0.37313012205904644,7,Bags & Accessories Product 036
C15969,10354,0.36236323933573894,8,Stationery Product 355
C15969,10023,0.3588386116483087,9,Lighting Product 024
C15969,10034,0.35349265102114186,10,Stationery Product 035
C15971,10026,0.8134517092806329,1,Stationery Product 027
C15971,10035,0.7051086464151658,2,Bags & Accessories Product 036
C15971,10038,0.6775434557063921,3,Party Supplies Product 039
C15971,10021,0.6187431881668876,4,Seasonal Product 022
C15971,10036,0.5904705582868365,5,Gifts Product 037
C15971,10002,0.5596034460651806,6,Stationery Product 003
C15971,10005,0.5532914749985596,7,Seasonal Product 006
C15971,10029,0.5258195575185236,8,Seasonal Product 030
C15971,10023,0.523081661588146,9,Lighting Product 024
C15971,10305,0.5023043052955007,10,Kitchenware Product 306
C15974,10038,0.9150049362261329,1,Party Supplies Product 039
C15974,10035,0.7905545843345264,2,Bags & Accessories Product 036
C15974,10021,0.6070877965384163,3,Seasonal Product 022
C15974,10009,0.5893029712988368,4,Kitchenware Product 010
C15974,10028,0.585238344923631,5,Gifts Product 029
C15974,10179,0.5789888556531625,6,Bags & Accessories Product 180
C15974,10166,0.5466827386603084,7,Party Supplies Product 167
C15974,10027,0.5461329147628096,8,Bags & Accessories Product 028
C15974,10015,0.5257764630698539,9,Lighting Product 016
C15974,10013,0.5043602743406417,10,Seasonal Product 014
C15976,10016,0.7740788660340733,1,Home Decor Product 017
C15976,10034,0.7646081974415986,2,Stationery Product 035
C15976,10026,0.70198973070783,3,Stationery Product 027
C15976,10013,0.6590771311645468,4,Seasonal Product 014
C15976,10002,0.6208250192784511,5,Stationery Product 003
C15976,10032,0.5105084936612752,6,Home Decor Product 033
C15976,10354,0.47614620594464135,7,Stationery Product 355
C15976,10394,0.46703993263439997,8,Stationery Product 395
C15976,10021,0.465197117522155,9,Seasonal Product 022
C15976,10296,0.45400341351922113,10,Home Decor Product 297
C15978,10021,0.7480443251646646,1,Seasonal Product 022
C15978,10015,0.720399176796634,2,Lighting Product 016
C15978,10026,0.6642129850917807,3,Stationery Product 027
C15978,10354,0.6555833679640515,4,Stationery Product 355
C15978,10038,0.626143756269149,5,Party Supplies Product 039
C15978,10007,0.5476533982172593,6,Lighting Product 008
C15978,10025,0.5286729113389812,7,Kitchenware Product 026
C15978,10013,0.5274237051141233,8,Seasonal Product 014
C15978,10202,0.5222251878922887,9,Stationery Product 203
C15978,10028,0.5102966119879523,10,Gifts Product 029
C15981,10026,0.8764492224127615,1,Stationery Product 027
C15981,10034,0.838307471398447,2,Stationery Product 035
C15981,10028,0.8096419306917954,3,Gifts Product 029
C15981,10202,0.7746931064607423,4,Stationery Product 203
C15981,10035,0.7742934288386346,5,Bags & Accessories Product 036
C15981,10002,0.7440872087206931,6,Stationery Product 003
C15981,10354,0.6902218610319388,7,Stationery Product 355
C15981,10020,0.6630610932107124,8,Gifts Product 021
C15981,10305,0.6607944469330795,9,Kitchenware Product 306
C15981,10060,0.6537548091947115,10,Gifts Product 061
C15985,10021,0.9554145194287397,1,Seasonal Product 022
C15985,10038,0.927782786107644,2,Party Supplies Product 039
C15985,10029,0.8758204677244046,3,Seasonal Product 030
C15985,10013,0.8531361312528609,4,Seasonal Product 014
C15985,10278,0.7058128537000782,5,Party Supplies Product 279
C15985,10027,0.6992950615561951,6,Bags & Accessories Product 028
C15985,10086,0.6949211619796529,7,Party Supplies Product 087
C15985,10022,0.636952484267815,8,Party Supplies Product 023
C15985,10166,0.6305490349768225,9,Party Supplies Product 167
C15985,10015,0.6080932190182782,10,Lighting Product 016
C15987,10021,0.9146131492732102,1,Seasonal Product 022
C15987,10016,0.8952992682326519,2,Home Decor Product 017
C15987,10015,0.8945153938859511,3,Lighting Product 016
C15987,10038,0.8668315378367455,4,Party Supplies Product 039
C15987,10027,0.8640444661841118,5,Bags & Accessories Product 028
C15987,10035,0.8577646267552088,6,Bags & Accessories Product 036
C15987,10025,0.8417349566646652,7,Kitchenware Product 026
C15987,10034,0.8316746161548564,8,Stationery Product 035
C15987,10028,0.8124879891054867,9,Gifts Product 029
C15987,10002,0.8002295067101945,10,Stationery Product 003
C15988,10021,0.9823497224854426,1,Seasonal Product 022
C15988,10035,0.8544333715497375,2,Bags & Accessories Product 036
C15988,10013,0.6933273005656332,3,Seasonal Product 014
C15988,10029,0.678828453806475,4,Seasonal Product 030
C15988,10027,0.6482875718236006,5,Bags & Accessories Product 028
C15988,10009,0.6328358621338491,6,Kitchenware Product 010
C15988,10016,0.5889188838199415,7,Home Decor Product 017
C15988,10026,0.5198647083779535,8,Stationery Product 027
C15988,10015,0.4733776319646691,9,Lighting Product 016
C15988,10211,0.4301077241163684,10,Bags & Accessories Product 212
C15991,10021,0.7157762258597764,1,Seasonal Product 022
C15991,10038,0.6765912441572351,2,Party Supplies Product 039
C15991,10028,0.649132163078735,3,Gifts Product 029
C15991,10013,0.6339765538518612,4,Seasonal Product 014
C15991,10026,0.6316995175541218,5,Stationery Product 027
C15991,10007,0.631250187716524,6,Lighting Product 008
C15991,10027,0.6253104627913899,7,Bags & Accessories Product 028
C15991,10015,0.6098605080791147,8,Lighting Product 016
C15991,10034,0.6044718150392674,9,Stationery Product 035
C15991,10005,0.6013673914026512,10,Seasonal Product 006
C15992,10028,0.8343693811542255,1,Gifts Product 029
C15992,10021,0.8099420690210951,2,Seasonal Product 022
C15992,10013,0.6884650753392382,3,Seasonal Product 014
C15992,10038,0.6633486472077911,4,Party Supplies Product 039
C15992,10002,0.5815098498278872,5,Stationery Product 003
C15992,10015,0.5507525061532141,6,Lighting Product 016
C15992,10166,0.5342664612733836,7,Party Supplies Product 167
C15992,10029,0.5157459951854694,8,Seasonal Product 030
C15992,10007,0.4844019465732136,9,Lighting Product 008
C15992,10036,0.4612194956430674,10,Gifts Product 037
C15994,10021,0.9081875578229961,1,Seasonal Product 022
C15994,10015,0.6757298891215748,2,Lighting Product 016
C15994,10028,0.48726629982043107,3,Gifts Product 029
C15994,10013,0.4828332555100034,4,Seasonal Product 014
C15994,10038,0.47146224717221863,5,Party Supplies Product 039
C15994,10002,0.41468415582523527,6,Stationery Product 003
C15994,10007,0.4126878360440358,7,Lighting Product 008
C15994,10035,0.4124101592189415,8,Bags & Accessories Product 036
C15994,10016,0.40232333650469276,9,Home Decor Product 017
C15994,10025,0.3844391962942164,10,Kitchenware Product 026
C16001,10002,0.7636133861934695,1,Stationery Product 003
C16001,10026,0.7539194393843335,2,Stationery Product 027
C16001,10034,0.7281527032832773,3,Stationery Product 035
C16001,10021,0.725334653185448,4,Seasonal Product 022
C16001,10015,0.649525907621817,5,Lighting Product 016
C16001,10016,0.5170506666037697,6,Home Decor Product 017
C16001,10025,0.5119808371686412,7,Kitchenware Product 026
C16001,10116,0.4977160751126749,8,Gifts Product 117
C16001,10202,0.47824682759910236,9,Stationery Product 203
C16001,10038,0.4678443958975477,10,Party Supplies Product 039
C16002,10021,0.8039392788446883,1,Seasonal Product 022
C16002,10015,0.6179361967034678,2,Lighting Product 016
C16002,10016,0.5729631759875526,3,Home Decor Product 017
C16002,10028,0.5157796763913844,4,Gifts Product 029
C16002,10038,0.5151277096249591,5,Party Supplies Product 039
C16002,10025,0.4724718146305375,6,Kitchenware Product 026
C16002,10034,0.4619696286487995,7,Stationery Product 035
C16002,10027,0.4591707252773574,8,Bags & Accessories Product 028
C16002,10026,0.4307041263731983,9,Stationery Product 027
C16002,10007,0.4211462085021411,10,Lighting Product 008
C16004,10038,0.9215022563363476,1,Party Supplies Product 039
C16004,10305,0.8745162203407836,2,Kitchenware Product 306
C16004,10278,0.8320822175647226,3,Party Supplies Product 279
C16004,10025,0.8171124527202407,4,Kitchenware Product 026
C16004,10021,0.7414085121500289,5,Seasonal Product 022
C16004,10009,0.7269265574449997,6,Kitchenware Product 010
C16004,10022,0.7177744056845243,7,Party Supplies Product 023
C16004,10015,0.7073160049909534,8,Lighting Product 016
C16004,10028,0.686037792188669,9,Gifts Product 029
C16004,10209,0.627156479755253,10,Kitchenware Product 210
C16011,10025,0.6619647145167714,1,Kitchenware Product 026
C16011,10021,0.6150955643933712,2,Seasonal Product 022
C16011,10015,0.6010531919054019,3,Lighting Product 016
C16011,10009,0.5904289824480157,4,Kitchenware Product 010
C16011,10002,0.508932322118471,5,Stationery Product 003
C16011,10038,0.5059140982070706,6,Party Supplies Product 039
C16011,10034,0.4878540113953593,7,Stationery Product 035
C16011,10016,0.48567511001892266,8,Home Decor Product 017
C16011,10028,0.4604386908390273,9,Gifts Product 029
C16011,10013,0.44964122211269225,10,Seasonal Product 014
C16012,10021,0.8180235921445539,1,Seasonal Product 022
C16012,10035,0.774568630380282,2,Bags & Accessories Product 036
C16012,10015,0.7010195872406996,3,Lighting Product 016
C16012,10013,0.6322037312046689,4,Seasonal Product 014
C16012,10007,0.5675272721299905,5,Lighting Product 008
C16012,10360,0.5408969873059711,6,Home Decor Product 361
C16012,10295,0.5331751433534841,7,Lighting Product 296
C16012,10025,0.5094056910205809,8,Kitchenware Product 026
C16012,10028,0.4995461405847713,9,Gifts Product 029
C16012,10047,0.48856906927160243,10,Lighting Product 048
C16013,10038,0.7276887654517087,1,Party Supplies Product 039
C16013,10021,0.6706981546429309,2,Seasonal Product 022
C16013,10025,0.6242988883688613,3,Kitchenware Product 026
C16013,10278,0.5691179531388415,4,Party Supplies Product 279
C16013,10305,0.5617303403985743,5,Kitchenware Product 306
C16013,10034,0.5316602975376181,6,Stationery Product 035
C16013,10193,0.49116388726411203,7,Kitchenware Product 194
C16013,10028,0.4809343687477186,8,Gifts Product 029
C16013,10022,0.4694789780555196,9,Party Supplies Product 023
C16013,10238,0.4388735061422995,10,Party Supplies Product 239
C16015,10021,0.9369804118732399,1,Seasonal Product 022
C16015,10305,0.9274527934338255,2,Kitchenware Product 306
C16015,10009,0.9215332262301242,3,Kitchenware Product 010
C16015,10005,0.9112467091545502,4,Seasonal Product 006
C16015,10153,0.8340474932198542,5,Kitchenware Product 154
C16015,10209,0.82099591610792,6,Kitchenware Product 210
C16015,10033,0.7815661463587752,7,Kitchenware Product 034
C16015,10027,0.7542226484185872,8,Bags & Accessories Product 028
C16015,10013,0.7479998450574347,9,Seasonal Product 014
C16015,10015,0.7456492431873913,10,Lighting Product 016
C16019,10035,0.9864359508639704,1,Bags & Accessories Product 036
C16019,10015,0.9397824888543544,2,Lighting Product 016
C16019,10023,0.9138909524926235,3,Lighting Product 024
C16019,10007,0.8475080624096625,4,Lighting Product 008
C16019,10027,0.8262899016563048,5,Bags & Accessories Product 028
C16019,10195,0.7716845335815438,6,Bags & Accessories Product 196
C16019,10021,0.760424697741373,7,Seasonal Product 022
C16019,10295,0.6950092718001667,8,Lighting Product 296
C16019,10219,0.6737607956557502,9,Bags & Accessories Product 220
C16019,10003,0.5901914704202175,10,Bags & Accessories Product 004
C16020,10027,0.8288644507237187,1,Bags & Accessories Product 028
C16020,10025,0.5043513715254148,2,Kitchenware Product 026
C16020,10021,0.46999066886827856,3,Seasonal Product 022
C16020,10009,0.46319461323925015,4,Kitchenware Product 010
C16020,10002,0.46181089615145804,5,Stationery Product 003
C16020,10179,0.46030141211415443,6,Bags & Accessories Product 180
C16020,10026,0.44726548471408584,7,Stationery Product 027
C16020,10036,0.44022223080521344,8,Gifts Product 037
C16020,10035,0.4238628317244694,9,Bags & Accessories Product 036
C16020,10034,0.41856271040543064,10,Stationery Product 035
C16023,10021,0.9486561312065313,1,Seasonal Product 022
C16023,10016,0.8452370505530403,2,Home Decor Product 017
C16023,10028,0.7696790842589301,3,Gifts Product 029
C16023,10034,0.7465409251898887,4,Stationery Product 035
C16023,10038,0.7336476526055453,5,Party Supplies Product 039
C16023,10005,0.6902361438370015,6,Seasonal Product 006
C16023,10029,0.66156375422917,7,Seasonal Product 030
C16023,10015,0.49975906663609304,8,Lighting Product 016
C16023,10058,0.4851681608226596,9,Stationery Product 059
C16023,10096,0.45314149145708144,10,Home Decor Product 097
C16024,10015,0.9373392417704146,1,Lighting Product 016
C16024,10021,0.7465527745247345,2,Seasonal Product 022
C16024,10013,0.6801507592360763,3,Seasonal Product 014
C16024,10025,0.5329367115953408,4,Kitchenware Product 026
C16024,10028,0.5180403316431504,5,Gifts Product 029
C16024,10016,0.5166333051898363,6,Home Decor Product 017
C16024,10359,0.5073787064887959,7,Lighting Product 360
C16024,10382,0.5008997004909784,8,Party Supplies Product 383
C16024,10007,0.49383854534996774,9,Lighting Product 008
C16024,10029,0.4800789133207251,10,Seasonal Product 030
C16028,10028,0.8838421422052721,1,Gifts Product 029
C16028,10021,0.756372714338439,2,Seasonal Product 022
C16028,10036,0.6017214808011918,3,Gifts Product 037
C16028,10116,0.5929268850759265,4,Gifts Product 117
C16028,10038,0.49062471586668027,5,Party Supplies Product 039
C16028,10015,0.4898791495677274,6,Lighting Product 016
C16028,10013,0.4588072274923549,7,Seasonal Product 014
C16028,10027,0.43039850425642595,8,Bags & Accessories Product 028
C16028,10035,0.42675347941353997,9,Bags & Accessories Product 036
C16028,10007,0.39888103442621486,10,Lighting Product 008
C16029,10025,0.8253850180349704,1,Kitchenware Product 026
C16029,10021,0.7997189814546939,2,Seasonal Product 022
C16029,10009,0.7905611259731719,3,Kitchenware Product 010
C16029,10305,0.7643479392352264,4,Kitchenware Product 306
C16029,10038,0.6060557497437501,5,Party Supplies Product 039
C16029,10013,0.5454712723906291,6,Seasonal Product 014
C16029,10015,0.5421835953828491,7,Lighting Product 016
C16029,10028,0.5231409503449589,8,Gifts Product 029
C16029,10153,0.5153071150733347,9,Kitchenware Product 154
C16029,10202,0.5120444871797674,10,Stationery Product 203
C16034,10021,0.7620169110884597,1,Seasonal Product 022
C16034,10028,0.7521078782196969,2,Gifts Product 029
C16034,10015,0.7490376798474726,3,Lighting Product 016
C16034,10027,0.696483889423352,4,Bags & Accessories Product 028
C16034,10016,0.6583564552331425,5,Home Decor Product 017
C16034,10035,0.6553803502499432,6,Bags & Accessories Product 036
C16034,10026,0.6427096212219431,7,Stationery Product 027
C16034,10013,0.6352484677439926,8,Seasonal Product 014
C16034,10034,0.6084888389246451,9,Stationery Product 035
C16034,10029,0.5785105678873438,10,Seasonal Product 030
C16035,10025,0.8913342905611457,1,Kitchenware Product 026
C16035,10021,0.7719579251694461,2,Seasonal Product 022
C16035,10020,0.7125963592936042,3,Gifts Product 021
C16035,10305,0.6929391593812441,4,Kitchenware Product 306
C16035,10009,0.5864557667758221,5,Kitchenware Product 010
C16035,10038,0.5417854348599233,6,Party Supplies Product 039
C16035,10013,0.531094072698524,7,Seasonal Product 014
C16035,10382,0.5027273398579796,8,Party Supplies Product 383
C16035,10015,0.49640213305322933,9,Lighting Product 016
C16035,10005,0.49354427331751904,10,Seasonal Product 006
C16037,10027,0.9130765269865909,1,Bags & Accessories Product 028
C16037,10025,0.8870282482165661,2,Kitchenware Product 026
C16037,10035,0.7925597925745254,3,Bags & Accessories Product 036
C16037,10021,0.786289308627452,4,Seasonal Product 022
C16037,10009,0.716811829750241,5,Kitchenware Product 010
C16037,10020,0.6082830450358407,6,Gifts Product 021
C16037,10219,0.5520828138244958,7,Bags & Accessories Product 220
C16037,10023,0.5509881724206457,8,Lighting Product 024
C16037,10179,0.545003015004885,9,Bags & Accessories Product 180
C16037,10153,0.5224234934079729,10,Kitchenware Product 154
C16038,10015,0.9719877408686523,1,Lighting Product 016
C16038,10021,0.7639265489364094,2,Seasonal Product 022
C16038,10016,0.6972978663814522,3,Home Decor Product 017
C16038,10031,0.6018621818260871,4,Lighting Product 032
C16038,10007,0.5259737845288099,5,Lighting Product 008
C16038,10028,0.5075648673905581,6,Gifts Product 029
C16038,10027,0.5027099316822377,7,Bags & Accessories Product 028
C16038,10034,0.47910396953019346,8,Stationery Product 035
C16038,10023,0.47437545438719403,9,Lighting Product 024
C16038,10368,0.4405781210754449,10,Home Decor Product 369
C16044,10021,0.9146131492732102,1,Seasonal Product 022
C16044,10016,0.8952992682326519,2,Home Decor Product 017
C16044,10015,0.8945153938859511,3,Lighting Product 016
C16044,10038,0.8668315378367455,4,Party Supplies Product 039
C16044,10027,0.8640444661841118,5,Bags & Accessories Product 028
C16044,10035,0.8577646267552088,6,Bags & Accessories Product 036
C16044,10025,0.8417349566646652,7,Kitchenware Product 026
C16044,10034,0.8316746161548564,8,Stationery Product 035
C16044,10028,0.8124879891054867,9,Gifts Product 029
C16044,10002,0.8002295067101945,10,Stationery Product 003
C16046,10016,0.9360891818785757,1,Home Decor Product 017
C16046,10034,0.8980802515205529,2,Stationery Product 035
C16046,10026,0.8207067419309592,3,Stationery Product 027
C16046,10354,0.6617581446923869,4,Stationery Product 355
C16046,10074,0.5916007685697405,5,Stationery Product 075
C16046,10021,0.5430463857334636,6,Seasonal Product 022
C16046,10394,0.5414062616741026,7,Stationery Product 395
C16046,10337,0.5412058392199729,8,Kitchenware Product 338
C16046,10002,0.5371322395209904,9,Stationery Product 003
C16046,10090,0.5148858674076613,10,Stationery Product 091
C16049,10021,0.8287038692398584,1,Seasonal Product 022
C16049,10015,0.7087516158261558,2,Lighting Product 016
C16049,10013,0.670106998326126,3,Seasonal Product 014
C16049,10028,0.5448826404583055,4,Gifts Product 029
C16049,10007,0.5445871210802541,5,Lighting Product 008
C16049,10278,0.427969527677062,6,Party Supplies Product 279
C16049,10023,0.41877760708363415,7,Lighting Product 024
C16049,10005,0.4123096373150009,8,Seasonal Product 006
C16049,10027,0.4119947376619335,9,Bags & Accessories Product 028
C16049,10016,0.4028575372146323,10,Home Decor Product 017
C16050,10016,0.9087031146181183,1,Home Decor Product 017
C16050,10021,0.5966444692697465,2,Seasonal Product 022
C16050,10028,0.5108750056341497,3,Gifts Product 029
C16050,10015,0.5033662950703948,4,Lighting Product 016
C16050,10007,0.4954546545191682,5,Lighting Product 008
C16050,10193,0.46486226782826423,6,Kitchenware Product 194
C16050,10002,0.4409313265009541,7,Stationery Product 003
C16050,10009,0.40529386630396447,8,Kitchenware Product 010
C16050,10035,0.39569008381225673,9,Bags & Accessories Product 036
C16050,10020,0.3942154443450668,10,Gifts Product 021
C16051,10021,0.8190434021700943,1,Seasonal Product 022
C16051,10015,0.7139077455095935,2,Lighting Product 016
C16051,10026,0.6019933753649901,3,Stationery Product 027
C16051,10028,0.6015936410084584,4,Gifts Product 029
C16051,10034,0.566260964671701,5,Stationery Product 035
C16051,10013,0.5636523692443725,6,Seasonal Product 014
C16051,10027,0.5551081405497563,7,Bags & Accessories Product 028
C16051,10035,0.5224849496187962,8,Bags & Accessories Product 036
C16051,10038,0.4671840090600483,9,Party Supplies Product 039
C16051,10029,0.4626688197265362,10,Seasonal Product 030
C16053,10021,0.9255161416701746,1,Seasonal Product 022
C16053,10013,0.7941653528255418,2,Seasonal Product 014
C16053,10015,0.7426978218481587,3,Lighting Product 016
C16053,10023,0.5339117118248602,4,Lighting Product 024
C16053,10025,0.4981893773927347,5,Kitchenware Product 026
C16053,10028,0.4635186966642496,6,Gifts Product 029
C16053,10038,0.45503625670110787,7,Party Supplies Product 039
C16053,10016,0.421953690181104,8,Home Decor Product 017
C16053,10027,0.4195890963049974,9,Bags & Accessories Product 028
C16053,10035,0.3863831484545468,10,Bags & Accessories Product 036
C16055,10038,0.9206715733862597,1,Party Supplies Product 039
C16055,10025,0.8164718561290468,2,Kitchenware Product 026
C16055,10009,0.7147803632124551,3,Kitchenware Product 010
C16055,10021,0.6769537408285977,4,Seasonal Product 022
C16055,10029,0.6565867582541333,5,Seasonal Product 030
C16055,10278,0.5817966369568838,6,Party Supplies Product 279
C16055,10015,0.5367655335432614,7,Lighting Product 016
C16055,10353,0.5261783831602741,8,Kitchenware Product 354
C16055,10166,0.5131820219936073,9,Party Supplies Product 167
C16055,10337,0.4832479399434494,10,Kitchenware Product 338
C16056,10021,0.7296220606594079,1,Seasonal Product 022
C16056,10354,0.7253439841254349,2,Stationery Product 355
C16056,10026,0.7061639628393843,3,Stationery Product 027
C16056,10015,0.6087630854027972,4,Lighting Product 016
C16056,10038,0.6061760325107786,5,Party Supplies Product 039
C16056,10007,0.603158375738616,6,Lighting Product 008
C16056,10023,0.5479637183528107,7,Lighting Product 024
C16056,10013,0.5379962981585251,8,Seasonal Product 014
C16056,10028,0.5201642844635059,9,Gifts Product 029
C16056,10025,0.5131673474673422,10,Kitchenware Product 026
C16061,10021,0.9073011731380738,1,Seasonal Product 022
C16061,10015,0.8339855595350602,2,Lighting Product 016
C16061,10027,0.8038643956131056,3,Bags & Accessories Product 028
C16061,10035,0.7512416361026368,4,Bags & Accessories Product 036
C16061,10016,0.748686257764686,5,Home Decor Product 017
C16061,10013,0.7242890556303547,6,Seasonal Product 014
C16061,10026,0.7175545208967146,7,Stationery Product 027
C16061,10038,0.7171861120705174,8,Party Supplies Product 039
C16061,10034,0.6855615066097498,9,Stationery Product 035
C16061,10007,0.6316959901256726,10,Lighting Product 008
C16062,10021,0.9146131492732102,1,Seasonal Product 022
C16062,10016,0.8952992682326519,2,Home Decor Product 017
C16062,10015,0.8945153938859511,3,Lighting Product 016
C16062,10038,0.8668315378367455,4,Party Supplies Product 039
C16062,10027,0.8640444661841118,5,Bags & Accessories Product 028
C16062,10035,0.8577646267552088,6,Bags & Accessories Product 036
C16062,10025,0.8417349566646652,7,Kitchenware Product 026
C16062,10034,0.8316746161548564,8,Stationery Product 035
C16062,10028,0.8124879891054867,9,Gifts Product 029
C16062,10002,0.8002295067101945,10,Stationery Product 003
C16065,10016,0.9792837362522546,1,Home Decor Product 017
C16065,10028,0.8698322115719163,2,Gifts Product 029
C16065,10027,0.8185251189435614,3,Bags & Accessories Product 028
C16065,10025,0.8141508667321099,4,Kitchenware Product 026
C16065,10034,0.71223468036565,5,Stationery Product 035
C16065,10020,0.6754292936026921,6,Gifts Product 021
C16065,10021,0.6519719955382955,7,Seasonal Product 022
C16065,10036,0.6464635625061403,8,Gifts Product 037
C16065,10013,0.5722505374929686,9,Seasonal Product 014
C16065,10007,0.5437269752805473,10,Lighting Product 008
C16069,10016,0.9318117050990409,1,Home Decor Product 017
C16069,10034,0.7347688769033457,2,Stationery Product 035
C16069,10021,0.6287290304108173,3,Seasonal Product 022
C16069,10002,0.5212152732418194,4,Stationery Product 003
C16069,10354,0.5139632893119146,5,Stationery Product 355
C16069,10394,0.49630915148222615,6,Stationery Product 395
C16069,10029,0.45734862019873807,7,Seasonal Product 030
C16069,10026,0.4306391576957311,8,Stationery Product 027
C16069,10090,0.4291061016188804,9,Stationery Product 091
C16069,10035,0.4243402412128183,10,Bags & Accessories Product 036
C16072,10038,0.9253214897320408,1,Party Supplies Product 039
C16072,10009,0.8954126770301517,2,Kitchenware Product 010
C16072,10021,0.8239056211065381,3,Seasonal Product 022
C16072,10033,0.8038047827113896,4,Kitchenware Product 034
C16072,10025,0.8027202568045401,5,Kitchenware Product 026
C16072,10209,0.7868935835962535,6,Kitchenware Product 210
C16072,10028,0.7837073415179623,7,Gifts Product 029
C16072,10193,0.7532388832323826,8,Kitchenware Product 194
C16072,10153,0.7301535836857115,9,Kitchenware Product 154
C16072,10065,0.7023155368594339,10,Kitchenware Product 066
C16074,10015,0.8815478904994111,1,Lighting Product 016
C16074,10021,0.7398212595930593,2,Seasonal Product 022
C16074,10034,0.6458185616264593,3,Stationery Product 035
C16074,10023,0.6444314148087369,4,Lighting Product 024
C16074,10013,0.624541178855181,5,Seasonal Product 014
C16074,10038,0.5715728016314414,6,Party Supplies Product 039
C16074,10295,0.5575235389513596,7,Lighting Product 296
C16074,10007,0.5494096643617375,8,Lighting Product 008
C16074,10029,0.537268328945765,9,Seasonal Product 030
C16074,10005,0.5344907634699291,10,Seasonal Product 006
C16076,10035,0.9314338437781036,1,Bags & Accessories Product 036
C16076,10027,0.9037006758321803,2,Bags & Accessories Product 028
C16076,10028,0.8295385566667628,3,Gifts Product 029
C16076,10021,0.7509612667780508,4,Seasonal Product 022
C16076,10034,0.7209746547882567,5,Stationery Product 035
C16076,10382,0.7030165811469611,6,Party Supplies Product 383
C16076,10025,0.6978035399168172,7,Kitchenware Product 026
C16076,10015,0.662948160813591,8,Lighting Product 016
C16076,10038,0.6350791534559441,9,Party Supplies Product 039
C16076,10005,0.5527018118432614,10,Seasonal Product 006
C16077,10016,0.8581665884136116,1,Home Decor Product 017
C16077,10034,0.8520109173677538,2,Stationery Product 035
C16077,10026,0.8462863492223774,3,Stationery Product 027
C16077,10354,0.7664396080458995,4,Stationery Product 355
C16077,10002,0.7638392658461787,5,Stationery Product 003
C16077,10015,0.7635252005258673,6,Lighting Product 016
C16077,10035,0.7457464214963382,7,Bags & Accessories Product 036
C16077,10007,0.6956186586673564,8,Lighting Product 008
C16077,10021,0.6713170168708936,9,Seasonal Product 022
C16077,10296,0.6173774832377271,10,Home Decor Product 297
C16078,10026,0.9768700501623221,1,Stationery Product 027
C16078,10038,0.9147452418352202,2,Party Supplies Product 039
C16078,10002,0.9092466709308995,3,Stationery Product 003
C16078,10034,0.8193117635143132,4,Stationery Product 035
C16078,10202,0.7773127501326892,5,Stationery Product 203
C16078,10354,0.7752369774234641,6,Stationery Product 355
C16078,10382,0.6924093609290884,7,Party Supplies Product 383
C16078,10025,0.6648572160293508,8,Kitchenware Product 026
C16078,10021,0.626031165305116,9,Seasonal Product 022
C16078,10013,0.5923955958158,10,Seasonal Product 014
C16079,10021,0.7965121237575892,1,Seasonal Product 022
C16079,10034,0.757004829061269,2,Stationery Product 035
C16079,10015,0.6744564719274566,3,Lighting Product 016
C16079,10016,0.57314079171748,4,Home Decor Product 017
C16079,10028,0.5702814123361888,5,Gifts Product 029
C16079,10023,0.5479029921743942,6,Lighting Product 024
C16079,10025,0.5077638403247197,7,Kitchenware Product 026
C16079,10027,0.48929670699788935,8,Bags & Accessories Product 028
C16079,10013,0.4787254367870549,9,Seasonal Product 014
C16079,10002,0.43562548036410276,10,Stationery Product 003
C16080,10016,0.9064438293256022,1,Home Decor Product 017
C16080,10021,0.757907546561871,2,Seasonal Product 022
C16080,10238,0.6965864060541884,3,Party Supplies Product 239
C16080,10382,0.6825499716788351,4,Party Supplies Product 383
C16080,10038,0.6719776245338228,5,Party Supplies Product 039
C16080,10026,0.6443297627211578,6,Stationery Product 027
C16080,10278,0.6264988268512142,7,Party Supplies Product 279
C16080,10086,0.5967189508674057,8,Party Supplies Product 087
C16080,10296,0.5898666540408605,9,Home Decor Product 297
C16080,10166,0.5809744826315725,10,Party Supplies Product 167
C16083,10021,0.7072429401515966,1,Seasonal Product 022
C16083,10013,0.6549091869184271,2,Seasonal Product 014
C16083,10027,0.6399588930475393,3,Bags & Accessories Product 028
C16083,10015,0.6226716713190363,4,Lighting Product 016
C16083,10025,0.6160840969167239,5,Kitchenware Product 026
C16083,10038,0.6048340285336171,6,Party Supplies Product 039
C16083,10007,0.57405881809258,7,Lighting Product 008
C16083,10028,0.5570717335223556,8,Gifts Product 029
C16083,10005,0.5510197266833589,9,Seasonal Product 006
C16083,10029,0.5488716036185382,10,Seasonal Product 030
C16085,10021,0.8268081755593575,1,Seasonal Product 022
C16085,10029,0.592124530498363,2,Seasonal Product 030
C16085,10034,0.587597109480009,3,Stationery Product 035
C16085,10005,0.5866195577342076,4,Seasonal Product 006
C16085,10015,0.5380839534589497,5,Lighting Product 016
C16085,10002,0.5272618093448221,6,Stationery Product 003
C16085,10028,0.4184325954563162,7,Gifts Product 029
C16085,10013,0.39775011645310565,8,Seasonal Product 014
C16085,10038,0.35774639913401923,9,Party Supplies Product 039
C16085,10354,0.3513891657397829,10,Stationery Product 355
C16086,10026,0.9384162807063887,1,Stationery Product 027
C16086,10016,0.923596497344905,2,Home Decor Product 017
C16086,10034,0.8612224118440465,3,Stationery Product 035
C16086,10354,0.8527593727564201,4,Stationery Product 355
C16086,10002,0.8149560464532216,5,Stationery Product 003
C16086,10015,0.7698125101240884,6,Lighting Product 016
C16086,10028,0.7516554326969822,7,Gifts Product 029
C16086,10025,0.7082999819949523,8,Kitchenware Product 026
C16086,10013,0.6782628901004706,9,Seasonal Product 014
C16086,10296,0.6619035521872993,10,Home Decor Product 297
C16089,10021,0.9376349399681347,1,Seasonal Product 022
C16089,10035,0.8744888564567831,2,Bags & Accessories Product 036
C16089,10027,0.8565970075732294,3,Bags & Accessories Product 028
C16089,10005,0.6937550198559279,4,Seasonal Product 006
C16089,10028,0.6905288562990398,5,Gifts Product 029
C16089,10179,0.6763930664464162,6,Bags & Accessories Product 180
C16089,10029,0.6351218521336391,7,Seasonal Product 030
C16089,10015,0.6283135576778055,8,Lighting Product 016
C16089,10013,0.6189798361076548,9,Seasonal Product 014
C16089,10007,0.6030639267075879,10,Lighting Product 008
C16093,10209,0.6881517982788322,1,Kitchenware Product 210
C16093,10025,0.6831066515835633,2,Kitchenware Product 026
C16093,10305,0.6787764508124714,3,Kitchenware Product 306
C16093,10021,0.6533558616441062,4,Seasonal Product 022
C16093,10022,0.6283291057631303,5,Party Supplies Product 023
C16093,10015,0.6047223407898676,6,Lighting Product 016
C16093,10278,0.5907873219741762,7,Party Supplies Product 279
C16093,10023,0.5726231171282792,8,Lighting Product 024
C16093,10033,0.5543749726637324,9,Kitchenware Product 034
C16093,10382,0.5503692143382986,10,Party Supplies Product 383
C16094,10028,0.9714117392847842,1,Gifts Product 029
C16094,10034,0.7703855756285641,2,Stationery Product 035
C16094,10026,0.7270461006823449,3,Stationery Product 027
C16094,10021,0.5691704701986755,4,Seasonal Product 022
C16094,10035,0.5392866601052267,5,Bags & Accessories Product 036
C16094,10036,0.5317270993515761,6,Gifts Product 037
C16094,10027,0.5292900039069589,7,Bags & Accessories Product 028
C16094,10015,0.5280516080661805,8,Lighting Product 016
C16094,10012,0.5242654601303902,9,Gifts Product 013
C16094,10116,0.496440696843328,10,Gifts Product 117
C16101,10021,0.7658242960308332,1,Seasonal Product 022
C16101,10015,0.6515901024938027,2,Lighting Product 016
C16101,10005,0.5350512317568642,3,Seasonal Product 006
C16101,10028,0.47926642670214564,4,Gifts Product 029
C16101,10036,0.4755693440119362,5,Gifts Product 037
C16101,10016,0.4371363578082036,6,Home Decor Product 017
C16101,10002,0.3829654305056734,7,Stationery Product 003
C16101,10013,0.347775413549317,8,Seasonal Product 014
C16101,10027,0.3380658279426807,9,Bags & Accessories Product 028
C16101,10035,0.31084097358424206,10,Bags & Accessories Product 036
C16103,10021,0.9038780892734839,1,Seasonal Product 022
C16103,10016,0.8129317670190287,2,Home Decor Product 017
C16103,10013,0.7620701080482328,3,Seasonal Product 014
C16103,10296,0.6834836420603474,4,Home Decor Product 297
C16103,10360,0.6437790602788879,5,Home Decor Product 361
C16103,10015,0.6410644159604498,6,Lighting Product 016
C16103,10101,0.6043688633474272,7,Seasonal Product 102
C16103,10352,0.6041116061681694,8,Home Decor Product 353
C16103,10034,0.5931449696680263,9,Stationery Product 035
C16103,10192,0.5769831242911628,10,Home Decor Product 193
C16104,10028,0.9843382565589962,1,Gifts Product 029
C16104,10027,0.9822384801613402,2,Bags & Accessories Product 028
C16104,10035,0.9769721795059078,3,Bags & Accessories Product 036
C16104,10020,0.8830041267817759,4,Gifts Product 021
C16104,10021,0.8398014795917307,5,Seasonal Product 022
C16104,10212,0.7654749413780985,6,Gifts Product 213
C16104,10116,0.757523027415981,7,Gifts Product 117
C16104,10004,0.7222000793915093,8,Gifts Product 005
C16104,10036,0.708045956248209,9,Gifts Product 037
C16104,10156,0.6726288002882302,10,Gifts Product 157
C16105,10009,0.7721240696030083,1,Kitchenware Product 010
C16105,10021,0.7628911739549711,2,Seasonal Product 022
C16105,10007,0.6706033450116192,3,Lighting Product 008
C16105,10002,0.584910849252653,4,Stationery Product 003
C16105,10153,0.567077607460756,5,Kitchenware Product 154
C16105,10305,0.5226167339454255,6,Kitchenware Product 306
C16105,10015,0.4760122723484857,7,Lighting Product 016
C16105,10013,0.432553907556581,8,Seasonal Product 014
C16105,10035,0.42925596083568524,9,Bags & Accessories Product 036
C16105,10023,0.41089157675179505,10,Lighting Product 024
C16107,10013,0.8770991972656235,1,Seasonal Product 014
C16107,10029,0.8169551387294023,2,Seasonal Product 030
C16107,10005,0.8138213337451065,3,Seasonal Product 006
C16107,10021,0.7978315611751838,4,Seasonal Product 022
C16107,10038,0.7886285466553627,5,Party Supplies Product 039
C16107,10027,0.7883673477884485,6,Bags & Accessories Product 028
C16107,10015,0.7655206066891266,7,Lighting Product 016
C16107,10035,0.710351237285799,8,Bags & Accessories Product 036
C16107,10028,0.6683616755152786,9,Gifts Product 029
C16107,10012,0.6662733575954797,10,Gifts Product 013
C16110,10038,0.7865220347616669,1,Party Supplies Product 039
C16110,10015,0.6601293157863292,2,Lighting Product 016
C16110,10005,0.5933738630893871,3,Seasonal Product 006
C16110,10305,0.5591095503068101,4,Kitchenware Product 306
C16110,10021,0.5163011280138633,5,Seasonal Product 022
C16110,10013,0.4374988908635478,6,Seasonal Product 014
C16110,10029,0.42879433227028585,7,Seasonal Product 030
C16110,10007,0.41893757194115727,8,Lighting Product 008
C16110,10028,0.4089768301677456,9,Gifts Product 029
C16110,10027,0.3928172011740806,10,Bags & Accessories Product 028
C16111,10021,0.9146131492732102,1,Seasonal Product 022
C16111,10016,0.8952992682326519,2,Home Decor Product 017
C16111,10015,0.8945153938859511,3,Lighting Product 016
C16111,10038,0.8668315378367455,4,Party Supplies Product 039
C16111,10027,0.8640444661841118,5,Bags & Accessories Product 028
C16111,10035,0.8577646267552088,6,Bags & Accessories Product 036
C16111,10025,0.8417349566646652,7,Kitchenware Product 026
C16111,10034,0.8316746161548564,8,Stationery Product 035
C16111,10028,0.8124879891054867,9,Gifts Product 029
C16111,10002,0.8002295067101945,10,Stationery Product 003
C16112,10021,0.7641528577588407,1,Seasonal Product 022
C16112,10002,0.49088345699531727,2,Stationery Product 003
C16112,10001,0.4715281905363073,3,Kitchenware Product 002
C16112,10007,0.45042341115383794,4,Lighting Product 008
C16112,10015,0.4370788946156325,5,Lighting Product 016
C16112,10354,0.43115264656041735,6,Stationery Product 355
C16112,10025,0.42207334552760856,7,Kitchenware Product 026
C16112,10023,0.41890245357192285,8,Lighting Product 024
C16112,10016,0.4160506369812523,9,Home Decor Product 017
C16112,10337,0.41028436597184664,10,Kitchenware Product 338
C16113,10015,0.9850092196492369,1,Lighting Product 016
C16113,10021,0.8157920250839029,2,Seasonal Product 022
C16113,10027,0.7476217458026186,3,Bags & Accessories Product 028
C16113,10002,0.6758468707762227,4,Stationery Product 003
C16113,10023,0.6674033733291187,5,Lighting Product 024
C16113,10295,0.661582261483114,6,Lighting Product 296
C16113,10007,0.627992349706162,7,Lighting Product 008
C16113,10028,0.594981226028778,8,Gifts Product 029
C16113,10036,0.5715280994971098,9,Gifts Product 037
C16113,10013,0.5683072813102804,10,Seasonal Product 014
C16114,10021,0.9619257889317724,1,Seasonal Product 022
C16114,10026,0.8274623805457122,2,Stationery Product 027
C16114,10038,0.7728032397754068,3,Party Supplies Product 039
C16114,10016,0.7074879482836057,4,Home Decor Product 017
C16114,10013,0.6247851161841372,5,Seasonal Product 014
C16114,10005,0.5647069617839017,6,Seasonal Product 006
C16114,10101,0.5451401598120884,7,Seasonal Product 102
C16114,10300,0.5237313627687927,8,Gifts Product 301
C16114,10015,0.5021679115929032,9,Lighting Product 016
C16114,10029,0.5016696482514368,10,Seasonal Product 030
C16115,10026,0.8385566567696165,1,Stationery Product 027
C16115,10028,0.7551626165187926,2,Gifts Product 029
C16115,10035,0.7523178047782644,3,Bags & Accessories Product 036
C16115,10354,0.5608802299338135,4,Stationery Product 355
C16115,10021,0.5404000245910655,5,Seasonal Product 022
C16115,10015,0.48173336010422074,6,Lighting Product 016
C16115,10025,0.4651595252830945,7,Kitchenware Product 026
C16115,10005,0.44072165693418375,8,Seasonal Product 006
C16115,10002,0.4375575603879194,9,Stationery Product 003
C16115,10038,0.425200323270753,10,Party Supplies Product 039
C16117,10028,0.9678966747118314,1,Gifts Product 029
C16117,10016,0.8877715255026634,2,Home Decor Product 017
C16117,10034,0.7149274471039273,3,Stationery Product 035
C16117,10005,0.5951811503067582,4,Seasonal Product 006
C16117,10015,0.5142298708243964,5,Lighting Product 016
C16117,10021,0.46194377150779653,6,Seasonal Product 022
C16117,10027,0.4615829930004933,7,Bags & Accessories Product 028
C16117,10362,0.44213316473032466,8,Stationery Product 363
C16117,10013,0.43898727140990873,9,Seasonal Product 014
C16117,10212,0.434799049999538,10,Gifts Product 213
C16118,10028,0.9045573755407584,1,Gifts Product 029
C16118,10038,0.8506218747150913,2,Party Supplies Product 039
C16118,10278,0.8351059535253172,3,Party Supplies Product 279
C16118,10022,0.7638672024730171,4,Party Supplies Product 023
C16118,10382,0.7031400923144796,5,Party Supplies Product 383
C16118,10015,0.7018555875626409,6,Lighting Product 016
C16118,10166,0.6706239827971546,7,Party Supplies Product 167
C16118,10268,0.6167755819965025,8,Gifts Product 269
C16118,10034,0.6118899139089125,9,Stationery Product 035
C16118,10116,0.6109636316901187,10,Gifts Product 117
C16119,10034,0.8755170342860781,1,Stationery Product 035
C16119,10026,0.8735212353798655,2,Stationery Product 027
C16119,10027,0.7777903041311679,3,Bags & Accessories Product 028
C16119,10038,0.6819098318295537,4,Party Supplies Product 039
C16119,10002,0.6781832325938005,5,Stationery Product 003
C16119,10031,0.6666628125109694,6,Lighting Product 032
C16119,10021,0.6558724913528137,7,Seasonal Product 022
C16119,10090,0.6304341188020377,8,Stationery Product 091
C16119,10074,0.5844726942313861,9,Stationery Product 075
C16119,10013,0.58437255792302,10,Seasonal Product 014
C16121,10034,0.6580047316907676,1,Stationery Product 035
C16121,10036,0.632060330552313,2,Gifts Product 037
C16121,10035,0.5415362614268928,3,Bags & Accessories Product 036
C16121,10025,0.53485997118843,4,Kitchenware Product 026
C16121,10354,0.5164438436621103,5,Stationery Product 355
C16121,10013,0.5131319435782996,6,Seasonal Product 014
C16121,10027,0.5034126816747695,7,Bags & Accessories Product 028
C16121,10228,0.4616882217823878,8,Gifts Product 229
C16121,10038,0.45959395389291446,9,Party Supplies Product 039
C16121,10026,0.4518948405987242,10,Stationery Product 027
C16122,10038,0.9015953121838884,1,Party Supplies Product 039
C16122,10025,0.8359529826631382,2,Kitchenware Product 026
C16122,10021,0.7003537965532611,3,Seasonal Product 022
C16122,10013,0.5376572517802468,4,Seasonal Product 014
C16122,10209,0.5247501018644871,5,Kitchenware Product 210
C16122,10029,0.49438452462470944,6,Seasonal Product 030
C16122,10015,0.49008590427970905,7,Lighting Product 016
C16122,10007,0.49004941752712683,8,Lighting Product 008
C16122,10278,0.47854214113439125,9,Party Supplies Product 279
C16122,10023,0.45948594413415766,10,Lighting Product 024
C16124,10015,0.85512856202052,1,Lighting Product 016
C16124,10038,0.6131129976291161,2,Party Supplies Product 039
C16124,10021,0.5843896137709609,3,Seasonal Product 022
C16124,10016,0.4537151616562417,4,Home Decor Product 017
C16124,10031,0.4484833917456918,5,Lighting Product 032
C16124,10295,0.4468459187716631,6,Lighting Product 296
C16124,10007,0.4363629339329257,7,Lighting Product 008
C16124,10013,0.41898053542200575,8,Seasonal Product 014
C16124,10023,0.3857943781298006,9,Lighting Product 024
C16124,10028,0.38144540694649076,10,Gifts Product 029
C16125,10028,0.9626394749505303,1,Gifts Product 029
C16125,10305,0.7673004737625976,2,Kitchenware Product 306
C16125,10009,0.7454635766468332,3,Kitchenware Product 010
C16125,10020,0.7436775706456773,4,Gifts Product 021
C16125,10021,0.6941917147133718,5,Seasonal Product 022
C16125,10036,0.6728623165176205,6,Gifts Product 037
C16125,10016,0.6212318994747196,7,Home Decor Product 017
C16125,10060,0.6107931746657318,8,Gifts Product 061
C16125,10025,0.5971933745103434,9,Kitchenware Product 026
C16125,10228,0.5851770877781607,10,Gifts Product 229
C16126,10021,0.9146131492732102,1,Seasonal Product 022
C16126,10016,0.8952992682326519,2,Home Decor Product 017
C16126,10015,0.8945153938859511,3,Lighting Product 016
C16126,10038,0.8668315378367455,4,Party Supplies Product 039
C16126,10027,0.8640444661841118,5,Bags & Accessories Product 028
C16126,10035,0.8577646267552088,6,Bags & Accessories Product 036
C16126,10025,0.8417349566646652,7,Kitchenware Product 026
C16126,10034,0.8316746161548564,8,Stationery Product 035
C16126,10028,0.8124879891054867,9,Gifts Product 029
C16126,10002,0.8002295067101945,10,Stationery Product 003
C16127,10028,0.9176509259794575,1,Gifts Product 029
C16127,10016,0.8955558781976946,2,Home Decor Product 017
C16127,10036,0.882102738528545,3,Gifts Product 037
C16127,10020,0.8461154622235619,4,Gifts Product 021
C16127,10021,0.7403141465857892,5,Seasonal Product 022
C16127,10212,0.7121126471000754,6,Gifts Product 213
C16127,10116,0.7074307313163037,7,Gifts Product 117
C16127,10228,0.643007473889612,8,Gifts Product 229
C16127,10060,0.641439288997953,9,Gifts Product 061
C16127,10004,0.5884142747530628,10,Gifts Product 005
C16130,10026,0.9274840989088521,1,Stationery Product 027
C16130,10035,0.927361178845768,2,Bags & Accessories Product 036
C16130,10023,0.8772488526276967,3,Lighting Product 024
C16130,10015,0.8732555950857643,4,Lighting Product 016
C16130,10007,0.872469855095273,5,Lighting Product 008
C16130,10021,0.8634630368693015,6,Seasonal Product 022
C16130,10034,0.7595722011025174,7,Stationery Product 035
C16130,10354,0.6982434645876804,8,Stationery Product 355
C16130,10031,0.6800055310432915,9,Lighting Product 032
C16130,10002,0.5955460716185264,10,Stationery Product 003
C16132,10021,0.6920413962645834,1,Seasonal Product 022
C16132,10015,0.6309980174100801,2,Lighting Product 016
C16132,10026,0.6135252497422514,3,Stationery Product 027
C16132,10028,0.5962627328814945,4,Gifts Product 029
C16132,10038,0.565292476556769,5,Party Supplies Product 039
C16132,10027,0.5616330796402482,6,Bags & Accessories Product 028
C16132,10007,0.5455824144513115,7,Lighting Product 008
C16132,10025,0.5262960377933723,8,Kitchenware Product 026
C16132,10013,0.5187915963250619,9,Seasonal Product 014
C16132,10034,0.48924775633486234,10,Stationery Product 035
C16134,10021,0.7571636910510163,1,Seasonal Product 022
C16134,10015,0.6284434240340931,2,Lighting Product 016
C16134,10305,0.5489378177593875,3,Kitchenware Product 306
C16134,10016,0.49496222837374226,4,Home Decor Product 017
C16134,10034,0.46271307375948323,5,Stationery Product 035
C16134,10025,0.4516434836053964,6,Kitchenware Product 026
C16134,10038,0.4494567155692529,7,Party Supplies Product 039
C16134,10026,0.44776589479892465,8,Stationery Product 027
C16134,10028,0.44308356894528517,9,Gifts Product 029
C16134,10002,0.4333309719336061,10,Stationery Product 003
C16135,10025,0.6864996726022652,1,Kitchenware Product 026
C16135,10013,0.6126053302913483,2,Seasonal Product 014
C16135,10028,0.5789677571537976,3,Gifts Product 029
C16135,10002,0.493008687645073,4,Stationery Product 003
C16135,10026,0.4191007924313914,5,Stationery Product 027
C16135,10021,0.41591718947150286,6,Seasonal Product 022
C16135,10034,0.3963029322814922,7,Stationery Product 035
C16135,10305,0.37074095314555205,8,Kitchenware Product 306
C16135,10354,0.3461171235897714,9,Stationery Product 355
C16135,10009,0.345116169147407,10,Kitchenware Product 010
C16136,10028,0.9671909800151741,1,Gifts Product 029
C16136,10036,0.9490838043345569,2,Gifts Product 037
C16136,10025,0.9377804641665833,3,Kitchenware Product 026
C16136,10020,0.9314456173860751,4,Gifts Product 021
C16136,10012,0.8566646646299728,5,Gifts Product 013
C16136,10021,0.8154560442625393,6,Seasonal Product 022
C16136,10305,0.7367806247323067,7,Kitchenware Product 306
C16136,10212,0.7198577249369058,8,Gifts Product 213
C16136,10244,0.7047176994047881,9,Gifts Product 245
C16136,10228,0.697150400558828,10,Gifts Product 229
C16139,10034,0.7303093907041833,1,Stationery Product 035
C16139,10023,0.6057963422984666,2,Lighting Product 024
C16139,10021,0.5337178660237663,3,Seasonal Product 022
C16139,10025,0.4800921638595594,4,Kitchenware Product 026
C16139,10015,0.475152195394258,5,Lighting Product 016
C16139,10002,0.46206161995253525,6,Stationery Product 003
C16139,10007,0.41729237744209063,7,Lighting Product 008
C16139,10090,0.4152510498207512,8,Stationery Product 091
C16139,10058,0.4113229128232298,9,Stationery Product 059
C16139,10038,0.40921910553294605,10,Party Supplies Product 039
C16142,10025,0.8003724042527235,1,Kitchenware Product 026
C16142,10009,0.7437273901968517,2,Kitchenware Product 010
C16142,10022,0.6589387191176227,3,Party Supplies Product 023
C16142,10021,0.5961152807186966,4,Seasonal Product 022
C16142,10353,0.5589177748414268,5,Kitchenware Product 354
C16142,10015,0.55416423855884,6,Lighting Product 016
C16142,10028,0.5359444768155287,7,Gifts Product 029
C16142,10153,0.5338429877164627,8,Kitchenware Product 154
C16142,10027,0.4902563960135092,9,Bags & Accessories Product 028
C16142,10001,0.48859297372045934,10,Kitchenware Product 002
C16144,10027,0.9462979903753802,1,Bags & Accessories Product 028
C16144,10035,0.9440739744301984,2,Bags & Accessories Product 036
C16144,10023,0.9073442146567521,3,Lighting Product 024
C16144,10007,0.8981971531908912,4,Lighting Product 008
C16144,10015,0.7892560416786705,5,Lighting Product 016
C16144,10031,0.7318616622670617,6,Lighting Product 032
C16144,10359,0.7285420445235031,7,Lighting Product 360
C16144,10047,0.68937040348906,8,Lighting Product 048
C16144,10295,0.6846694445394412,9,Lighting Product 296
C16144,10026,0.6817278291935028,10,Stationery Product 027
C16145,10021,0.9146131492732102,1,Seasonal Product 022
C16145,10016,0.8952992682326519,2,Home Decor Product 017
C16145,10015,0.8945153938859511,3,Lighting Product 016
C16145,10038,0.8668315378367455,4,Party Supplies Product 039
C16145,10027,0.8640444661841118,5,Bags & Accessories Product 028
C16145,10035,0.8577646267552088,6,Bags & Accessories Product 036
C16145,10025,0.8417349566646652,7,Kitchenware Product 026
C16145,10034,0.8316746161548564,8,Stationery Product 035
C16145,10028,0.8124879891054867,9,Gifts Product 029
C16145,10002,0.8002295067101945,10,Stationery Product 003
C16148,10016,0.6692559385741612,1,Home Decor Product 017
C16148,10038,0.5652380867685775,2,Party Supplies Product 039
C16148,10025,0.5429327677202157,3,Kitchenware Product 026
C16148,10013,0.5057159731124542,4,Seasonal Product 014
C16148,10015,0.48076874241234474,5,Lighting Product 016
C16148,10007,0.46853048024285054,6,Lighting Product 008
C16148,10026,0.45744472895926624,7,Stationery Product 027
C16148,10021,0.44214093377960023,8,Seasonal Product 022
C16148,10278,0.4391115498586596,9,Party Supplies Product 279
C16148,10036,0.4350889938953915,10,Gifts Product 037
C16151,10021,0.7486349235499651,1,Seasonal Product 022
C16151,10015,0.6053946133776407,2,Lighting Product 016
C16151,10036,0.5288949594599445,3,Gifts Product 037
C16151,10153,0.49710936053454624,4,Kitchenware Product 154
C16151,10016,0.4879001121591766,5,Home Decor Product 017
C16151,10038,0.47840324386587296,6,Party Supplies Product 039
C16151,10028,0.4160421349777666,7,Gifts Product 029
C16151,10007,0.411600708469469,8,Lighting Product 008
C16151,10034,0.3917803419959981,9,Stationery Product 035
C16151,10002,0.39166610439753047,10,Stationery Product 003
C16156,10021,0.9146131492732102,1,Seasonal Product 022
C16156,10016,0.8952992682326519,2,Home Decor Product 017
C16156,10015,0.8945153938859511,3,Lighting Product 016
C16156,10038,0.8668315378367455,4,Party Supplies Product 039
C16156,10027,0.8640444661841118,5,Bags & Accessories Product 028
C16156,10035,0.8577646267552088,6,Bags & Accessories Product 036
C16156,10025,0.8417349566646652,7,Kitchenware Product 026
C16156,10034,0.8316746161548564,8,Stationery Product 035
C16156,10028,0.8124879891054867,9,Gifts Product 029
C16156,10002,0.8002295067101945,10,Stationery Product 003
C16162,10026,0.8902828139785318,1,Stationery Product 027
C16162,10034,0.8490710701209007,2,Stationery Product 035
C16162,10038,0.8027852611022559,3,Party Supplies Product 039
C16162,10354,0.6489958544289313,4,Stationery Product 355
C16162,10202,0.6338236686262225,5,Stationery Product 203
C16162,10002,0.6221489626711288,6,Stationery Product 003
C16162,10005,0.5717619658252636,7,Seasonal Product 006
C16162,10029,0.5579762367178207,8,Seasonal Product 030
C16162,10021,0.5507374849134696,9,Seasonal Product 022
C16162,10007,0.5351282274512574,10,Lighting Product 008
C16165,10021,0.9194982907756912,1,Seasonal Product 022
C16165,10027,0.704720184441529,2,Bags & Accessories Product 028
C16165,10013,0.6901317377898687,3,Seasonal Product 014
C16165,10038,0.6248268266417852,4,Party Supplies Product 039
C16165,10015,0.623542856437569,5,Lighting Product 016
C16165,10016,0.6229256370482087,6,Home Decor Product 017
C16165,10029,0.5932154370068664,7,Seasonal Product 030
C16165,10005,0.5364915024009385,8,Seasonal Product 006
C16165,10028,0.5320602632937453,9,Gifts Product 029
C16165,10036,0.5204182275628054,10,Gifts Product 037
C16166,10021,0.9146131492732102,1,Seasonal Product 022
C16166,10016,0.8952992682326519,2,Home Decor Product 017
C16166,10015,0.8945153938859511,3,Lighting Product 016
C16166,10038,0.8668315378367455,4,Party Supplies Product 039
C16166,10027,0.8640444661841118,5,Bags & Accessories Product 028
C16166,10035,0.8577646267552088,6,Bags & Accessories Product 036
C16166,10025,0.8417349566646652,7,Kitchenware Product 026
C16166,10034,0.8316746161548564,8,Stationery Product 035
C16166,10028,0.8124879891054867,9,Gifts Product 029
C16166,10002,0.8002295067101945,10,Stationery Product 003
C16168,10027,0.879915220662859,1,Bags & Accessories Product 028
C16168,10038,0.8481622836129896,2,Party Supplies Product 039
C16168,10035,0.7178758251018015,3,Bags & Accessories Product 036
C16168,10026,0.6011624409315273,4,Stationery Product 027
C16168,10023,0.5110015300241841,5,Lighting Product 024
C16168,10005,0.4978860633853779,6,Seasonal Product 006
C16168,10219,0.4875142763086857,7,Bags & Accessories Product 220
C16168,10002,0.48703302496269674,8,Stationery Product 003
C16168,10021,0.4801020141846264,9,Seasonal Product 022
C16168,10166,0.4793239171392512,10,Party Supplies Product 167
C16169,10028,0.8823020283419063,1,Gifts Product 029
C16169,10027,0.8074438500290781,2,Bags & Accessories Product 028
C16169,10025,0.762005428544093,3,Kitchenware Product 026
C16169,10020,0.6358431804161329,4,Gifts Product 021
C16169,10021,0.6127158689934826,5,Seasonal Product 022
C16169,10009,0.5985045568638191,6,Kitchenware Product 010
C16169,10116,0.5567861620130394,7,Gifts Product 117
C16169,10004,0.46782492344502485,8,Gifts Product 005
C16169,10015,0.4467321466339116,9,Lighting Product 016
C16169,10002,0.43823116635568093,10,Stationery Product 003
C16172,10021,0.9218382182078483,1,Seasonal Product 022
C16172,10009,0.8673591620570876,2,Kitchenware Product 010
C16172,10034,0.866957077089465,3,Stationery Product 035
C16172,10002,0.7950021496567398,4,Stationery Product 003
C16172,10015,0.7924723879923739,5,Lighting Product 016
C16172,10209,0.7748696499802635,6,Kitchenware Product 210
C16172,10035,0.7622804668099324,7,Bags & Accessories Product 036
C16172,10153,0.7564715436914815,8,Kitchenware Product 154
C16172,10354,0.7402500815676543,9,Stationery Product 355
C16172,10016,0.7250323858036141,10,Home Decor Product 017
C16175,10016,0.8332480431885934,1,Home Decor Product 017
C16175,10021,0.7161094431735897,2,Seasonal Product 022
C16175,10034,0.6563339096128662,3,Stationery Product 035
C16175,10015,0.5801429262798588,4,Lighting Product 016
C16175,10028,0.5080867768704415,5,Gifts Product 029
C16175,10047,0.45850119665141087,6,Lighting Product 048
C16175,10029,0.42746445457025817,7,Seasonal Product 030
C16175,10027,0.41938220200184567,8,Bags & Accessories Product 028
C16175,10337,0.3975582151738864,9,Kitchenware Product 338
C16175,10022,0.3943674372526184,10,Party Supplies Product 023
C16176,10027,0.6556062108323437,1,Bags & Accessories Product 028
C16176,10035,0.6037373077665495,2,Bags & Accessories Product 036
C16176,10015,0.5031246731980656,3,Lighting Product 016
C16176,10021,0.496762844054201,4,Seasonal Product 022
C16176,10016,0.43140595990789665,5,Home Decor Product 017
C16176,10013,0.41704011717914696,6,Seasonal Product 014
C16176,10025,0.4083434136624977,7,Kitchenware Product 026
C16176,10031,0.40083812827339377,8,Lighting Product 032
C16176,10007,0.3821452924208722,9,Lighting Product 008
C16176,10028,0.37543294741423355,10,Gifts Product 029
C16177,10021,0.9146131492732102,1,Seasonal Product 022
C16177,10016,0.8952992682326519,2,Home Decor Product 017
C16177,10015,0.8945153938859511,3,Lighting Product 016
C16177,10038,0.8668315378367455,4,Party Supplies Product 039
C16177,10027,0.8640444661841118,5,Bags & Accessories Product 028
C16177,10035,0.8577646267552088,6,Bags & Accessories Product 036
C16177,10025,0.8417349566646652,7,Kitchenware Product 026
C16177,10034,0.8316746161548564,8,Stationery Product 035
C16177,10028,0.8124879891054867,9,Gifts Product 029
C16177,10002,0.8002295067101945,10,Stationery Product 003
C16178,10013,0.8640571513431897,1,Seasonal Product 014
C16178,10021,0.8112019285406719,2,Seasonal Product 022
C16178,10005,0.6080976385895603,3,Seasonal Product 006
C16178,10029,0.5466761362538942,4,Seasonal Product 030
C16178,10028,0.49533610270939477,5,Gifts Product 029
C16178,10015,0.49333139115553337,6,Lighting Product 016
C16178,10002,0.484733350071296,7,Stationery Product 003
C16178,10036,0.4629257230026126,8,Gifts Product 037
C16178,10027,0.450122796638692,9,Bags & Accessories Product 028
C16178,10034,0.4399969171472492,10,Stationery Product 035
C16187,10015,0.8554756294213788,1,Lighting Product 016
C16187,10021,0.8339807421089285,2,Seasonal Product 022
C16187,10031,0.6151135739139095,3,Lighting Product 032
C16187,10007,0.6117528973619932,4,Lighting Product 008
C16187,10209,0.5429736315049206,5,Kitchenware Product 210
C16187,10028,0.5106134032408395,6,Gifts Product 029
C16187,10005,0.49875830281033423,7,Seasonal Product 006
C16187,10016,0.48409395973270325,8,Home Decor Product 017
C16187,10193,0.4745694823900835,9,Kitchenware Product 194
C16187,10013,0.4592597240619364,10,Seasonal Product 014
C16189,10021,0.9809994293787433,1,Seasonal Product 022
C16189,10029,0.9503925083585048,2,Seasonal Product 030
C16189,10015,0.9367097115870077,3,Lighting Product 016
C16189,10013,0.9222879799715461,4,Seasonal Product 014
C16189,10047,0.797747749254376,5,Lighting Product 048
C16189,10007,0.7449587235751022,6,Lighting Product 008
C16189,10028,0.7280946848159547,7,Gifts Product 029
C16189,10026,0.709335826152272,8,Stationery Product 027
C16189,10359,0.7083507443001804,9,Lighting Product 360
C16189,10034,0.6638354026585195,10,Stationery Product 035
C16190,10027,0.903323964132366,1,Bags & Accessories Product 028
C16190,10025,0.791495135600932,2,Kitchenware Product 026
C16190,10026,0.7818219557465231,3,Stationery Product 027
C16190,10034,0.7730178061975559,4,Stationery Product 035
C16190,10074,0.6092611419677517,5,Stationery Product 075
C16190,10009,0.5892870272323885,6,Kitchenware Product 010
C16190,10021,0.5813139641060893,7,Seasonal Product 022
C16190,10029,0.5487490803431482,8,Seasonal Product 030
C16190,10013,0.5415507794986277,9,Seasonal Product 014
C16190,10005,0.5398794509533588,10,Seasonal Product 006
C16191,10015,0.9685871246322656,1,Lighting Product 016
C16191,10026,0.9663693812434399,2,Stationery Product 027
C16191,10034,0.9556358653890904,3,Stationery Product 035
C16191,10007,0.9303219418652819,4,Lighting Product 008
C16191,10023,0.8927324716973002,5,Lighting Product 024
C16191,10021,0.8798404524078963,6,Seasonal Product 022
C16191,10028,0.7700217594220342,7,Gifts Product 029
C16191,10031,0.7670794470344693,8,Lighting Product 032
C16191,10047,0.7665320465080329,9,Lighting Product 048
C16191,10002,0.7126018508622787,10,Stationery Product 003
C16192,10015,0.6766370609962654,1,Lighting Product 016
C16192,10007,0.6154611817147667,2,Lighting Product 008
C16192,10028,0.5878947974784853,3,Gifts Product 029
C16192,10034,0.581109388584599,4,Stationery Product 035
C16192,10016,0.5743196140878631,5,Home Decor Product 017
C16192,10025,0.5562338211267953,6,Kitchenware Product 026
C16192,10027,0.5524035319762355,7,Bags & Accessories Product 028
C16192,10035,0.5383281805073309,8,Bags & Accessories Product 036
C16192,10038,0.5271440559097706,9,Party Supplies Product 039
C16192,10026,0.5117379425582431,10,Stationery Product 027
C16193,10021,0.9146131492732102,1,Seasonal Product 022
C16193,10016,0.8952992682326519,2,Home Decor Product 017
C16193,10015,0.8945153938859511,3,Lighting Product 016
C16193,10038,0.8668315378367455,4,Party Supplies Product 039
C16193,10027,0.8640444661841118,5,Bags & Accessories Product 028
C16193,10035,0.8577646267552088,6,Bags & Accessories Product 036
C16193,10025,0.8417349566646652,7,Kitchenware Product 026
C16193,10034,0.8316746161548564,8,Stationery Product 035
C16193,10028,0.8124879891054867,9,Gifts Product 029
C16193,10002,0.8002295067101945,10,Stationery Product 003
C16196,10016,0.8903504279739722,1,Home Decor Product 017
C16196,10015,0.8903090940641353,2,Lighting Product 016
C16196,10296,0.8096113293745626,3,Home Decor Product 297
C16196,10036,0.7955037556059857,4,Gifts Product 037
C16196,10007,0.7940110447295848,5,Lighting Product 008
C16196,10035,0.7769559537636351,6,Bags & Accessories Product 036
C16196,10360,0.7425090049553223,7,Home Decor Product 361
C16196,10212,0.741569115046709,8,Gifts Product 213
C16196,10028,0.741323276977133,9,Gifts Product 029
C16196,10026,0.7384663192470979,10,Stationery Product 027
C16197,10021,0.9146131492732102,1,Seasonal Product 022
C16197,10016,0.8952992682326519,2,Home Decor Product 017
C16197,10015,0.8945153938859511,3,Lighting Product 016
C16197,10038,0.8668315378367455,4,Party Supplies Product 039
C16197,10027,0.8640444661841118,5,Bags & Accessories Product 028
C16197,10035,0.8577646267552088,6,Bags & Accessories Product 036
C16197,10025,0.8417349566646652,7,Kitchenware Product 026
C16197,10034,0.8316746161548564,8,Stationery Product 035
C16197,10028,0.8124879891054867,9,Gifts Product 029
C16197,10002,0.8002295067101945,10,Stationery Product 003
C16200,10016,0.9568701731505214,1,Home Decor Product 017
C16200,10028,0.8484694048069771,2,Gifts Product 029
C16200,10021,0.7657197318247669,3,Seasonal Product 022
C16200,10015,0.6342610689400101,4,Lighting Product 016
C16200,10020,0.5876826296963545,5,Gifts Product 021
C16200,10032,0.5639333757518037,6,Home Decor Product 033
C16200,10035,0.5317215083506134,7,Bags & Accessories Product 036
C16200,10013,0.5135746077430651,8,Seasonal Product 014
C16200,10027,0.507725888176946,9,Bags & Accessories Product 028
C16200,10368,0.5074108363482009,10,Home Decor Product 369
C16201,10038,0.9499538875585294,1,Party Supplies Product 039
C16201,10028,0.9129383742188888,2,Gifts Product 029
C16201,10036,0.8079694782854392,3,Gifts Product 037
C16201,10020,0.7653502232912678,4,Gifts Product 021
C16201,10005,0.7613053444954291,5,Seasonal Product 006
C16201,10002,0.7529192267247908,6,Stationery Product 003
C16201,10015,0.7351998572443599,7,Lighting Product 016
C16201,10013,0.7195431444425474,8,Seasonal Product 014
C16201,10029,0.7136222344659952,9,Seasonal Product 030
C16201,10021,0.7094557031919843,10,Seasonal Product 022
C16202,10016,0.9551384929919973,1,Home Decor Product 017
C16202,10021,0.9505702206027365,2,Seasonal Product 022
C16202,10029,0.8255953818233254,3,Seasonal Product 030
C16202,10005,0.7562569663310276,4,Seasonal Product 006
C16202,10296,0.6747422078062714,5,Home Decor Product 297
C16202,10360,0.666976556802182,6,Home Decor Product 361
C16202,10153,0.6374083407835046,7,Kitchenware Product 154
C16202,10352,0.6094218894918948,8,Home Decor Product 353
C16202,10368,0.5965000841807485,9,Home Decor Product 369
C16202,10032,0.5931726742162433,10,Home Decor Product 033
C16203,10038,0.7935342577454901,1,Party Supplies Product 039
C16203,10021,0.7137839215365418,2,Seasonal Product 022
C16203,10013,0.6585159562207137,3,Seasonal Product 014
C16203,10002,0.46791007457860323,4,Stationery Product 003
C16203,10025,0.45156123893708383,5,Kitchenware Product 026
C16203,10354,0.4191807016221812,6,Stationery Product 355
C16203,10015,0.408504685045175,7,Lighting Product 016
C16203,10074,0.3867790409824144,8,Stationery Product 075
C16203,10169,0.3751441515201965,9,Kitchenware Product 170
C16203,10028,0.35942711078404116,10,Gifts Product 029
C16204,10021,0.7435768283370655,1,Seasonal Product 022
C16204,10005,0.6453740777801251,2,Seasonal Product 006
C16204,10015,0.6224361960807884,3,Lighting Product 016
C16204,10028,0.5597271904301497,4,Gifts Product 029
C16204,10016,0.4915293563213515,5,Home Decor Product 017
C16204,10027,0.4370629892613877,6,Bags & Accessories Product 028
C16204,10035,0.4038737910131525,7,Bags & Accessories Product 036
C16204,10038,0.38977595222894823,8,Party Supplies Product 039
C16204,10013,0.378463145778976,9,Seasonal Product 014
C16204,10278,0.37783378693916003,10,Party Supplies Product 279
C16206,10015,0.7441177123867895,1,Lighting Product 016
C16206,10035,0.6921878592610488,2,Bags & Accessories Product 036
C16206,10020,0.6616283706512895,3,Gifts Product 021
C16206,10021,0.6472998841722535,4,Seasonal Product 022
C16206,10116,0.6308717172359146,5,Gifts Product 117
C16206,10038,0.5304863952443165,6,Party Supplies Product 039
C16206,10013,0.524747642087294,7,Seasonal Product 014
C16206,10036,0.49791219032924594,8,Gifts Product 037
C16206,10027,0.48472782839177664,9,Bags & Accessories Product 028
C16206,10028,0.4770492940487465,10,Gifts Product 029
C16207,10021,0.8399719655160692,1,Seasonal Product 022
C16207,10015,0.7876095181386367,2,Lighting Product 016
C16207,10016,0.7540647842612456,3,Home Decor Product 017
C16207,10027,0.6703249238561929,4,Bags & Accessories Product 028
C16207,10028,0.6591883534905183,5,Gifts Product 029
C16207,10035,0.6002687793177948,6,Bags & Accessories Product 036
C16207,10034,0.5810279634350559,7,Stationery Product 035
C16207,10023,0.5611400056599477,8,Lighting Product 024
C16207,10005,0.554800573651113,9,Seasonal Product 006
C16207,10020,0.5462680523777554,10,Gifts Product 021
C16208,10021,0.7747833339968989,1,Seasonal Product 022
C16208,10015,0.5730763249398971,2,Lighting Product 016
C16208,10026,0.5227874824920442,3,Stationery Product 027
C16208,10027,0.5114886356491423,4,Bags & Accessories Product 028
C16208,10295,0.4992253098677322,5,Lighting Product 296
C16208,10034,0.49792135438440227,6,Stationery Product 035
C16208,10028,0.4741878423915249,7,Gifts Product 029
C16208,10035,0.46836289986951574,8,Bags & Accessories Product 036
C16208,10278,0.46266634603088924,9,Party Supplies Product 279
C16208,10023,0.43542095403696285,10,Lighting Product 024
C16209,10038,0.8052604886918403,1,Party Supplies Product 039
C16209,10016,0.7928445489767736,2,Home Decor Product 017
C16209,10015,0.6783382597787772,3,Lighting Product 016
C16209,10021,0.6605640594183424,4,Seasonal Product 022
C16209,10360,0.6180478127130483,5,Home Decor Product 361
C16209,10032,0.5457920274830391,6,Home Decor Product 033
C16209,10296,0.5318345695367938,7,Home Decor Product 297
C16209,10040,0.5240002771540351,8,Home Decor Product 041
C16209,10056,0.5162026709983788,9,Home Decor Product 057
C16209,10022,0.49726592738194114,10,Party Supplies Product 023
C16210,10016,0.7920393925857119,1,Home Decor Product 017
C16210,10035,0.7678849415041547,2,Bags & Accessories Product 036
C16210,10015,0.7362400705758757,3,Lighting Product 016
C16210,10021,0.6756831514314074,4,Seasonal Product 022
C16210,10007,0.6534840951807862,5,Lighting Product 008
C16210,10028,0.5586119593717904,6,Gifts Product 029
C16210,10025,0.550181959522382,7,Kitchenware Product 026
C16210,10296,0.5257925514715833,8,Home Decor Product 297
C16210,10020,0.47571341004764683,9,Gifts Product 021
C16210,10031,0.47491930116294534,10,Lighting Product 032
C16216,10034,0.9228888309150369,1,Stationery Product 035
C16216,10038,0.9198216293785013,2,Party Supplies Product 039
C16216,10026,0.9119499951041277,3,Stationery Product 027
C16216,10382,0.8205341117114063,4,Party Supplies Product 383
C16216,10021,0.7763988121250361,5,Seasonal Product 022
C16216,10022,0.7309728542744361,6,Party Supplies Product 023
C16216,10002,0.7218221518170462,7,Stationery Product 003
C16216,10278,0.7213651135443574,8,Party Supplies Product 279
C16216,10015,0.7125764027381438,9,Lighting Product 016
C16216,10027,0.6632639931558775,10,Bags & Accessories Product 028
C16218,10015,0.5598479604494216,1,Lighting Product 016
C16218,10028,0.5440153003034287,2,Gifts Product 029
C16218,10026,0.5151021535385332,3,Stationery Product 027
C16218,10027,0.5109091327984107,4,Bags & Accessories Product 028
C16218,10038,0.5021732031203785,5,Party Supplies Product 039
C16218,10005,0.485990368558101,6,Seasonal Product 006
C16218,10035,0.4858494895845369,7,Bags & Accessories Product 036
C16218,10023,0.4756549414652526,8,Lighting Product 024
C16218,10036,0.471370987452984,9,Gifts Product 037
C16218,10013,0.4659853798711553,10,Seasonal Product 014
C16219,10025,0.816843631719761,1,Kitchenware Product 026
C16219,10021,0.8103584411762089,2,Seasonal Product 022
C16219,10009,0.763917803826739,3,Kitchenware Product 010
C16219,10035,0.7340586538295752,4,Bags & Accessories Product 036
C16219,10305,0.6490340714033844,5,Kitchenware Product 306
C16219,10028,0.5744452221712973,6,Gifts Product 029
C16219,10005,0.5697714553359778,7,Seasonal Product 006
C16219,10209,0.5391720145145743,8,Kitchenware Product 210
C16219,10027,0.5352755745014655,9,Bags & Accessories Product 028
C16219,10015,0.5245705325631498,10,Lighting Product 016
C16224,10002,0.8781384969071178,1,Stationery Product 003
C16224,10026,0.8626251020747205,2,Stationery Product 027
C16224,10027,0.8609576778544215,3,Bags & Accessories Product 028
C16224,10354,0.8603733533476553,4,Stationery Product 355
C16224,10035,0.8502533440464157,5,Bags & Accessories Product 036
C16224,10021,0.7905465350043221,6,Seasonal Product 022
C16224,10015,0.7826018017284463,7,Lighting Product 016
C16224,10202,0.7353788833127854,8,Stationery Product 203
C16224,10179,0.7270049617538279,9,Bags & Accessories Product 180
C16224,10034,0.7168544950972159,10,Stationery Product 035
C16226,10027,0.7589392373394238,1,Bags & Accessories Product 028
C16226,10038,0.7566090831645839,2,Party Supplies Product 039
C16226,10021,0.7556811512693384,3,Seasonal Product 022
C16226,10382,0.6445578666814711,4,Party Supplies Product 383
C16226,10020,0.5853829847261809,5,Gifts Product 021
C16226,10015,0.5576773844310544,6,Lighting Product 016
C16226,10002,0.5047764070385201,7,Stationery Product 003
C16226,10009,0.4888543571264416,8,Kitchenware Product 010
C16226,10034,0.48338092582943526,9,Stationery Product 035
C16226,10029,0.4777917823566445,10,Seasonal Product 030
C16227,10025,0.8460125182709736,1,Kitchenware Product 026
C16227,10026,0.7358424844208346,2,Stationery Product 027
C16227,10015,0.6805813880712231,3,Lighting Product 016
C16227,10021,0.6563807983981447,4,Seasonal Product 022
C16227,10016,0.6443941524069848,5,Home Decor Product 017
C16227,10013,0.5929261010280874,6,Seasonal Product 014
C16227,10156,0.5288122747823685,7,Gifts Product 157
C16227,10337,0.4932411243091275,8,Kitchenware Product 338
C16227,10217,0.4611099282151153,9,Kitchenware Product 218
C16227,10193,0.44811115167018356,10,Kitchenware Product 194
C16229,10021,0.9146131492732102,1,Seasonal Product 022
C16229,10016,0.8952992682326519,2,Home Decor Product 017
C16229,10015,0.8945153938859511,3,Lighting Product 016
C16229,10038,0.8668315378367455,4,Party Supplies Product 039
C16229,10027,0.8640444661841118,5,Bags & Accessories Product 028
C16229,10035,0.8577646267552088,6,Bags & Accessories Product 036
C16229,10025,0.8417349566646652,7,Kitchenware Product 026
C16229,10034,0.8316746161548564,8,Stationery Product 035
C16229,10028,0.8124879891054867,9,Gifts Product 029
C16229,10002,0.8002295067101945,10,Stationery Product 003
C16230,10035,0.9280042959581797,1,Bags & Accessories Product 036
C16230,10027,0.9100796048860516,2,Bags & Accessories Product 028
C16230,10028,0.905697334904853,3,Gifts Product 029
C16230,10036,0.8118076377871035,4,Gifts Product 037
C16230,10195,0.6824274718196287,5,Bags & Accessories Product 196
C16230,10020,0.6437863511179233,6,Gifts Product 021
C16230,10005,0.618233330736174,7,Seasonal Product 006
C16230,10060,0.604604808016005,8,Gifts Product 061
C16230,10013,0.6022102298103224,9,Seasonal Product 014
C16230,10016,0.5714641649252511,10,Home Decor Product 017
C16231,10021,0.7445629820968291,1,Seasonal Product 022
C16231,10015,0.7058298503622081,2,Lighting Product 016
C16231,10354,0.5322038602083989,3,Stationery Product 355
C16231,10028,0.5228631154413935,4,Gifts Product 029
C16231,10295,0.4967054559346491,5,Lighting Product 296
C16231,10278,0.4809466770978804,6,Party Supplies Product 279
C16231,10027,0.46876157444795163,7,Bags & Accessories Product 028
C16231,10035,0.4588449583513482,8,Bags & Accessories Product 036
C16231,10013,0.4578219555080428,9,Seasonal Product 014
C16231,10026,0.45128823593103334,10,Stationery Product 027
C16236,10021,0.8582696069426867,1,Seasonal Product 022
C16236,10015,0.7477830492975693,2,Lighting Product 016
C16236,10035,0.7168967678594405,3,Bags & Accessories Product 036
C16236,10029,0.6977941026574296,4,Seasonal Product 030
C16236,10005,0.6579687525593632,5,Seasonal Product 006
C16236,10305,0.6288093822220925,6,Kitchenware Product 306
C16236,10028,0.608648093470922,7,Gifts Product 029
C16236,10034,0.5986412774505203,8,Stationery Product 035
C16236,10027,0.5568845944994997,9,Bags & Accessories Product 028
C16236,10025,0.5496218437527496,10,Kitchenware Product 026
C16237,10034,0.8378936084842812,1,Stationery Product 035
C16237,10026,0.7458710039894028,2,Stationery Product 027
C16237,10021,0.7323080055120524,3,Seasonal Product 022
C16237,10016,0.6400667345762119,4,Home Decor Product 017
C16237,10002,0.5785678253605023,5,Stationery Product 003
C16237,10074,0.5687099237804362,6,Stationery Product 075
C16237,10005,0.5553157353914364,7,Seasonal Product 006
C16237,10029,0.5214680622677801,8,Seasonal Product 030
C16237,10036,0.5135966818260413,9,Gifts Product 037
C16237,10305,0.5037902672745951,10,Kitchenware Product 306
C16238,10026,0.8958522139547441,1,Stationery Product 027
C16238,10005,0.8941165039344827,2,Seasonal Product 006
C16238,10034,0.8907422668278868,3,Stationery Product 035
C16238,10029,0.8883873922537504,4,Seasonal Product 030
C16238,10013,0.8881002205353797,5,Seasonal Product 014
C16238,10002,0.8583357156073798,6,Stationery Product 003
C16238,10021,0.7766493503835054,7,Seasonal Product 022
C16238,10028,0.7411731986846515,8,Gifts Product 029
C16238,10015,0.7228563267556835,9,Lighting Product 016
C16238,10007,0.5630233550667493,10,Lighting Product 008
C16239,10021,0.9146131492732102,1,Seasonal Product 022
C16239,10016,0.8952992682326519,2,Home Decor Product 017
C16239,10015,0.8945153938859511,3,Lighting Product 016
C16239,10038,0.8668315378367455,4,Party Supplies Product 039
C16239,10027,0.8640444661841118,5,Bags & Accessories Product 028
C16239,10035,0.8577646267552088,6,Bags & Accessories Product 036
C16239,10025,0.8417349566646652,7,Kitchenware Product 026
C16239,10034,0.8316746161548564,8,Stationery Product 035
C16239,10028,0.8124879891054867,9,Gifts Product 029
C16239,10002,0.8002295067101945,10,Stationery Product 003
C16240,10016,0.8108455076940295,1,Home Decor Product 017
C16240,10015,0.7715135415226372,2,Lighting Product 016
C16240,10021,0.7669863972109285,3,Seasonal Product 022
C16240,10028,0.6080250174082437,4,Gifts Product 029
C16240,10295,0.5494235929475726,5,Lighting Product 296
C16240,10031,0.5121972538588354,6,Lighting Product 032
C16240,10013,0.509327872871702,7,Seasonal Product 014
C16240,10047,0.4943608734846998,8,Lighting Product 048
C16240,10034,0.462768730131961,9,Stationery Product 035
C16240,10007,0.4466489885242895,10,Lighting Product 008
C16242,10021,0.986283213090066,1,Seasonal Product 022
C16242,10027,0.8731710248399057,2,Bags & Accessories Product 028
C16242,10013,0.7819608272067522,3,Seasonal Product 014
C16242,10035,0.769782896668123,4,Bags & Accessories Product 036
C16242,10005,0.5957520876495997,5,Seasonal Product 006
C16242,10029,0.544062061304606,6,Seasonal Product 030
C16242,10015,0.525706275220023,7,Lighting Product 016
C16242,10007,0.48729121029355155,8,Lighting Product 008
C16242,10036,0.45354055826252543,9,Gifts Product 037
C16242,10023,0.45040922297345276,10,Lighting Product 024
C16243,10015,0.6882287124008944,1,Lighting Product 016
C16243,10021,0.6132444509539212,2,Seasonal Product 022
C16243,10295,0.5049769352572194,3,Lighting Product 296
C16243,10016,0.48230859892048233,4,Home Decor Product 017
C16243,10013,0.45490699705141197,5,Seasonal Product 014
C16243,10028,0.40420390213315177,6,Gifts Product 029
C16243,10007,0.3988960418924028,7,Lighting Product 008
C16243,10023,0.3820384777115191,8,Lighting Product 024
C16243,10359,0.3801398095556493,9,Lighting Product 360
C16243,10031,0.378654729353148,10,Lighting Product 032
C16245,10034,0.8090779318595664,1,Stationery Product 035
C16245,10021,0.7356754099182927,2,Seasonal Product 022
C16245,10015,0.6606555610929215,3,Lighting Product 016
C16245,10038,0.5999420117878083,4,Party Supplies Product 039
C16245,10202,0.5951844002645614,5,Stationery Product 203
C16245,10028,0.564328354109514,6,Gifts Product 029
C16245,10016,0.5591529166650191,7,Home Decor Product 017
C16245,10025,0.5366985126066594,8,Kitchenware Product 026
C16245,10027,0.528541797790264,9,Bags & Accessories Product 028
C16245,10007,0.5237511974988411,10,Lighting Product 008
C16246,10038,0.7471752647600609,1,Party Supplies Product 039
C16246,10013,0.7188023304105933,2,Seasonal Product 014
C16246,10027,0.6981674491625399,3,Bags & Accessories Product 028
C16246,10026,0.6864818994376678,4,Stationery Product 027
C16246,10035,0.6862807161608759,5,Bags & Accessories Product 036
C16246,10029,0.6752589621119395,6,Seasonal Product 030
C16246,10025,0.6697632789440717,7,Kitchenware Product 026
C16246,10028,0.6621956785448273,8,Gifts Product 029
C16246,10005,0.6569752333359664,9,Seasonal Product 006
C16246,10036,0.6485005671853606,10,Gifts Product 037
C16247,10028,0.8156791841804847,1,Gifts Product 029
C16247,10034,0.7152120101178215,2,Stationery Product 035
C16247,10021,0.7112337519748327,3,Seasonal Product 022
C16247,10020,0.6435329896924913,4,Gifts Product 021
C16247,10005,0.6045325826799718,5,Seasonal Product 006
C16247,10360,0.5735675866404355,6,Home Decor Product 361
C16247,10016,0.5705915215814976,7,Home Decor Product 017
C16247,10060,0.5612287873316033,8,Gifts Product 061
C16247,10300,0.5483384536257978,9,Gifts Product 301
C16247,10025,0.5448976250311572,10,Kitchenware Product 026
C16250,10027,0.6177832532854108,1,Bags & Accessories Product 028
C16250,10015,0.616441420999487,2,Lighting Product 016
C16250,10016,0.5752988632377172,3,Home Decor Product 017
C16250,10038,0.5506044599238694,4,Party Supplies Product 039
C16250,10034,0.5292063613401872,5,Stationery Product 035
C16250,10025,0.5046498649816773,6,Kitchenware Product 026
C16250,10028,0.5005576017731396,7,Gifts Product 029
C16250,10026,0.4763769634630055,8,Stationery Product 027
C16250,10021,0.4490796819145933,9,Seasonal Product 022
C16250,10013,0.44702039462978954,10,Seasonal Product 014
C16251,10016,0.9035577111976704,1,Home Decor Product 017
C16251,10026,0.8923949667928425,2,Stationery Product 027
C16251,10090,0.6810109145018955,3,Stationery Product 091
C16251,10035,0.668741921188775,4,Bags & Accessories Product 036
C16251,10027,0.6493340154832551,5,Bags & Accessories Product 028
C16251,10021,0.6424796722681319,6,Seasonal Product 022
C16251,10028,0.5997830329275484,7,Gifts Product 029
C16251,10258,0.5934001255347633,8,Stationery Product 259
C16251,10002,0.5882239978805773,9,Stationery Product 003
C16251,10195,0.5831197607509239,10,Bags & Accessories Product 196
C16255,10021,0.9146131492732102,1,Seasonal Product 022
C16255,10016,0.8952992682326519,2,Home Decor Product 017
C16255,10015,0.8945153938859511,3,Lighting Product 016
C16255,10038,0.8668315378367455,4,Party Supplies Product 039
C16255,10027,0.8640444661841118,5,Bags & Accessories Product 028
C16255,10035,0.8577646267552088,6,Bags & Accessories Product 036
C16255,10025,0.8417349566646652,7,Kitchenware Product 026
C16255,10034,0.8316746161548564,8,Stationery Product 035
C16255,10028,0.8124879891054867,9,Gifts Product 029
C16255,10002,0.8002295067101945,10,Stationery Product 003
C16256,10035,0.9344505182438636,1,Bags & Accessories Product 036
C16256,10026,0.9187565857448436,2,Stationery Product 027
C16256,10027,0.8121098033127888,3,Bags & Accessories Product 028
C16256,10021,0.7773189004617567,4,Seasonal Product 022
C16256,10034,0.7417123386251725,5,Stationery Product 035
C16256,10013,0.7333097768435537,6,Seasonal Product 014
C16256,10354,0.6323346728690322,7,Stationery Product 355
C16256,10002,0.6083458937029531,8,Stationery Product 003
C16256,10058,0.5927402763886619,9,Stationery Product 059
C16256,10115,0.563779460660552,10,Bags & Accessories Product 116
C16257,10015,0.6287123239486486,1,Lighting Product 016
C16257,10013,0.5923074083150686,2,Seasonal Product 014
C16257,10035,0.5377997713482133,3,Bags & Accessories Product 036
C16257,10027,0.5174676335928153,4,Bags & Accessories Product 028
C16257,10028,0.5038645108014722,5,Gifts Product 029
C16257,10025,0.4908528326445232,6,Kitchenware Product 026
C16257,10038,0.4892425725526863,7,Party Supplies Product 039
C16257,10007,0.4816728766104642,8,Lighting Product 008
C16257,10029,0.4761531046525183,9,Seasonal Product 030
C16257,10021,0.46697767551326336,10,Seasonal Product 022
C16258,10016,0.9679366378898815,1,Home Decor Product 017
C16258,10023,0.9291289595723977,2,Lighting Product 024
C16258,10015,0.8922674541269299,3,Lighting Product 016
C16258,10360,0.7714578425807594,4,Home Decor Product 361
C16258,10021,0.7418302502276164,5,Seasonal Product 022
C16258,10296,0.7000787941180117,6,Home Decor Product 297
C16258,10240,0.6869014082400928,7,Home Decor Product 241
C16258,10005,0.6751339460289896,8,Seasonal Product 006
C16258,10368,0.6427469090494088,9,Home Decor Product 369
C16258,10025,0.6006842449715947,10,Kitchenware Product 026
C16260,10028,0.9175837017603754,1,Gifts Product 029
C16260,10016,0.9050425480256589,2,Home Decor Product 017
C16260,10020,0.7622574979112355,3,Gifts Product 021
C16260,10025,0.7429503915866831,4,Kitchenware Product 026
C16260,10021,0.6948421583923706,5,Seasonal Product 022
C16260,10027,0.6575555546955926,6,Bags & Accessories Product 028
C16260,10032,0.6057547224294332,7,Home Decor Product 033
C16260,10004,0.5630809559420626,8,Gifts Product 005
C16260,10033,0.5584450922785158,9,Kitchenware Product 034
C16260,10156,0.5312260063218068,10,Gifts Product 157
C16262,10027,0.7094371284962712,1,Bags & Accessories Product 028
C16262,10035,0.661514009342569,2,Bags & Accessories Product 036
C16262,10028,0.6582912960079631,3,Gifts Product 029
C16262,10034,0.5390525906108322,4,Stationery Product 035
C16262,10025,0.5219465903662923,5,Kitchenware Product 026
C16262,10002,0.5184960712535478,6,Stationery Product 003
C16262,10036,0.5162591069360855,7,Gifts Product 037
C16262,10026,0.5133547112889305,8,Stationery Product 027
C16262,10016,0.4905398528540336,9,Home Decor Product 017
C16262,10195,0.4867328278780258,10,Bags & Accessories Product 196
C16263,10013,0.6794935924783799,1,Seasonal Product 014
C16263,10021,0.6318140659900922,2,Seasonal Product 022
C16263,10002,0.5300508189544799,3,Stationery Product 003
C16263,10015,0.48583334244312093,4,Lighting Product 016
C16263,10038,0.40199314924632334,5,Party Supplies Product 039
C16263,10028,0.3739964729783989,6,Gifts Product 029
C16263,10016,0.3621092295574655,7,Home Decor Product 017
C16263,10029,0.35978876934900555,8,Seasonal Product 030
C16263,10027,0.3303552993532089,9,Bags & Accessories Product 028
C16263,10007,0.3265282107416154,10,Lighting Product 008
C16265,10015,0.7801032958293306,1,Lighting Product 016
C16265,10021,0.6969712688521503,2,Seasonal Product 022
C16265,10025,0.6397602788015491,3,Kitchenware Product 026
C16265,10023,0.5081124116072241,4,Lighting Product 024
C16265,10295,0.5039645798151363,5,Lighting Product 296
C16265,10028,0.4623786868190112,6,Gifts Product 029
C16265,10013,0.45940360551236664,7,Seasonal Product 014
C16265,10016,0.44299795571287004,8,Home Decor Product 017
C16265,10007,0.4412010872142908,9,Lighting Product 008
C16265,10027,0.4173085105097419,10,Bags & Accessories Product 028
C16275,10028,0.8733618421469667,1,Gifts Product 029
C16275,10016,0.84967883673878,2,Home Decor Product 017
C16275,10036,0.813806133334212,3,Gifts Product 037
C16275,10021,0.752767857568442,4,Seasonal Product 022
C16275,10027,0.7193613922266232,5,Bags & Accessories Product 028
C16275,10116,0.6897697074081107,6,Gifts Product 117
C16275,10015,0.6808398582441918,7,Lighting Product 016
C16275,10013,0.6468057374625595,8,Seasonal Product 014
C16275,10012,0.6182773417804196,9,Gifts Product 013
C16275,10032,0.6066757844010121,10,Home Decor Product 033
C16276,10027,0.7174734585182636,1,Bags & Accessories Product 028
C16276,10021,0.6342213452895005,2,Seasonal Product 022
C16276,10015,0.5600892655094887,3,Lighting Product 016
C16276,10023,0.5034000040906019,4,Lighting Product 024
C16276,10025,0.4585628571715377,5,Kitchenware Product 026
C16276,10038,0.4383019854165719,6,Party Supplies Product 039
C16276,10002,0.4317806305011416,7,Stationery Product 003
C16276,10007,0.41039916351060707,8,Lighting Product 008
C16276,10016,0.4070653492303993,9,Home Decor Product 017
C16276,10202,0.40557007137662493,10,Stationery Product 203
C16277,10016,0.9638789146352157,1,Home Decor Product 017
C16277,10034,0.7719767588077765,2,Stationery Product 035
C16277,10026,0.6838808378426242,3,Stationery Product 027
C16277,10021,0.6280602315909208,4,Seasonal Product 022
C16277,10002,0.5604566697600646,5,Stationery Product 003
C16277,10368,0.5311292780718022,6,Home Decor Product 369
C16277,10032,0.5254479156444601,7,Home Decor Product 033
C16277,10360,0.5231186170950207,8,Home Decor Product 361
C16277,10200,0.49501414283331435,9,Home Decor Product 201
C16277,10394,0.4790036743999415,10,Stationery Product 395
C16278,10021,0.9635398685374831,1,Seasonal Product 022
C16278,10016,0.9363327102180518,2,Home Decor Product 017
C16278,10013,0.748435520901963,3,Seasonal Product 014
C16278,10029,0.7328865861111802,4,Seasonal Product 030
C16278,10015,0.6512544355679316,5,Lighting Product 016
C16278,10036,0.6037095630883024,6,Gifts Product 037
C16278,10200,0.38877644227289526,7,Home Decor Product 201
C16278,10023,0.3861870917564837,8,Lighting Product 024
C16278,10002,0.385202352286068,9,Stationery Product 003
C16278,10005,0.3821325883686967,10,Seasonal Product 006
C16279,10021,0.9146131492732102,1,Seasonal Product 022
C16279,10016,0.8952992682326519,2,Home Decor Product 017
C16279,10015,0.8945153938859511,3,Lighting Product 016
C16279,10038,0.8668315378367455,4,Party Supplies Product 039
C16279,10027,0.8640444661841118,5,Bags & Accessories Product 028
C16279,10035,0.8577646267552088,6,Bags & Accessories Product 036
C16279,10025,0.8417349566646652,7,Kitchenware Product 026
C16279,10034,0.8316746161548564,8,Stationery Product 035
C16279,10028,0.8124879891054867,9,Gifts Product 029
C16279,10002,0.8002295067101945,10,Stationery Product 003
C16280,10027,0.7563603021319132,1,Bags & Accessories Product 028
C16280,10009,0.6649698604161325,2,Kitchenware Product 010
C16280,10025,0.6358004948133331,3,Kitchenware Product 026
C16280,10278,0.5982377620137754,4,Party Supplies Product 279
C16280,10020,0.5842780222105979,5,Gifts Product 021
C16280,10021,0.5764520933911079,6,Seasonal Product 022
C16280,10212,0.5560876219581626,7,Gifts Product 213
C16280,10015,0.535928679483426,8,Lighting Product 016
C16280,10031,0.4751323765647277,9,Lighting Product 032
C16280,10238,0.426096064370146,10,Party Supplies Product 239
C16285,10021,0.829820521801177,1,Seasonal Product 022
C16285,10015,0.7744697336327816,2,Lighting Product 016
C16285,10027,0.7735950660533092,3,Bags & Accessories Product 028
C16285,10028,0.7544066166074253,4,Gifts Product 029
C16285,10016,0.7139379919213147,5,Home Decor Product 017
C16285,10026,0.6830185065928154,6,Stationery Product 027
C16285,10035,0.6575628128238943,7,Bags & Accessories Product 036
C16285,10034,0.6366996795789656,8,Stationery Product 035
C16285,10007,0.6358495146837748,9,Lighting Product 008
C16285,10023,0.6267615337824733,10,Lighting Product 024
C16286,10021,0.7011895580546594,1,Seasonal Product 022
C16286,10036,0.6197732812693867,2,Gifts Product 037
C16286,10005,0.6141242602173523,3,Seasonal Product 006
C16286,10029,0.5881752049048782,4,Seasonal Product 030
C16286,10035,0.5874870938624497,5,Bags & Accessories Product 036
C16286,10023,0.5823631248222951,6,Lighting Product 024
C16286,10007,0.5560601897243006,7,Lighting Product 008
C16286,10027,0.5513788783922002,8,Bags & Accessories Product 028
C16286,10025,0.5432051258721605,9,Kitchenware Product 026
C16286,10016,0.5302764450267771,10,Home Decor Product 017
C16288,10025,0.8916887382920368,1,Kitchenware Product 026
C16288,10016,0.7852565061734135,2,Home Decor Product 017
C16288,10009,0.7755732931240162,3,Kitchenware Product 010
C16288,10034,0.7561987493778813,4,Stationery Product 035
C16288,10305,0.7428207892926196,5,Kitchenware Product 306
C16288,10209,0.7184285173767331,6,Kitchenware Product 210
C16288,10013,0.7060426631909863,7,Seasonal Product 014
C16288,10021,0.6811516027013721,8,Seasonal Product 022
C16288,10193,0.5740808251881744,9,Kitchenware Product 194
C16288,10096,0.5326679782481201,10,Home Decor Product 097
C16292,10015,0.9309385981557896,1,Lighting Product 016
C16292,10021,0.9000860795635396,2,Seasonal Product 022
C16292,10038,0.7878388959622368,3,Party Supplies Product 039
C16292,10382,0.6818417777081515,4,Party Supplies Product 383
C16292,10007,0.6805876918167106,5,Lighting Product 008
C16292,10305,0.6541056805975636,6,Kitchenware Product 306
C16292,10013,0.5729797021057982,7,Seasonal Product 014
C16292,10031,0.5622741167267028,8,Lighting Product 032
C16292,10029,0.5457786844862904,9,Seasonal Product 030
C16292,10027,0.5169381432134318,10,Bags & Accessories Product 028
C16293,10038,0.9372690106574016,1,Party Supplies Product 039
C16293,10025,0.9325485007715592,2,Kitchenware Product 026
C16293,10009,0.9083905577861306,3,Kitchenware Product 010
C16293,10305,0.9078430454891886,4,Kitchenware Product 306
C16293,10209,0.8175687237516377,5,Kitchenware Product 210
C16293,10033,0.7957235780254551,6,Kitchenware Product 034
C16293,10278,0.7904658259410148,7,Party Supplies Product 279
C16293,10002,0.7518939045279041,8,Stationery Product 003
C16293,10382,0.7351457155175819,9,Party Supplies Product 383
C16293,10034,0.7245361511899389,10,Stationery Product 035
C16296,10026,0.9574049371470422,1,Stationery Product 027
C16296,10002,0.9269586618577602,2,Stationery Product 003
C16296,10034,0.9057424095263376,3,Stationery Product 035
C16296,10007,0.8997235369499522,4,Lighting Product 008
C16296,10015,0.8187496502469077,5,Lighting Product 016
C16296,10354,0.7968362143766893,6,Stationery Product 355
C16296,10021,0.7552084892013785,7,Seasonal Product 022
C16296,10028,0.6820403049523638,8,Gifts Product 029
C16296,10013,0.6157747508042619,9,Seasonal Product 014
C16296,10031,0.5929409242517903,10,Lighting Product 032
C16297,10021,0.9743491453594555,1,Seasonal Product 022
C16297,10025,0.9161306548208585,2,Kitchenware Product 026
C16297,10013,0.8048648160425084,3,Seasonal Product 014
C16297,10005,0.7936349921058724,4,Seasonal Product 006
C16297,10009,0.7453941867718411,5,Kitchenware Product 010
C16297,10029,0.5634475842654142,6,Seasonal Product 030
C16297,10035,0.5312563042072559,7,Bags & Accessories Product 036
C16297,10034,0.5168855446549178,8,Stationery Product 035
C16297,10305,0.47805926541026084,9,Kitchenware Product 306
C16297,10033,0.4668887254480705,10,Kitchenware Product 034
C16298,10015,0.9481656751119063,1,Lighting Product 016
C16298,10038,0.895256657939319,2,Party Supplies Product 039
C16298,10021,0.8216172935708977,3,Seasonal Product 022
C16298,10007,0.6828064235744642,4,Lighting Product 008
C16298,10034,0.6602385762377522,5,Stationery Product 035
C16298,10009,0.6147063497282426,6,Kitchenware Product 010
C16298,10278,0.6115435891146512,7,Party Supplies Product 279
C16298,10023,0.6009823994154218,8,Lighting Product 024
C16298,10027,0.5261091630428104,9,Bags & Accessories Product 028
C16298,10013,0.514703331427575,10,Seasonal Product 014
C16299,10038,0.8333675808966596,1,Party Supplies Product 039
C16299,10007,0.8053592577373699,2,Lighting Product 008
C16299,10021,0.695794783606058,3,Seasonal Product 022
C16299,10015,0.6623505053791175,4,Lighting Product 016
C16299,10027,0.6188560420965663,5,Bags & Accessories Product 028
C16299,10382,0.5425638862554002,6,Party Supplies Product 383
C16299,10023,0.5401371586010951,7,Lighting Product 024
C16299,10034,0.5059216012824362,8,Stationery Product 035
C16299,10005,0.4380010097947001,9,Seasonal Product 006
C16299,10016,0.42816668682901704,10,Home Decor Product 017
C16300,10026,0.9170551697583919,1,Stationery Product 027
C16300,10034,0.9035018751724514,2,Stationery Product 035
C16300,10028,0.8687335611413315,3,Gifts Product 029
C16300,10021,0.8490719599104447,4,Seasonal Product 022
C16300,10036,0.8375613420737845,5,Gifts Product 037
C16300,10354,0.818820960646235,6,Stationery Product 355
C16300,10015,0.8084857506429085,7,Lighting Product 016
C16300,10027,0.7487264441864199,8,Bags & Accessories Product 028
C16300,10013,0.7038024174518182,9,Seasonal Product 014
C16300,10020,0.6869060024821669,10,Gifts Product 021
C16301,10025,0.8843822256981311,1,Kitchenware Product 026
C16301,10028,0.8777841710985389,2,Gifts Product 029
C16301,10009,0.7924099499222722,3,Kitchenware Product 010
C16301,10305,0.7197452137209588,4,Kitchenware Product 306
C16301,10016,0.629652840296297,5,Home Decor Product 017
C16301,10209,0.5967061666754438,6,Kitchenware Product 210
C16301,10193,0.5902259342920756,7,Kitchenware Product 194
C16301,10060,0.5695731309719549,8,Gifts Product 061
C16301,10026,0.5643191929163335,9,Stationery Product 027
C16301,10015,0.5277479948840701,10,Lighting Product 016
C16302,10028,0.9032244369011122,1,Gifts Product 029
C16302,10025,0.8732442335972405,2,Kitchenware Product 026
C16302,10036,0.7361058909630505,3,Gifts Product 037
C16302,10020,0.7173771621373826,4,Gifts Product 021
C16302,10035,0.7030128845596489,5,Bags & Accessories Product 036
C16302,10015,0.6855500450118232,6,Lighting Product 016
C16302,10116,0.6551771781056875,7,Gifts Product 117
C16302,10021,0.6312178537760011,8,Seasonal Product 022
C16302,10193,0.5780985932931613,9,Kitchenware Product 194
C16302,10212,0.5485443152748057,10,Gifts Product 213
C16306,10028,0.9101971195622841,1,Gifts Product 029
C16306,10027,0.8017222912268298,2,Bags & Accessories Product 028
C16306,10009,0.7204779198142223,3,Kitchenware Product 010
C16306,10025,0.7082072483451315,4,Kitchenware Product 026
C16306,10034,0.6941270183213131,5,Stationery Product 035
C16306,10020,0.6632601969002689,6,Gifts Product 021
C16306,10305,0.6610598310510485,7,Kitchenware Product 306
C16306,10031,0.5336770429065524,8,Lighting Product 032
C16306,10015,0.5269940558653914,9,Lighting Product 016
C16306,10012,0.49253041280847126,10,Gifts Product 013
C16307,10021,0.9466922005021843,1,Seasonal Product 022
C16307,10013,0.8631711920981255,2,Seasonal Product 014
C16307,10027,0.767549934772816,3,Bags & Accessories Product 028
C16307,10035,0.7197958994904874,4,Bags & Accessories Product 036
C16307,10029,0.5942488482094658,5,Seasonal Product 030
C16307,10179,0.5852543878907986,6,Bags & Accessories Product 180
C16307,10101,0.5291558332303568,7,Seasonal Product 102
C16307,10015,0.4888683906455262,8,Lighting Product 016
C16307,10025,0.4401380821813679,9,Kitchenware Product 026
C16307,10007,0.4373655234413721,10,Lighting Product 008
C16308,10028,0.9229556219423087,1,Gifts Product 029
C16308,10020,0.9048538883440426,2,Gifts Product 021
C16308,10029,0.8929811128750098,3,Seasonal Product 030
C16308,10021,0.8532911038234198,4,Seasonal Product 022
C16308,10016,0.8233447005348415,5,Home Decor Product 017
C16308,10035,0.7943254229260047,6,Bags & Accessories Product 036
C16308,10212,0.7376345069068369,7,Gifts Product 213
C16308,10036,0.7317511670881263,8,Gifts Product 037
C16308,10012,0.7129382060555642,9,Gifts Product 013
C16308,10004,0.698796323881177,10,Gifts Product 005
C16309,10026,0.8363823001981178,1,Stationery Product 027
C16309,10002,0.7259202912048525,2,Stationery Product 003
C16309,10038,0.7208773960001043,3,Party Supplies Product 039
C16309,10034,0.6884429826712983,4,Stationery Product 035
C16309,10021,0.5761355093266044,5,Seasonal Product 022
C16309,10354,0.528657064871589,6,Stationery Product 355
C16309,10005,0.5079864120956717,7,Seasonal Product 006
C16309,10007,0.5002257616306229,8,Lighting Product 008
C16309,10029,0.4753250769801457,9,Seasonal Product 030
C16309,10023,0.4710174781049996,10,Lighting Product 024
C16313,10016,0.8376024214471111,1,Home Decor Product 017
C16313,10021,0.7637807028841224,2,Seasonal Product 022
C16313,10015,0.6361945197048974,3,Lighting Product 016
C16313,10028,0.48019211780236154,4,Gifts Product 029
C16313,10027,0.35727197051748033,5,Bags & Accessories Product 028
C16313,10035,0.35426614435420933,6,Bags & Accessories Product 036
C16313,10002,0.3328919075776406,7,Stationery Product 003
C16313,10020,0.287679224720647,8,Gifts Product 021
C16313,10013,0.2861649957257999,9,Seasonal Product 014
C16313,10047,0.2844980338132349,10,Lighting Product 048
C16314,10016,0.6866016101588115,1,Home Decor Product 017
C16314,10025,0.5907588110984529,2,Kitchenware Product 026
C16314,10015,0.5649160983783839,3,Lighting Product 016
C16314,10023,0.5098304795228198,4,Lighting Product 024
C16314,10027,0.5066006806637428,5,Bags & Accessories Product 028
C16314,10035,0.5014826687720867,6,Bags & Accessories Product 036
C16314,10028,0.4963898459636679,7,Gifts Product 029
C16314,10021,0.48255494218417777,8,Seasonal Product 022
C16314,10034,0.46880248065704694,9,Stationery Product 035
C16314,10013,0.44915489128987457,10,Seasonal Product 014
C16319,10021,0.9146131492732102,1,Seasonal Product 022
C16319,10016,0.8952992682326519,2,Home Decor Product 017
C16319,10015,0.8945153938859511,3,Lighting Product 016
C16319,10038,0.8668315378367455,4,Party Supplies Product 039
C16319,10027,0.8640444661841118,5,Bags & Accessories Product 028
C16319,10035,0.8577646267552088,6,Bags & Accessories Product 036
C16319,10025,0.8417349566646652,7,Kitchenware Product 026
C16319,10034,0.8316746161548564,8,Stationery Product 035
C16319,10028,0.8124879891054867,9,Gifts Product 029
C16319,10002,0.8002295067101945,10,Stationery Product 003
C16321,10021,0.7823163143914386,1,Seasonal Product 022
C16321,10015,0.5622613358379829,2,Lighting Product 016
C16321,10028,0.529517370553738,3,Gifts Product 029
C16321,10016,0.505834832609161,4,Home Decor Product 017
C16321,10027,0.5027937704222274,5,Bags & Accessories Product 028
C16321,10026,0.49814204686155333,6,Stationery Product 027
C16321,10278,0.4842315792814949,7,Party Supplies Product 279
C16321,10005,0.4784000691802495,8,Seasonal Product 006
C16321,10035,0.47123291454287736,9,Bags & Accessories Product 036
C16321,10036,0.4680365812900341,10,Gifts Product 037
C16325,10016,0.9831697776085474,1,Home Decor Product 017
C16325,10028,0.866552690286912,2,Gifts Product 029
C16325,10021,0.7633174533071866,3,Seasonal Product 022
C16325,10020,0.7002024902390621,4,Gifts Product 021
C16325,10015,0.6285449747896771,5,Lighting Product 016
C16325,10036,0.6276416737575615,6,Gifts Product 037
C16325,10368,0.599693565610761,7,Home Decor Product 369
C16325,10005,0.5606257281230941,8,Seasonal Product 006
C16325,10035,0.5569867133959732,9,Bags & Accessories Product 036
C16325,10029,0.5513554268782991,10,Seasonal Product 030
C16328,10021,0.9831112067578545,1,Seasonal Product 022
C16328,10015,0.8733559988067084,2,Lighting Product 016
C16328,10005,0.7968276697982797,3,Seasonal Product 006
C16328,10038,0.7569570621821963,4,Party Supplies Product 039
C16328,10013,0.7383579377131365,5,Seasonal Product 014
C16328,10035,0.6604709656903222,6,Bags & Accessories Product 036
C16328,10086,0.50666440646328,7,Party Supplies Product 087
C16328,10101,0.5049104365474193,8,Seasonal Product 102
C16328,10002,0.4200668994214505,9,Stationery Product 003
C16328,10022,0.4147223309258636,10,Party Supplies Product 023
C16329,10029,0.647274687350638,1,Seasonal Product 030
C16329,10027,0.6105788800791059,2,Bags & Accessories Product 028
C16329,10021,0.5997256360305341,3,Seasonal Product 022
C16329,10015,0.545593671437202,4,Lighting Product 016
C16329,10013,0.5192370702962246,5,Seasonal Product 014
C16329,10028,0.49839039548290115,6,Gifts Product 029
C16329,10026,0.49050000566818264,7,Stationery Product 027
C16329,10025,0.4881603084621856,8,Kitchenware Product 026
C16329,10035,0.47096032929898046,9,Bags & Accessories Product 036
C16329,10034,0.4636382381518438,10,Stationery Product 035
C16330,10035,0.9874031462693146,1,Bags & Accessories Product 036
C16330,10013,0.9863476667370319,2,Seasonal Product 014
C16330,10016,0.9821552212547446,3,Home Decor Product 017
C16330,10005,0.9647198950007877,4,Seasonal Product 006
C16330,10029,0.9579680105859042,5,Seasonal Product 030
C16330,10021,0.908821044454304,6,Seasonal Product 022
C16330,10007,0.795633200991296,7,Lighting Product 008
C16330,10296,0.7833712036592718,8,Home Decor Product 297
C16330,10305,0.7294151072949658,9,Kitchenware Product 306
C16330,10027,0.7284494255881173,10,Bags & Accessories Product 028
C16336,10016,0.8148627765858895,1,Home Decor Product 017
C16336,10027,0.7058386387483295,2,Bags & Accessories Product 028
C16336,10009,0.6610044917156279,3,Kitchenware Product 010
C16336,10209,0.5873451277573439,4,Kitchenware Product 210
C16336,10296,0.5577730446988064,5,Home Decor Product 297
C16336,10153,0.5556746508361937,6,Kitchenware Product 154
C16336,10217,0.534389874543,7,Kitchenware Product 218
C16336,10033,0.5258116810527336,8,Kitchenware Product 034
C16336,10074,0.5106895296262569,9,Stationery Product 075
C16336,10015,0.5085099820519131,10,Lighting Product 016
C16338,10027,0.9396324726299959,1,Bags & Accessories Product 028
C16338,10005,0.929065705161143,2,Seasonal Product 006
C16338,10035,0.9227674007427957,3,Bags & Accessories Product 036
C16338,10021,0.918597863815712,4,Seasonal Product 022
C16338,10013,0.9090580688562542,5,Seasonal Product 014
C16338,10015,0.8427832457085829,6,Lighting Product 016
C16338,10028,0.7904985338591722,7,Gifts Product 029
C16338,10029,0.7724043162001453,8,Seasonal Product 030
C16338,10179,0.6685194930883885,9,Bags & Accessories Product 180
C16338,10007,0.6158370964201584,10,Lighting Product 008
C16339,10028,0.9080156200812431,1,Gifts Product 029
C16339,10021,0.7827567744046869,2,Seasonal Product 022
C16339,10015,0.6918587390853738,3,Lighting Product 016
C16339,10354,0.6571990568225463,4,Stationery Product 355
C16339,10016,0.5690875986244748,5,Home Decor Product 017
C16339,10038,0.5400628821706455,6,Party Supplies Product 039
C16339,10116,0.5193798659539638,7,Gifts Product 117
C16339,10025,0.5093107015433058,8,Kitchenware Product 026
C16339,10027,0.5063970667964018,9,Bags & Accessories Product 028
C16339,10007,0.4650836565215358,10,Lighting Product 008
C16344,10028,0.8310026243044482,1,Gifts Product 029
C16344,10021,0.7817079256601116,2,Seasonal Product 022
C16344,10025,0.6942751816110406,3,Kitchenware Product 026
C16344,10027,0.6853109057657428,4,Bags & Accessories Product 028
C16344,10009,0.6213117027444355,5,Kitchenware Product 010
C16344,10305,0.5983783312322487,6,Kitchenware Product 306
C16344,10015,0.5954825224601688,7,Lighting Product 016
C16344,10036,0.5916063775363205,8,Gifts Product 037
C16344,10033,0.5432963624671203,9,Kitchenware Product 034
C16344,10013,0.508360248648159,10,Seasonal Product 014
C16348,10016,0.8406499503916943,1,Home Decor Product 017
C16348,10034,0.6922040366890567,2,Stationery Product 035
C16348,10025,0.5635284272261681,3,Kitchenware Product 026
C16348,10027,0.537546656081787,4,Bags & Accessories Product 028
C16348,10028,0.5352142623721792,5,Gifts Product 029
C16348,10021,0.511861774515646,6,Seasonal Product 022
C16348,10015,0.5098120442396349,7,Lighting Product 016
C16348,10026,0.5002462110644141,8,Stationery Product 027
C16348,10007,0.49902683534288883,9,Lighting Product 008
C16348,10035,0.4635528053870367,10,Bags & Accessories Product 036
C16349,10021,0.6746694548592987,1,Seasonal Product 022
C16349,10016,0.6738234541703623,2,Home Decor Product 017
C16349,10035,0.6296878529290022,3,Bags & Accessories Product 036
C16349,10028,0.6286672245855482,4,Gifts Product 029
C16349,10007,0.6189915438371693,5,Lighting Product 008
C16349,10015,0.6104673858247521,6,Lighting Product 016
C16349,10023,0.59922506558793,7,Lighting Product 024
C16349,10026,0.5918278666757352,8,Stationery Product 027
C16349,10038,0.568973273421316,9,Party Supplies Product 039
C16349,10013,0.5644753605871157,10,Seasonal Product 014
C16350,10025,0.7941512291055748,1,Kitchenware Product 026
C16350,10034,0.7854231504094479,2,Stationery Product 035
C16350,10354,0.6723728289589614,3,Stationery Product 355
C16350,10305,0.6196768211182412,4,Kitchenware Product 306
C16350,10021,0.6052931834882633,5,Seasonal Product 022
C16350,10193,0.5998785349862625,6,Kitchenware Product 194
C16350,10394,0.5673527706348754,7,Stationery Product 395
C16350,10058,0.5671936519405263,8,Stationery Product 059
C16350,10209,0.5533795721927752,9,Kitchenware Product 210
C16350,10007,0.5350632755837474,10,Lighting Product 008
C16352,10007,0.8833935666034157,1,Lighting Product 008
C16352,10016,0.8586894083640487,2,Home Decor Product 017
C16352,10015,0.7702817233090177,3,Lighting Product 016
C16352,10021,0.7129003191861851,4,Seasonal Product 022
C16352,10013,0.6019886977507917,5,Seasonal Product 014
C16352,10296,0.4666543688224386,6,Home Decor Product 297
C16352,10352,0.4653205904057218,7,Home Decor Product 353
C16352,10027,0.45460192273281386,8,Bags & Accessories Product 028
C16352,10035,0.44290430048295965,9,Bags & Accessories Product 036
C16352,10005,0.4334921992096818,10,Seasonal Product 006
C16353,10027,0.8997987654238949,1,Bags & Accessories Product 028
C16353,10016,0.7968868352970417,2,Home Decor Product 017
C16353,10021,0.4613042678114882,3,Seasonal Product 022
C16353,10015,0.43882694060176713,4,Lighting Product 016
C16353,10394,0.4286456655409371,5,Stationery Product 395
C16353,10025,0.3934011814285776,6,Kitchenware Product 026
C16353,10090,0.3820236302148741,7,Stationery Product 091
C16353,10007,0.38162276237672843,8,Lighting Product 008
C16353,10028,0.354937567591384,9,Gifts Product 029
C16353,10020,0.34989499929344814,10,Gifts Product 021
C16355,10021,0.8524453805065274,1,Seasonal Product 022
C16355,10038,0.7248138497369205,2,Party Supplies Product 039
C16355,10013,0.7086380897289453,3,Seasonal Product 014
C16355,10028,0.6970777293841204,4,Gifts Product 029
C16355,10026,0.6932573053076063,5,Stationery Product 027
C16355,10015,0.6502785066700356,6,Lighting Product 016
C16355,10035,0.6385953645240204,7,Bags & Accessories Product 036
C16355,10034,0.6180127308456052,8,Stationery Product 035
C16355,10007,0.6155762529729784,9,Lighting Product 008
C16355,10027,0.6079268983316333,10,Bags & Accessories Product 028
C16356,10021,0.9146131492732102,1,Seasonal Product 022
C16356,10016,0.8952992682326519,2,Home Decor Product 017
C16356,10015,0.8945153938859511,3,Lighting Product 016
C16356,10038,0.8668315378367455,4,Party Supplies Product 039
C16356,10027,0.8640444661841118,5,Bags & Accessories Product 028
C16356,10035,0.8577646267552088,6,Bags & Accessories Product 036
C16356,10025,0.8417349566646652,7,Kitchenware Product 026
C16356,10034,0.8316746161548564,8,Stationery Product 035
C16356,10028,0.8124879891054867,9,Gifts Product 029
C16356,10002,0.8002295067101945,10,Stationery Product 003
C16357,10016,0.8269681250333233,1,Home Decor Product 017
C16357,10021,0.6805699383815217,2,Seasonal Product 022
C16357,10027,0.5872405982981963,3,Bags & Accessories Product 028
C16357,10035,0.5825388790097574,4,Bags & Accessories Product 036
C16357,10009,0.5619725331609459,5,Kitchenware Product 010
C16357,10034,0.5176012116169265,6,Stationery Product 035
C16357,10028,0.5138031879161595,7,Gifts Product 029
C16357,10026,0.4627523794419887,8,Stationery Product 027
C16357,10025,0.42577137283982786,9,Kitchenware Product 026
C16357,10015,0.4241772497565875,10,Lighting Product 016
C16359,10021,0.9146131492732102,1,Seasonal Product 022
C16359,10016,0.8952992682326519,2,Home Decor Product 017
C16359,10015,0.8945153938859511,3,Lighting Product 016
C16359,10038,0.8668315378367455,4,Party Supplies Product 039
C16359,10027,0.8640444661841118,5,Bags & Accessories Product 028
C16359,10035,0.8577646267552088,6,Bags & Accessories Product 036
C16359,10025,0.8417349566646652,7,Kitchenware Product 026
C16359,10034,0.8316746161548564,8,Stationery Product 035
C16359,10028,0.8124879891054867,9,Gifts Product 029
C16359,10002,0.8002295067101945,10,Stationery Product 003
C16362,10035,0.959214887575219,1,Bags & Accessories Product 036
C16362,10027,0.8959333145282593,2,Bags & Accessories Product 028
C16362,10015,0.8057632925706704,3,Lighting Product 016
C16362,10353,0.6156472095542921,4,Kitchenware Product 354
C16362,10209,0.5492164400245646,5,Kitchenware Product 210
C16362,10193,0.5454072900976207,6,Kitchenware Product 194
C16362,10033,0.5341443488422036,7,Kitchenware Product 034
C16362,10021,0.533324630787844,8,Seasonal Product 022
C16362,10219,0.4997884509815305,9,Bags & Accessories Product 220
C16362,10382,0.4965875417643059,10,Party Supplies Product 383
C16364,10038,0.8997218302656175,1,Party Supplies Product 039
C16364,10015,0.8852855936904285,2,Lighting Product 016
C16364,10007,0.8213280883551612,3,Lighting Product 008
C16364,10026,0.8058529086411189,4,Stationery Product 027
C16364,10031,0.7547630908427126,5,Lighting Product 032
C16364,10021,0.7336265464954472,6,Seasonal Product 022
C16364,10023,0.7025274721650371,7,Lighting Product 024
C16364,10305,0.652314588326408,8,Kitchenware Product 306
C16364,10013,0.5527554402607746,9,Seasonal Product 014
C16364,10016,0.5396240643066785,10,Home Decor Product 017
C16366,10021,0.6171794375545486,1,Seasonal Product 022
C16366,10015,0.5337529298260971,2,Lighting Product 016
C16366,10025,0.5012968882828573,3,Kitchenware Product 026
C16366,10305,0.48852605501895957,4,Kitchenware Product 306
C16366,10007,0.43627199228376023,5,Lighting Product 008
C16366,10013,0.4160684876839978,6,Seasonal Product 014
C16366,10038,0.4114746062506987,7,Party Supplies Product 039
C16366,10153,0.38824612398890945,8,Kitchenware Product 154
C16366,10023,0.3800267145158253,9,Lighting Product 024
C16366,10016,0.3787369084533314,10,Home Decor Product 017
C16367,10035,0.9572490655000473,1,Bags & Accessories Product 036
C16367,10021,0.9561234462941844,2,Seasonal Product 022
C16367,10027,0.7558621883997425,3,Bags & Accessories Product 028
C16367,10029,0.6986113808405925,4,Seasonal Product 030
C16367,10013,0.6454215984522098,5,Seasonal Product 014
C16367,10028,0.6255592570758488,6,Gifts Product 029
C16367,10015,0.5401396588887949,7,Lighting Product 016
C16367,10258,0.49856224586601494,8,Stationery Product 259
C16367,10003,0.47677013054930967,9,Bags & Accessories Product 004
C16367,10036,0.45284240503765355,10,Gifts Product 037
C16369,10016,0.9771874436423835,1,Home Decor Product 017
C16369,10028,0.8147390244746663,2,Gifts Product 029
C16369,10015,0.7380888922104647,3,Lighting Product 016
C16369,10038,0.7070786470112239,4,Party Supplies Product 039
C16369,10035,0.690452254281487,5,Bags & Accessories Product 036
C16369,10021,0.652256196841646,6,Seasonal Product 022
C16369,10200,0.5985632533555548,7,Home Decor Product 201
C16369,10368,0.5767297275885709,8,Home Decor Product 369
C16369,10278,0.5642272819060677,9,Party Supplies Product 279
C16369,10013,0.5522384163112127,10,Seasonal Product 014
C16372,10382,0.8537436470363204,1,Party Supplies Product 383
C16372,10038,0.7905307966398778,2,Party Supplies Product 039
C16372,10009,0.7881662168495239,3,Kitchenware Product 010
C16372,10022,0.7519853546033528,4,Party Supplies Product 023
C16372,10025,0.7217028756695614,5,Kitchenware Product 026
C16372,10166,0.7121959609762556,6,Party Supplies Product 167
C16372,10015,0.6904333000781232,7,Lighting Product 016
C16372,10033,0.6623485111138115,8,Kitchenware Product 034
C16372,10278,0.655964893082741,9,Party Supplies Product 279
C16372,10334,0.6554799919038851,10,Party Supplies Product 335
C16375,10028,0.8814152495901832,1,Gifts Product 029
C16375,10016,0.8765652989162385,2,Home Decor Product 017
C16375,10020,0.8424176035580039,3,Gifts Product 021
C16375,10036,0.8349388564128178,4,Gifts Product 037
C16375,10015,0.8110525747238394,5,Lighting Product 016
C16375,10012,0.7445184066388162,6,Gifts Product 013
C16375,10212,0.6709776753609851,7,Gifts Product 213
C16375,10228,0.6455022262588335,8,Gifts Product 229
C16375,10013,0.6351243831610452,9,Seasonal Product 014
C16375,10004,0.6326548795547802,10,Gifts Product 005
C16379,10015,0.9696153280761833,1,Lighting Product 016
C16379,10021,0.9101520183240871,2,Seasonal Product 022
C16379,10035,0.7837589798839538,3,Bags & Accessories Product 036
C16379,10028,0.7805584106771587,4,Gifts Product 029
C16379,10020,0.6661787373117224,5,Gifts Product 021
C16379,10295,0.5709267773315603,6,Lighting Product 296
C16379,10116,0.5670117124438495,7,Gifts Product 117
C16379,10036,0.5473007986071777,8,Gifts Product 037
C16379,10359,0.5415338561665574,9,Lighting Product 360
C16379,10013,0.5205853441901019,10,Seasonal Product 014
C16382,10028,0.8901717299264738,1,Gifts Product 029
C16382,10013,0.8075443113702715,2,Seasonal Product 014
C16382,10021,0.6801141411549385,3,Seasonal Product 022
C16382,10036,0.5063028433855127,4,Gifts Product 037
C16382,10002,0.3952630572194346,5,Stationery Product 003
C16382,10025,0.39231562333329334,6,Kitchenware Product 026
C16382,10020,0.3873797627619063,7,Gifts Product 021
C16382,10015,0.3869435219172244,8,Lighting Product 016
C16382,10009,0.3592064776958801,9,Kitchenware Product 010
C16382,10029,0.3497730623426975,10,Seasonal Product 030
C16387,10021,0.8417452596163715,1,Seasonal Product 022
C16387,10035,0.8335978182176345,2,Bags & Accessories Product 036
C16387,10026,0.8113348579926241,3,Stationery Product 027
C16387,10038,0.7864552392004713,4,Party Supplies Product 039
C16387,10016,0.7153722559242309,5,Home Decor Product 017
C16387,10022,0.5952739663696461,6,Party Supplies Product 023
C16387,10278,0.5938903490215492,7,Party Supplies Product 279
C16387,10354,0.554150578264193,8,Stationery Product 355
C16387,10029,0.5523045517905625,9,Seasonal Product 030
C16387,10013,0.5502120053178703,10,Seasonal Product 014
C16388,10027,0.8291258503594485,1,Bags & Accessories Product 028
C16388,10035,0.6699037939639628,2,Bags & Accessories Product 036
C16388,10016,0.47668069833019455,3,Home Decor Product 017
C16388,10005,0.4588824432190635,4,Seasonal Product 006
C16388,10021,0.4498948435572823,5,Seasonal Product 022
C16388,10034,0.42824523507276135,6,Stationery Product 035
C16388,10007,0.4268782983223631,7,Lighting Product 008
C16388,10023,0.4219189351979939,8,Lighting Product 024
C16388,10015,0.4197169996641943,9,Lighting Product 016
C16388,10013,0.41130306150527696,10,Seasonal Product 014
C16389,10021,0.9146131492732102,1,Seasonal Product 022
C16389,10016,0.8952992682326519,2,Home Decor Product 017
C16389,10015,0.8945153938859511,3,Lighting Product 016
C16389,10038,0.8668315378367455,4,Party Supplies Product 039
C16389,10027,0.8640444661841118,5,Bags & Accessories Product 028
C16389,10035,0.8577646267552088,6,Bags & Accessories Product 036
C16389,10025,0.8417349566646652,7,Kitchenware Product 026
C16389,10034,0.8316746161548564,8,Stationery Product 035
C16389,10028,0.8124879891054867,9,Gifts Product 029
C16389,10002,0.8002295067101945,10,Stationery Product 003
C16392,10035,0.7013455494239442,1,Bags & Accessories Product 036
C16392,10021,0.588401360268372,2,Seasonal Product 022
C16392,10038,0.4998009233498051,3,Party Supplies Product 039
C16392,10015,0.46280135033566094,4,Lighting Product 016
C16392,10013,0.42972788383382665,5,Seasonal Product 014
C16392,10007,0.4058953670988765,6,Lighting Product 008
C16392,10029,0.40119834538202637,7,Seasonal Product 030
C16392,10016,0.37830888521008,8,Home Decor Product 017
C16392,10028,0.37010969204532435,9,Gifts Product 029
C16392,10005,0.3604225129166458,10,Seasonal Product 006
C16393,10021,0.9146131492732102,1,Seasonal Product 022
C16393,10016,0.8952992682326519,2,Home Decor Product 017
C16393,10015,0.8945153938859511,3,Lighting Product 016
C16393,10038,0.8668315378367455,4,Party Supplies Product 039
C16393,10027,0.8640444661841118,5,Bags & Accessories Product 028
C16393,10035,0.8577646267552088,6,Bags & Accessories Product 036
C16393,10025,0.8417349566646652,7,Kitchenware Product 026
C16393,10034,0.8316746161548564,8,Stationery Product 035
C16393,10028,0.8124879891054867,9,Gifts Product 029
C16393,10002,0.8002295067101945,10,Stationery Product 003
C16399,10021,0.7711925115635007,1,Seasonal Product 022
C16399,10028,0.6484214685936649,2,Gifts Product 029
C16399,10015,0.6296494056290911,3,Lighting Product 016
C16399,10038,0.6041819806166935,4,Party Supplies Product 039
C16399,10034,0.5912994086738609,5,Stationery Product 035
C16399,10013,0.5623943573093706,6,Seasonal Product 014
C16399,10027,0.5473121235314166,7,Bags & Accessories Product 028
C16399,10016,0.5205624955153169,8,Home Decor Product 017
C16399,10007,0.5007106521263228,9,Lighting Product 008
C16399,10035,0.49883700077840815,10,Bags & Accessories Product 036
C16400,10035,0.7914860362354349,1,Bags & Accessories Product 036
C16400,10034,0.7056424235938598,2,Stationery Product 035
C16400,10015,0.613624652565613,3,Lighting Product 016
C16400,10021,0.5591964084668313,4,Seasonal Product 022
C16400,10295,0.5402089475014705,5,Lighting Product 296
C16400,10031,0.5274253548987278,6,Lighting Product 032
C16400,10025,0.5072433925665006,7,Kitchenware Product 026
C16400,10023,0.5009718707211431,8,Lighting Product 024
C16400,10016,0.48445794439138307,9,Home Decor Product 017
C16400,10028,0.4604610155350692,10,Gifts Product 029
C16402,10021,0.8421995067114743,1,Seasonal Product 022
C16402,10028,0.799083740452598,2,Gifts Product 029
C16402,10038,0.6837061811968023,3,Party Supplies Product 039
C16402,10034,0.6382673095641572,4,Stationery Product 035
C16402,10015,0.595759899130135,5,Lighting Product 016
C16402,10382,0.5387645692035057,6,Party Supplies Product 383
C16402,10029,0.5340183441603507,7,Seasonal Product 030
C16402,10036,0.521702524214286,8,Gifts Product 037
C16402,10244,0.4953969453061158,9,Gifts Product 245
C16402,10013,0.4863629827933275,10,Seasonal Product 014
C16404,10025,0.8655442914944005,1,Kitchenware Product 026
C16404,10021,0.8478684117365279,2,Seasonal Product 022
C16404,10035,0.7328520640489217,3,Bags & Accessories Product 036
C16404,10009,0.6339388104114866,4,Kitchenware Product 010
C16404,10015,0.5539768213764243,5,Lighting Product 016
C16404,10305,0.5127047436653795,6,Kitchenware Product 306
C16404,10028,0.5061221523219017,7,Gifts Product 029
C16404,10353,0.4724473010772164,8,Kitchenware Product 354
C16404,10295,0.4638730085276565,9,Lighting Product 296
C16404,10209,0.4636961413945194,10,Kitchenware Product 210
C16406,10026,0.9497996047328174,1,Stationery Product 027
C16406,10034,0.8691146098045327,2,Stationery Product 035
C16406,10036,0.8632791229336286,3,Gifts Product 037
C16406,10020,0.8166502112560456,4,Gifts Product 021
C16406,10202,0.789120573469622,5,Stationery Product 203
C16406,10028,0.7699328271722597,6,Gifts Product 029
C16406,10002,0.7361371813062316,7,Stationery Product 003
C16406,10021,0.7218360578858919,8,Seasonal Product 022
C16406,10354,0.6984555702920522,9,Stationery Product 355
C16406,10012,0.6571538976915037,10,Gifts Product 013
C16407,10038,0.9592041016508644,1,Party Supplies Product 039
C16407,10028,0.905525471684605,2,Gifts Product 029
C16407,10382,0.8851021789255087,3,Party Supplies Product 383
C16407,10012,0.8208270001566282,4,Gifts Product 013
C16407,10238,0.7994826604387231,5,Party Supplies Product 239
C16407,10015,0.7910710203124869,6,Lighting Product 016
C16407,10278,0.7848688817950134,7,Party Supplies Product 279
C16407,10022,0.7737668329140046,8,Party Supplies Product 023
C16407,10086,0.7380668670449649,9,Party Supplies Product 087
C16407,10020,0.7162775010331254,10,Gifts Product 021
C16410,10021,0.7172965162233051,1,Seasonal Product 022
C16410,10015,0.6461360518791786,2,Lighting Product 016
C16410,10020,0.41592291664429565,3,Gifts Product 021
C16410,10028,0.4068760725803421,4,Gifts Product 029
C16410,10016,0.3912160051954263,5,Home Decor Product 017
C16410,10023,0.3632634822246612,6,Lighting Product 024
C16410,10005,0.3459193184354174,7,Seasonal Product 006
C16410,10029,0.3399908156325544,8,Seasonal Product 030
C16410,10295,0.3348905925008029,9,Lighting Product 296
C16410,10013,0.33068710190299816,10,Seasonal Product 014
C16411,10027,0.8366394530272575,1,Bags & Accessories Product 028
C16411,10016,0.8258370928910003,2,Home Decor Product 017
C16411,10025,0.8100512627416537,3,Kitchenware Product 026
C16411,10305,0.665186732832203,4,Kitchenware Product 306
C16411,10032,0.6033267378510989,5,Home Decor Product 033
C16411,10021,0.5638716232716702,6,Seasonal Product 022
C16411,10040,0.5124680636683779,7,Home Decor Product 041
C16411,10015,0.5065516200245008,8,Lighting Product 016
C16411,10193,0.47678829004890627,9,Kitchenware Product 194
C16411,10029,0.43885386494141887,10,Seasonal Product 030
C16412,10015,0.7880186282868613,1,Lighting Product 016
C16412,10021,0.5137928963036605,2,Seasonal Product 022
C16412,10025,0.5010564432017921,3,Kitchenware Product 026
C16412,10359,0.44692311359956366,4,Lighting Product 360
C16412,10035,0.43732675071389415,5,Bags & Accessories Product 036
C16412,10013,0.43346371606729756,6,Seasonal Product 014
C16412,10016,0.43187767536923466,7,Home Decor Product 017
C16412,10305,0.4184027962748292,8,Kitchenware Product 306
C16412,10027,0.4124221037956139,9,Bags & Accessories Product 028
C16412,10036,0.4086347785936478,10,Gifts Product 037
C16415,10015,0.7911258701171344,1,Lighting Product 016
C16415,10016,0.7762251204034989,2,Home Decor Product 017
C16415,10021,0.7166957561606552,3,Seasonal Product 022
C16415,10026,0.6456439511352734,4,Stationery Product 027
C16415,10340,0.5758916912848022,5,Gifts Product 341
C16415,10012,0.5616274261105385,6,Gifts Product 013
C16415,10096,0.5432977677702482,7,Home Decor Product 097
C16415,10029,0.5344931789588501,8,Seasonal Product 030
C16415,10382,0.5298265577283856,9,Party Supplies Product 383
C16415,10124,0.5191839565077531,10,Gifts Product 125
C16416,10015,0.9221193314392504,1,Lighting Product 016
C16416,10027,0.829041194514756,2,Bags & Accessories Product 028
C16416,10021,0.7721849178232097,3,Seasonal Product 022
C16416,10013,0.6173085366886214,4,Seasonal Product 014
C16416,10025,0.6048798858261717,5,Kitchenware Product 026
C16416,10020,0.5827508805431472,6,Gifts Product 021
C16416,10007,0.5594294450240317,7,Lighting Product 008
C16416,10028,0.5575157083474963,8,Gifts Product 029
C16416,10029,0.5370712113593314,9,Seasonal Product 030
C16416,10016,0.5311161514655166,10,Home Decor Product 017
C16417,10025,0.8139809965965151,1,Kitchenware Product 026
C16417,10027,0.7312357642563899,2,Bags & Accessories Product 028
C16417,10035,0.6980781022391008,3,Bags & Accessories Product 036
C16417,10021,0.5684008445854966,4,Seasonal Product 022
C16417,10015,0.5191727093565529,5,Lighting Product 016
C16417,10007,0.45981173106304124,6,Lighting Product 008
C16417,10002,0.4506499866308627,7,Stationery Product 003
C16417,10023,0.44113147490662613,8,Lighting Product 024
C16417,10354,0.4321511817900577,9,Stationery Product 355
C16417,10038,0.4230004179385934,10,Party Supplies Product 039
C16418,10382,0.5679997497722732,1,Party Supplies Product 383
C16418,10034,0.485125513443388,2,Stationery Product 035
C16418,10016,0.4315576822303473,3,Home Decor Product 017
C16418,10026,0.4220733920492789,4,Stationery Product 027
C16418,10025,0.41399779492942973,5,Kitchenware Product 026
C16418,10028,0.41292790422434933,6,Gifts Product 029
C16418,10013,0.4112025974821943,7,Seasonal Product 014
C16418,10015,0.39908587177108107,8,Lighting Product 016
C16418,10021,0.39411400054624773,9,Seasonal Product 022
C16418,10238,0.38498097538804493,10,Party Supplies Product 239
C16419,10038,0.9376984555861593,1,Party Supplies Product 039
C16419,10015,0.9363253214689696,2,Lighting Product 016
C16419,10031,0.796254702544043,3,Lighting Product 032
C16419,10028,0.7111833785285617,4,Gifts Product 029
C16419,10027,0.7092794170726994,5,Bags & Accessories Product 028
C16419,10278,0.6063990196805822,6,Party Supplies Product 279
C16419,10022,0.600110053079814,7,Party Supplies Product 023
C16419,10036,0.6000750540564166,8,Gifts Product 037
C16419,10021,0.5652072955134014,9,Seasonal Product 022
C16419,10025,0.5338338700349584,10,Kitchenware Product 026
C16420,10027,0.9616359731915032,1,Bags & Accessories Product 028
C16420,10016,0.9557418628975781,2,Home Decor Product 017
C16420,10035,0.934871923970035,3,Bags & Accessories Product 036
C16420,10028,0.8572426957040886,4,Gifts Product 029
C16420,10013,0.776927483790929,5,Seasonal Product 014
C16420,10296,0.7746514545566426,6,Home Decor Product 297
C16420,10032,0.7595373272664016,7,Home Decor Product 033
C16420,10219,0.7173349010476954,8,Bags & Accessories Product 220
C16420,10007,0.7145344127279225,9,Lighting Product 008
C16420,10029,0.7131420426220474,10,Seasonal Product 030
C16422,10021,0.9767777141025302,1,Seasonal Product 022
C16422,10029,0.933502931955426,2,Seasonal Product 030
C16422,10153,0.8914189573995533,3,Kitchenware Product 154
C16422,10009,0.8855617811820389,4,Kitchenware Product 010
C16422,10033,0.8517587253392107,5,Kitchenware Product 034
C16422,10025,0.8499726889241884,6,Kitchenware Product 026
C16422,10209,0.8450666717456391,7,Kitchenware Product 210
C16422,10016,0.7806541477451234,8,Home Decor Product 017
C16422,10013,0.7724779426227176,9,Seasonal Product 014
C16422,10305,0.7428257187725521,10,Kitchenware Product 306
C16423,10021,0.7267083260908027,1,Seasonal Product 022
C16423,10015,0.588105497607266,2,Lighting Product 016
C16423,10028,0.5029935342333098,3,Gifts Product 029
C16423,10013,0.4877129477575581,4,Seasonal Product 014
C16423,10382,0.4722849364465894,5,Party Supplies Product 383
C16423,10029,0.44023222789814354,6,Seasonal Product 030
C16423,10016,0.4027323781643989,7,Home Decor Product 017
C16423,10038,0.39540623102423256,8,Party Supplies Product 039
C16423,10027,0.39324683129933435,9,Bags & Accessories Product 028
C16423,10035,0.39287528747679,10,Bags & Accessories Product 036
C16424,10035,0.8984963867575615,1,Bags & Accessories Product 036
C16424,10016,0.8697412064893464,2,Home Decor Product 017
C16424,10021,0.7743804758658615,3,Seasonal Product 022
C16424,10015,0.7301228667254459,4,Lighting Product 016
C16424,10028,0.6678216999160078,5,Gifts Product 029
C16424,10013,0.6437431335481766,6,Seasonal Product 014
C16424,10027,0.6435432026974245,7,Bags & Accessories Product 028
C16424,10029,0.6228388860669498,8,Seasonal Product 030
C16424,10023,0.6168831494843289,9,Lighting Product 024
C16424,10036,0.6067109392613136,10,Gifts Product 037
C16428,10021,0.8173854234533295,1,Seasonal Product 022
C16428,10013,0.8072940359789584,2,Seasonal Product 014
C16428,10025,0.7057855892512098,3,Kitchenware Product 026
C16428,10153,0.5052147031552542,4,Kitchenware Product 154
C16428,10015,0.48304703256257314,5,Lighting Product 016
C16428,10193,0.47290744829644893,6,Kitchenware Product 194
C16428,10029,0.3859959321825989,7,Seasonal Product 030
C16428,10020,0.3859852756230538,8,Gifts Product 021
C16428,10036,0.378852504558315,9,Gifts Product 037
C16428,10035,0.36308501510876107,10,Bags & Accessories Product 036
C16429,10036,0.6266408933882123,1,Gifts Product 037
C16429,10012,0.6112310031038614,2,Gifts Product 013
C16429,10116,0.6102280082854997,3,Gifts Product 117
C16429,10354,0.5966168135342985,4,Stationery Product 355
C16429,10021,0.47225730579681824,5,Seasonal Product 022
C16429,10212,0.43979127333480866,6,Gifts Product 213
C16429,10002,0.41090564901889653,7,Stationery Product 003
C16429,10027,0.39410715533866003,8,Bags & Accessories Product 028
C16429,10035,0.37685406117091325,9,Bags & Accessories Product 036
C16429,10004,0.3761456180594614,10,Gifts Product 005
C16431,10015,0.8280268311205069,1,Lighting Product 016
C16431,10021,0.6887011723422044,2,Seasonal Product 022
C16431,10028,0.5193400525405697,3,Gifts Product 029
C16431,10016,0.5023006751300519,4,Home Decor Product 017
C16431,10023,0.4970864564752437,5,Lighting Product 024
C16431,10025,0.4894079761147187,6,Kitchenware Product 026
C16431,10009,0.45061676385714605,7,Kitchenware Product 010
C16431,10036,0.4402392407936953,8,Gifts Product 037
C16431,10027,0.41641637911896334,9,Bags & Accessories Product 028
C16431,10034,0.4145184776878246,10,Stationery Product 035
C16437,10028,0.8986326755727467,1,Gifts Product 029
C16437,10029,0.8331998758179311,2,Seasonal Product 030
C16437,10020,0.8092011223773361,3,Gifts Product 021
C16437,10021,0.7857084254341189,4,Seasonal Product 022
C16437,10027,0.7415081583411554,5,Bags & Accessories Product 028
C16437,10015,0.7263787441979368,6,Lighting Product 016
C16437,10116,0.6710574018409361,7,Gifts Product 117
C16437,10005,0.6455391309591509,8,Seasonal Product 006
C16437,10012,0.6406036701703135,9,Gifts Product 013
C16437,10034,0.6229477352259813,10,Stationery Product 035
C16441,10021,0.9146131492732102,1,Seasonal Product 022
C16441,10016,0.8952992682326519,2,Home Decor Product 017
C16441,10015,0.8945153938859511,3,Lighting Product 016
C16441,10038,0.8668315378367455,4,Party Supplies Product 039
C16441,10027,0.8640444661841118,5,Bags & Accessories Product 028
C16441,10035,0.8577646267552088,6,Bags & Accessories Product 036
C16441,10025,0.8417349566646652,7,Kitchenware Product 026
C16441,10034,0.8316746161548564,8,Stationery Product 035
C16441,10028,0.8124879891054867,9,Gifts Product 029
C16441,10002,0.8002295067101945,10,Stationery Product 003
C16442,10034,0.8704541013317343,1,Stationery Product 035
C16442,10027,0.8601174800802528,2,Bags & Accessories Product 028
C16442,10035,0.8020699255216905,3,Bags & Accessories Product 036
C16442,10394,0.7109720060846298,4,Stationery Product 395
C16442,10074,0.6898404757554373,5,Stationery Product 075
C16442,10026,0.6846590927912786,6,Stationery Product 027
C16442,10002,0.6568070798611232,7,Stationery Product 003
C16442,10013,0.6403872420549104,8,Seasonal Product 014
C16442,10354,0.6271410284449124,9,Stationery Product 355
C16442,10021,0.6107954031503815,10,Seasonal Product 022
C16444,10021,0.9381728961961416,1,Seasonal Product 022
C16444,10028,0.7231150473630428,2,Gifts Product 029
C16444,10029,0.7229444988038839,3,Seasonal Product 030
C16444,10013,0.5720818083637222,4,Seasonal Product 014
C16444,10027,0.5472674541189768,5,Bags & Accessories Product 028
C16444,10173,0.5193339350072631,6,Seasonal Product 174
C16444,10005,0.4729641919806748,7,Seasonal Product 006
C16444,10209,0.4542428251870559,8,Kitchenware Product 210
C16444,10305,0.4501144761220837,9,Kitchenware Product 306
C16444,10035,0.4451912560170075,10,Bags & Accessories Product 036
C16449,10021,0.8089635386527112,1,Seasonal Product 022
C16449,10015,0.6552249915589317,2,Lighting Product 016
C16449,10028,0.4851377376908363,3,Gifts Product 029
C16449,10027,0.4806802385324009,4,Bags & Accessories Product 028
C16449,10035,0.41792788353556076,5,Bags & Accessories Product 036
C16449,10034,0.3899215232187775,6,Stationery Product 035
C16449,10013,0.37790710166611463,7,Seasonal Product 014
C16449,10026,0.37558062863847913,8,Stationery Product 027
C16449,10016,0.374228392657664,9,Home Decor Product 017
C16449,10029,0.37312154051717755,10,Seasonal Product 030
C16450,10021,0.8634215943499752,1,Seasonal Product 022
C16450,10015,0.7955700216163416,2,Lighting Product 016
C16450,10026,0.7505571380699197,3,Stationery Product 027
C16450,10028,0.6066439370005434,4,Gifts Product 029
C16450,10038,0.5396069121439977,5,Party Supplies Product 039
C16450,10027,0.535646123499402,6,Bags & Accessories Product 028
C16450,10016,0.5287372907311255,7,Home Decor Product 017
C16450,10002,0.5024376760818453,8,Stationery Product 003
C16450,10013,0.498686669877812,9,Seasonal Product 014
C16450,10007,0.4704302415392329,10,Lighting Product 008
C16453,10021,0.9146131492732102,1,Seasonal Product 022
C16453,10016,0.8952992682326519,2,Home Decor Product 017
C16453,10015,0.8945153938859511,3,Lighting Product 016
C16453,10038,0.8668315378367455,4,Party Supplies Product 039
C16453,10027,0.8640444661841118,5,Bags & Accessories Product 028
C16453,10035,0.8577646267552088,6,Bags & Accessories Product 036
C16453,10025,0.8417349566646652,7,Kitchenware Product 026
C16453,10034,0.8316746161548564,8,Stationery Product 035
C16453,10028,0.8124879891054867,9,Gifts Product 029
C16453,10002,0.8002295067101945,10,Stationery Product 003
C16454,10038,0.9162970231431814,1,Party Supplies Product 039
C16454,10382,0.8856235222780782,2,Party Supplies Product 383
C16454,10015,0.8549633871618529,3,Lighting Product 016
C16454,10021,0.8294886486155278,4,Seasonal Product 022
C16454,10031,0.7958005056454959,5,Lighting Product 032
C16454,10022,0.7825548052137296,6,Party Supplies Product 023
C16454,10278,0.7529116586265926,7,Party Supplies Product 279
C16454,10023,0.7504979238095763,8,Lighting Product 024
C16454,10026,0.7047226186704935,9,Stationery Product 027
C16454,10005,0.6656228001496867,10,Seasonal Product 006
C16455,10016,0.739109040062802,1,Home Decor Product 017
C16455,10038,0.5999270708367488,2,Party Supplies Product 039
C16455,10007,0.5149042293667797,3,Lighting Product 008
C16455,10015,0.4885020943623485,4,Lighting Product 016
C16455,10035,0.45912469696163716,5,Bags & Accessories Product 036
C16455,10013,0.45601722811663964,6,Seasonal Product 014
C16455,10027,0.4521925665146611,7,Bags & Accessories Product 028
C16455,10029,0.4503015406465164,8,Seasonal Product 030
C16455,10028,0.44137559170538226,9,Gifts Product 029
C16455,10021,0.4301944330694989,10,Seasonal Product 022
C16460,10028,0.713749626567991,1,Gifts Product 029
C16460,10015,0.6688001407533161,2,Lighting Product 016
C16460,10038,0.6527474372663008,3,Party Supplies Product 039
C16460,10020,0.5840103206714803,4,Gifts Product 021
C16460,10034,0.5311199867787517,5,Stationery Product 035
C16460,10036,0.523856689574113,6,Gifts Product 037
C16460,10025,0.5155012834490037,7,Kitchenware Product 026
C16460,10029,0.48550294076298967,8,Seasonal Product 030
C16460,10027,0.4802564829285645,9,Bags & Accessories Product 028
C16460,10026,0.4723846129440066,10,Stationery Product 027
C16462,10021,0.7162854657305602,1,Seasonal Product 022
C16462,10026,0.6722476432140144,2,Stationery Product 027
C16462,10028,0.6525928095039757,3,Gifts Product 029
C16462,10034,0.6524512373913564,4,Stationery Product 035
C16462,10015,0.6122689222822116,5,Lighting Product 016
C16462,10013,0.6093140190094498,6,Seasonal Product 014
C16462,10005,0.6055772173233471,7,Seasonal Product 006
C16462,10025,0.5997021190260644,8,Kitchenware Product 026
C16462,10038,0.5934138192981188,9,Party Supplies Product 039
C16462,10027,0.5911850683332048,10,Bags & Accessories Product 028
C16463,10016,0.9098477177898153,1,Home Decor Product 017
C16463,10034,0.8022287319346884,2,Stationery Product 035
C16463,10026,0.7593308237987622,3,Stationery Product 027
C16463,10021,0.6882791735692286,4,Seasonal Product 022
C16463,10035,0.6654777326446979,5,Bags & Accessories Product 036
C16463,10005,0.4999937405381918,6,Seasonal Product 006
C16463,10392,0.4228691088002239,7,Home Decor Product 393
C16463,10023,0.4128844779576134,8,Lighting Product 024
C16463,10296,0.40099688411723816,9,Home Decor Product 297
C16463,10032,0.39512283986454805,10,Home Decor Product 033
C16464,10028,0.9716185299313463,1,Gifts Product 029
C16464,10021,0.8375271609757492,2,Seasonal Product 022
C16464,10016,0.7902005194219376,3,Home Decor Product 017
C16464,10020,0.7280858566525782,4,Gifts Product 021
C16464,10025,0.7176357447947646,5,Kitchenware Product 026
C16464,10034,0.6748228133162276,6,Stationery Product 035
C16464,10035,0.6710874415323703,7,Bags & Accessories Product 036
C16464,10015,0.6696220054510873,8,Lighting Product 016
C16464,10305,0.6144668170839668,9,Kitchenware Product 306
C16464,10228,0.6089501534733619,10,Gifts Product 229
C16467,10035,0.8894945317457329,1,Bags & Accessories Product 036
C16467,10027,0.8738626904358823,2,Bags & Accessories Product 028
C16467,10028,0.6912963369846743,3,Gifts Product 029
C16467,10025,0.6740518627799508,4,Kitchenware Product 026
C16467,10016,0.6642240039438266,5,Home Decor Product 017
C16467,10015,0.5544761576005103,6,Lighting Product 016
C16467,10021,0.5340127943551515,7,Seasonal Product 022
C16467,10001,0.5165695262130691,8,Kitchenware Product 002
C16467,10009,0.5082296299944252,9,Kitchenware Product 010
C16467,10065,0.5007910539510937,10,Kitchenware Product 066
C16468,10021,0.7829654871836088,1,Seasonal Product 022
C16468,10015,0.7036020148085386,2,Lighting Product 016
C16468,10028,0.5055759412546943,3,Gifts Product 029
C16468,10278,0.4276055654622961,4,Party Supplies Product 279
C16468,10023,0.42022831957017626,5,Lighting Product 024
C16468,10016,0.41416398812920446,6,Home Decor Product 017
C16468,10007,0.4130566511894597,7,Lighting Product 008
C16468,10013,0.40201927176733404,8,Seasonal Product 014
C16468,10295,0.39792697219321854,9,Lighting Product 296
C16468,10027,0.3937262178525493,10,Bags & Accessories Product 028
C16471,10026,0.6677865547389794,1,Stationery Product 027
C16471,10028,0.6536757498392797,2,Gifts Product 029
C16471,10027,0.648206335893393,3,Bags & Accessories Product 028
C16471,10005,0.6283993037375053,4,Seasonal Product 006
C16471,10038,0.6215520933924186,5,Party Supplies Product 039
C16471,10029,0.6171204465300296,6,Seasonal Product 030
C16471,10015,0.6141219820205918,7,Lighting Product 016
C16471,10034,0.6114478894262004,8,Stationery Product 035
C16471,10036,0.5791175398997436,9,Gifts Product 037
C16471,10021,0.5789306721439351,10,Seasonal Product 022
C16472,10015,0.8481880346739473,1,Lighting Product 016
C16472,10021,0.7681659109947251,2,Seasonal Product 022
C16472,10028,0.5790568943059242,3,Gifts Product 029
C16472,10016,0.5570037801387847,4,Home Decor Product 017
C16472,10202,0.5461482246896822,5,Stationery Product 203
C16472,10038,0.4907588112296215,6,Party Supplies Product 039
C16472,10027,0.48633265531924214,7,Bags & Accessories Product 028
C16472,10034,0.4182065098956168,8,Stationery Product 035
C16472,10035,0.4048739810040414,9,Bags & Accessories Product 036
C16472,10026,0.38053373195735923,10,Stationery Product 027
C16474,10028,0.9898201638080968,1,Gifts Product 029
C16474,10016,0.9885676156241273,2,Home Decor Product 017
C16474,10036,0.9251764495654415,3,Gifts Product 037
C16474,10021,0.923544440382508,4,Seasonal Product 022
C16474,10015,0.8413351245981986,5,Lighting Product 016
C16474,10013,0.8158180682398465,6,Seasonal Product 014
C16474,10296,0.7954193959514433,7,Home Decor Product 297
C16474,10034,0.7846559567141378,8,Stationery Product 035
C16474,10060,0.758985738780179,9,Gifts Product 061
C16474,10116,0.7448972162180417,10,Gifts Product 117
C16475,10021,0.8516511606015581,1,Seasonal Product 022
C16475,10026,0.6525039209850818,2,Stationery Product 027
C16475,10005,0.608198858150046,3,Seasonal Product 006
C16475,10013,0.5887542282721016,4,Seasonal Product 014
C16475,10029,0.5507541296265717,5,Seasonal Product 030
C16475,10025,0.536678323290144,6,Kitchenware Product 026
C16475,10035,0.4897766243010562,7,Bags & Accessories Product 036
C16475,10034,0.4498855592373259,8,Stationery Product 035
C16475,10028,0.44762026574714375,9,Gifts Product 029
C16475,10027,0.4334548293765143,10,Bags & Accessories Product 028
C16476,10016,0.977207039309533,1,Home Decor Product 017
C16476,10305,0.9202938420054378,2,Kitchenware Product 306
C16476,10015,0.8842109693119916,3,Lighting Product 016
C16476,10193,0.8329014353518609,4,Kitchenware Product 194
C16476,10013,0.8284468083671084,5,Seasonal Product 014
C16476,10025,0.8135783480855956,6,Kitchenware Product 026
C16476,10021,0.7994631021546447,7,Seasonal Product 022
C16476,10209,0.7914103737882808,8,Kitchenware Product 210
C16476,10026,0.7486862746299857,9,Stationery Product 027
C16476,10029,0.721816434572368,10,Seasonal Product 030
C16477,10023,0.8678448949824968,1,Lighting Product 024
C16477,10005,0.862582094132106,2,Seasonal Product 006
C16477,10029,0.8089481976518851,3,Seasonal Product 030
C16477,10021,0.7959911092884192,4,Seasonal Product 022
C16477,10015,0.7900610360930019,5,Lighting Product 016
C16477,10013,0.7584654280538636,6,Seasonal Product 014
C16477,10028,0.6831784946102363,7,Gifts Product 029
C16477,10035,0.6676809915978662,8,Bags & Accessories Product 036
C16477,10027,0.6447549627771166,9,Bags & Accessories Product 028
C16477,10034,0.6001594036258232,10,Stationery Product 035
C16479,10021,0.9146131492732102,1,Seasonal Product 022
C16479,10016,0.8952992682326519,2,Home Decor Product 017
C16479,10015,0.8945153938859511,3,Lighting Product 016
C16479,10038,0.8668315378367455,4,Party Supplies Product 039
C16479,10027,0.8640444661841118,5,Bags & Accessories Product 028
C16479,10035,0.8577646267552088,6,Bags & Accessories Product 036
C16479,10025,0.8417349566646652,7,Kitchenware Product 026
C16479,10034,0.8316746161548564,8,Stationery Product 035
C16479,10028,0.8124879891054867,9,Gifts Product 029
C16479,10002,0.8002295067101945,10,Stationery Product 003
C16484,10021,0.9146131492732102,1,Seasonal Product 022
C16484,10016,0.8952992682326519,2,Home Decor Product 017
C16484,10015,0.8945153938859511,3,Lighting Product 016
C16484,10038,0.8668315378367455,4,Party Supplies Product 039
C16484,10027,0.8640444661841118,5,Bags & Accessories Product 028
C16484,10035,0.8577646267552088,6,Bags & Accessories Product 036
C16484,10025,0.8417349566646652,7,Kitchenware Product 026
C16484,10034,0.8316746161548564,8,Stationery Product 035
C16484,10028,0.8124879891054867,9,Gifts Product 029
C16484,10002,0.8002295067101945,10,Stationery Product 003
C16490,10007,0.8638421796253484,1,Lighting Product 008
C16490,10028,0.85209001192764,2,Gifts Product 029
C16490,10023,0.8373638035892167,3,Lighting Product 024
C16490,10036,0.8258608419534186,4,Gifts Product 037
C16490,10020,0.8178561699245405,5,Gifts Product 021
C16490,10015,0.7826453981968938,6,Lighting Product 016
C16490,10031,0.7208076505494129,7,Lighting Product 032
C16490,10021,0.701095996234856,8,Seasonal Product 022
C16490,10016,0.6743483868195377,9,Home Decor Product 017
C16490,10012,0.6522930695409183,10,Gifts Product 013
C16493,10021,0.858456794658469,1,Seasonal Product 022
C16493,10016,0.7852809258202166,2,Home Decor Product 017
C16493,10028,0.7772597616432537,3,Gifts Product 029
C16493,10036,0.6693855664325707,4,Gifts Product 037
C16493,10035,0.6096032373896483,5,Bags & Accessories Product 036
C16493,10005,0.5938030205796191,6,Seasonal Product 006
C16493,10027,0.5596825561654237,7,Bags & Accessories Product 028
C16493,10002,0.5563981540660708,8,Stationery Product 003
C16493,10015,0.5504611074274763,9,Lighting Product 016
C16493,10020,0.5494888725506007,10,Gifts Product 021
C16494,10015,0.9531086474652882,1,Lighting Product 016
C16494,10027,0.7614503443933525,2,Bags & Accessories Product 028
C16494,10021,0.707748738294926,3,Seasonal Product 022
C16494,10013,0.56682295800011,4,Seasonal Product 014
C16494,10007,0.5593453948820681,5,Lighting Product 008
C16494,10036,0.5585347083910005,6,Gifts Product 037
C16494,10023,0.5549978169032779,7,Lighting Product 024
C16494,10016,0.5420200574181974,8,Home Decor Product 017
C16494,10005,0.5103341236429474,9,Seasonal Product 006
C16494,10029,0.4958083626639213,10,Seasonal Product 030
C16495,10015,0.9728754313005591,1,Lighting Product 016
C16495,10035,0.7861808273420551,2,Bags & Accessories Product 036
C16495,10021,0.7661162025157582,3,Seasonal Product 022
C16495,10028,0.739905462689367,4,Gifts Product 029
C16495,10034,0.6781143568324937,5,Stationery Product 035
C16495,10023,0.6728640222794181,6,Lighting Product 024
C16495,10013,0.6024195524300107,7,Seasonal Product 014
C16495,10020,0.599950794939768,8,Gifts Product 021
C16495,10036,0.5693497098900249,9,Gifts Product 037
C16495,10007,0.5475991039338185,10,Lighting Product 008
C16496,10021,0.9146131492732102,1,Seasonal Product 022
C16496,10016,0.8952992682326519,2,Home Decor Product 017
C16496,10015,0.8945153938859511,3,Lighting Product 016
C16496,10038,0.8668315378367455,4,Party Supplies Product 039
C16496,10027,0.8640444661841118,5,Bags & Accessories Product 028
C16496,10035,0.8577646267552088,6,Bags & Accessories Product 036
C16496,10025,0.8417349566646652,7,Kitchenware Product 026
C16496,10034,0.8316746161548564,8,Stationery Product 035
C16496,10028,0.8124879891054867,9,Gifts Product 029
C16496,10002,0.8002295067101945,10,Stationery Product 003
C16499,10007,0.868790940538694,1,Lighting Product 008
C16499,10023,0.866610510811084,2,Lighting Product 024
C16499,10015,0.8660296953069773,3,Lighting Product 016
C16499,10028,0.8393965924312697,4,Gifts Product 029
C16499,10035,0.8195687134782513,5,Bags & Accessories Product 036
C16499,10022,0.7598794285710497,6,Party Supplies Product 023
C16499,10038,0.7407829131400555,7,Party Supplies Product 039
C16499,10005,0.6734498976734086,8,Seasonal Product 006
C16499,10013,0.6689334224484088,9,Seasonal Product 014
C16499,10295,0.6534849657912983,10,Lighting Product 296
C16500,10016,0.9062031192966077,1,Home Decor Product 017
C16500,10028,0.8902839517941035,2,Gifts Product 029
C16500,10015,0.7577979328983736,3,Lighting Product 016
C16500,10096,0.7342285223777467,4,Home Decor Product 097
C16500,10368,0.7139652125830903,5,Home Decor Product 369
C16500,10296,0.711044504392621,6,Home Decor Product 297
C16500,10027,0.6660526265281081,7,Bags & Accessories Product 028
C16500,10212,0.659091774147347,8,Gifts Product 213
C16500,10192,0.6517381566177395,9,Home Decor Product 193
C16500,10032,0.6436593768754585,10,Home Decor Product 033
C16502,10015,0.9257670050659885,1,Lighting Product 016
C16502,10038,0.90897072864957,2,Party Supplies Product 039
C16502,10007,0.8769478316869569,3,Lighting Product 008
C16502,10023,0.7230110284011856,4,Lighting Product 024
C16502,10021,0.7199420464118299,5,Seasonal Product 022
C16502,10016,0.5119633004746352,6,Home Decor Product 017
C16502,10047,0.5058013125113752,7,Lighting Product 048
C16502,10034,0.4903003935657686,8,Stationery Product 035
C16502,10028,0.4689126685989022,9,Gifts Product 029
C16502,10026,0.4579068737763969,10,Stationery Product 027
C16505,10016,0.9133708097656968,1,Home Decor Product 017
C16505,10025,0.7368733403844818,2,Kitchenware Product 026
C16505,10027,0.6734631805565352,3,Bags & Accessories Product 028
C16505,10001,0.6384955585777463,4,Kitchenware Product 002
C16505,10209,0.5960791783755758,5,Kitchenware Product 210
C16505,10360,0.5762175958731366,6,Home Decor Product 361
C16505,10096,0.5007740730537266,7,Home Decor Product 097
C16505,10033,0.49444033902009316,8,Kitchenware Product 034
C16505,10244,0.4935982747262369,9,Gifts Product 245
C16505,10021,0.47820898802814593,10,Seasonal Product 022
C16506,10027,0.706298941653316,1,Bags & Accessories Product 028
C16506,10026,0.6694232785687262,2,Stationery Product 027
C16506,10013,0.5297543854334728,3,Seasonal Product 014
C16506,10035,0.5079539541588409,4,Bags & Accessories Product 036
C16506,10025,0.5002929601587855,5,Kitchenware Product 026
C16506,10028,0.48932053439250195,6,Gifts Product 029
C16506,10016,0.4679829378343311,7,Home Decor Product 017
C16506,10007,0.4596071289400484,8,Lighting Product 008
C16506,10038,0.4412077266606773,9,Party Supplies Product 039
C16506,10354,0.43175617705872277,10,Stationery Product 355
C16507,10028,0.6990324882547211,1,Gifts Product 029
C16507,10020,0.5004863379217726,2,Gifts Product 021
C16507,10036,0.4394796558712963,3,Gifts Product 037
C16507,10023,0.4364235924473137,4,Lighting Product 024
C16507,10025,0.4135747081373609,5,Kitchenware Product 026
C16507,10027,0.40742567613825725,6,Bags & Accessories Product 028
C16507,10166,0.39206330650575993,7,Party Supplies Product 167
C16507,10005,0.3918003626279814,8,Seasonal Product 006
C16507,10029,0.3872664124389817,9,Seasonal Product 030
C16507,10034,0.3857704674872865,10,Stationery Product 035
C16509,10021,0.680307008801888,1,Seasonal Product 022
C16509,10015,0.6065147103745857,2,Lighting Product 016
C16509,10028,0.5101526508159971,3,Gifts Product 029
C16509,10027,0.4712467348375094,4,Bags & Accessories Product 028
C16509,10038,0.47121895720588214,5,Party Supplies Product 039
C16509,10016,0.4640339647319049,6,Home Decor Product 017
C16509,10035,0.41938549199576214,7,Bags & Accessories Product 036
C16509,10013,0.40720299967081475,8,Seasonal Product 014
C16509,10034,0.38538335559782266,9,Stationery Product 035
C16509,10007,0.3324649828263255,10,Lighting Product 008
C16513,10015,0.8419378641537434,1,Lighting Product 016
C16513,10021,0.6078789730482489,2,Seasonal Product 022
C16513,10295,0.528917370271672,3,Lighting Product 296
C16513,10013,0.5075958343184793,4,Seasonal Product 014
C16513,10007,0.45996170281271326,5,Lighting Product 008
C16513,10023,0.4582705779871301,6,Lighting Product 024
C16513,10031,0.44138495203003447,7,Lighting Product 032
C16513,10028,0.43512363162841194,8,Gifts Product 029
C16513,10025,0.43004945267668915,9,Kitchenware Product 026
C16513,10020,0.40855518132927765,10,Gifts Product 021
C16518,10016,0.9567609675971759,1,Home Decor Product 017
C16518,10023,0.8414936566679762,2,Lighting Product 024
C16518,10015,0.8395261450514685,3,Lighting Product 016
C16518,10021,0.8094878639357949,4,Seasonal Product 022
C16518,10028,0.7741842197151007,5,Gifts Product 029
C16518,10296,0.7306951525579599,6,Home Decor Product 297
C16518,10032,0.6613420347307915,7,Home Decor Product 033
C16518,10031,0.6233124454411061,8,Lighting Product 032
C16518,10038,0.6126250843929183,9,Party Supplies Product 039
C16518,10096,0.5972279908043137,10,Home Decor Product 097
C16519,10027,0.876924636335267,1,Bags & Accessories Product 028
C16519,10035,0.8374125297462278,2,Bags & Accessories Product 036
C16519,10021,0.6776365228111476,3,Seasonal Product 022
C16519,10211,0.5978040832869782,4,Bags & Accessories Product 212
C16519,10013,0.5722406617974308,5,Seasonal Product 014
C16519,10015,0.5625245505602793,6,Lighting Product 016
C16519,10007,0.5565681145331924,7,Lighting Product 008
C16519,10195,0.5467397312176632,8,Bags & Accessories Product 196
C16519,10219,0.5318432080031885,9,Bags & Accessories Product 220
C16519,10179,0.5225077175207291,10,Bags & Accessories Product 180
C16520,10016,0.9447089871275296,1,Home Decor Product 017
C16520,10035,0.9431883329656121,2,Bags & Accessories Product 036
C16520,10305,0.9335783644825799,3,Kitchenware Product 306
C16520,10009,0.9312781640508806,4,Kitchenware Product 010
C16520,10025,0.9248537270658318,5,Kitchenware Product 026
C16520,10021,0.8585088951267007,6,Seasonal Product 022
C16520,10028,0.8300334335314385,7,Gifts Product 029
C16520,10209,0.8067314047448335,8,Kitchenware Product 210
C16520,10296,0.7551995834412345,9,Home Decor Product 297
C16520,10193,0.732720463733077,10,Kitchenware Product 194
C16524,10021,0.9946219132320723,1,Seasonal Product 022
C16524,10035,0.9921354812152811,2,Bags & Accessories Product 036
C16524,10027,0.9856945076909559,3,Bags & Accessories Product 028
C16524,10013,0.9778551422567853,4,Seasonal Product 014
C16524,10015,0.9402411086229705,5,Lighting Product 016
C16524,10179,0.8252015841630255,6,Bags & Accessories Product 180
C16524,10195,0.7844959344090265,7,Bags & Accessories Product 196
C16524,10026,0.744633589216968,8,Stationery Product 027
C16524,10038,0.7423971095726153,9,Party Supplies Product 039
C16524,10101,0.7243499612111163,10,Seasonal Product 102
C16527,10020,0.5338450311093836,1,Gifts Product 021
C16527,10025,0.5295271640785822,2,Kitchenware Product 026
C16527,10305,0.523699648011389,3,Kitchenware Product 306
C16527,10021,0.5197716978885975,4,Seasonal Product 022
C16527,10002,0.5082936546618338,5,Stationery Product 003
C16527,10382,0.4703108067337314,6,Party Supplies Product 383
C16527,10036,0.4688528782240863,7,Gifts Product 037
C16527,10029,0.46527419102864837,8,Seasonal Product 030
C16527,10354,0.44988434110390985,9,Stationery Product 355
C16527,10005,0.4428082993672433,10,Seasonal Product 006
C16528,10028,0.9880140353708318,1,Gifts Product 029
C16528,10035,0.9786411497341962,2,Bags & Accessories Product 036
C16528,10027,0.9438088524651872,3,Bags & Accessories Product 028
C16528,10020,0.9425992717594892,4,Gifts Product 021
C16528,10012,0.8986424818083638,5,Gifts Product 013
C16528,10036,0.811371104258698,6,Gifts Product 037
C16528,10015,0.7971220267286991,7,Lighting Product 016
C16528,10060,0.7859102762879305,8,Gifts Product 061
C16528,10021,0.760371161148056,9,Seasonal Product 022
C16528,10004,0.7316074569058878,10,Gifts Product 005
C16529,10005,0.9440002001414434,1,Seasonal Product 006
C16529,10021,0.9352971260781311,2,Seasonal Product 022
C16529,10015,0.8723408374393453,3,Lighting Product 016
C16529,10007,0.8040565096487464,4,Lighting Product 008
C16529,10295,0.753379142539016,5,Lighting Product 296
C16529,10023,0.748444545555914,6,Lighting Product 024
C16529,10029,0.6794737645481539,7,Seasonal Product 030
C16529,10035,0.6728893528471505,8,Bags & Accessories Product 036
C16529,10026,0.6444756154298651,9,Stationery Product 027
C16529,10034,0.60232615534002,10,Stationery Product 035
C16533,10015,0.80343024104609,1,Lighting Product 016
C16533,10025,0.715062151124732,2,Kitchenware Product 026
C16533,10305,0.593228563045717,3,Kitchenware Product 306
C16533,10038,0.5301310462666248,4,Party Supplies Product 039
C16533,10021,0.5198105966863473,5,Seasonal Product 022
C16533,10007,0.5110226173825709,6,Lighting Product 008
C16533,10016,0.47886974601876736,7,Home Decor Product 017
C16533,10013,0.47495771073867404,8,Seasonal Product 014
C16533,10028,0.450462075115548,9,Gifts Product 029
C16533,10023,0.4468493935074643,10,Lighting Product 024
C16536,10016,0.8752423582003034,1,Home Decor Product 017
C16536,10034,0.7632979644060792,2,Stationery Product 035
C16536,10025,0.7549510672304511,3,Kitchenware Product 026
C16536,10021,0.7036163440362626,4,Seasonal Product 022
C16536,10009,0.4912609263712132,5,Kitchenware Product 010
C16536,10028,0.475006958999464,6,Gifts Product 029
C16536,10002,0.46800226331935574,7,Stationery Product 003
C16536,10305,0.4099607235972418,8,Kitchenware Product 306
C16536,10192,0.4071045272749185,9,Home Decor Product 193
C16536,10368,0.40508037802175945,10,Home Decor Product 369
C16537,10015,0.6645302936964734,1,Lighting Product 016
C16537,10021,0.5622071045603522,2,Seasonal Product 022
C16537,10016,0.5144548138135007,3,Home Decor Product 017
C16537,10295,0.4972873446059229,4,Lighting Product 296
C16537,10013,0.460307357194335,5,Seasonal Product 014
C16537,10007,0.4414194210881622,6,Lighting Product 008
C16537,10023,0.42036073233077537,7,Lighting Product 024
C16537,10028,0.3935306263413855,8,Gifts Product 029
C16537,10359,0.3739141965936334,9,Lighting Product 360
C16537,10027,0.3560524998774093,10,Bags & Accessories Product 028
C16540,10027,0.9547674012989984,1,Bags & Accessories Product 028
C16540,10035,0.9421059359689558,2,Bags & Accessories Product 036
C16540,10013,0.9296598045037566,3,Seasonal Product 014
C16540,10021,0.8788826542930899,4,Seasonal Product 022
C16540,10005,0.8303692991898007,5,Seasonal Product 006
C16540,10028,0.8063540579884635,6,Gifts Product 029
C16540,10015,0.7898790988050499,7,Lighting Product 016
C16540,10195,0.7389632141466567,8,Bags & Accessories Product 196
C16540,10219,0.7309762059643405,9,Bags & Accessories Product 220
C16540,10036,0.6593290274804682,10,Gifts Product 037
C16541,10021,0.6911690941072433,1,Seasonal Product 022
C16541,10015,0.6544874109841504,2,Lighting Product 016
C16541,10005,0.6055039682852478,3,Seasonal Product 006
C16541,10013,0.46391926673000294,4,Seasonal Product 014
C16541,10382,0.45449509640080077,5,Party Supplies Product 383
C16541,10038,0.4533234735962972,6,Party Supplies Product 039
C16541,10028,0.4243326807183845,7,Gifts Product 029
C16541,10007,0.42312918354327694,8,Lighting Product 008
C16541,10258,0.4113578230162061,9,Stationery Product 259
C16541,10016,0.3966484190887898,10,Home Decor Product 017
C16542,10021,0.9146131492732102,1,Seasonal Product 022
C16542,10016,0.8952992682326519,2,Home Decor Product 017
C16542,10015,0.8945153938859511,3,Lighting Product 016
C16542,10038,0.8668315378367455,4,Party Supplies Product 039
C16542,10027,0.8640444661841118,5,Bags & Accessories Product 028
C16542,10035,0.8577646267552088,6,Bags & Accessories Product 036
C16542,10025,0.8417349566646652,7,Kitchenware Product 026
C16542,10034,0.8316746161548564,8,Stationery Product 035
C16542,10028,0.8124879891054867,9,Gifts Product 029
C16542,10002,0.8002295067101945,10,Stationery Product 003
C16543,10016,0.8283965382274161,1,Home Decor Product 017
C16543,10007,0.666096391082047,2,Lighting Product 008
C16543,10015,0.5476265964552981,3,Lighting Product 016
C16543,10021,0.49325814455422623,4,Seasonal Product 022
C16543,10368,0.4632249315679192,5,Home Decor Product 369
C16543,10027,0.4569573715257606,6,Bags & Accessories Product 028
C16543,10028,0.4231691898007589,7,Gifts Product 029
C16543,10296,0.4137378688760021,8,Home Decor Product 297
C16543,10038,0.4133459504727263,9,Party Supplies Product 039
C16543,10013,0.409141257291658,10,Seasonal Product 014
C16544,10021,0.9741114436867417,1,Seasonal Product 022
C16544,10013,0.7641748801370575,2,Seasonal Product 014
C16544,10027,0.6206704112771197,3,Bags & Accessories Product 028
C16544,10005,0.5722069501433077,4,Seasonal Product 006
C16544,10002,0.5233219087759788,5,Stationery Product 003
C16544,10034,0.5222977504493516,6,Stationery Product 035
C16544,10029,0.496814434235119,7,Seasonal Product 030
C16544,10015,0.4967287685792946,8,Lighting Product 016
C16544,10028,0.4964265063990144,9,Gifts Product 029
C16544,10025,0.47785042627590824,10,Kitchenware Product 026
C16545,10016,0.9453535254022243,1,Home Decor Product 017
C16545,10025,0.7150262558975089,2,Kitchenware Product 026
C16545,10021,0.6515521862518571,3,Seasonal Product 022
C16545,10074,0.6277086590918499,4,Stationery Product 075
C16545,10352,0.5994051140202493,5,Home Decor Product 353
C16545,10002,0.5897144936115842,6,Stationery Product 003
C16545,10005,0.5623295488477412,7,Seasonal Product 006
C16545,10360,0.561590055355903,8,Home Decor Product 361
C16545,10032,0.5282182356570397,9,Home Decor Product 033
C16545,10101,0.5058397406287347,10,Seasonal Product 102
C16546,10025,0.7152636160259547,1,Kitchenware Product 026
C16546,10026,0.644914588884824,2,Stationery Product 027
C16546,10036,0.6328524783900551,3,Gifts Product 037
C16546,10021,0.6312277445747938,4,Seasonal Product 022
C16546,10035,0.6276341988865262,5,Bags & Accessories Product 036
C16546,10038,0.6199970045287293,6,Party Supplies Product 039
C16546,10034,0.6111668974009478,7,Stationery Product 035
C16546,10027,0.602630220368193,8,Bags & Accessories Product 028
C16546,10305,0.593457740638814,9,Kitchenware Product 306
C16546,10013,0.5873533009724897,10,Seasonal Product 014
C16550,10016,0.7977204129012899,1,Home Decor Product 017
C16550,10021,0.7835416862210186,2,Seasonal Product 022
C16550,10038,0.7071767405179114,3,Party Supplies Product 039
C16550,10036,0.6682962096277322,4,Gifts Product 037
C16550,10015,0.5157051730150546,5,Lighting Product 016
C16550,10028,0.4924047813299675,6,Gifts Product 029
C16550,10013,0.42084463382796206,7,Seasonal Product 014
C16550,10034,0.41191949496684843,8,Stationery Product 035
C16550,10005,0.4115474274082214,9,Seasonal Product 006
C16550,10029,0.4112684092892005,10,Seasonal Product 030
C16552,10015,0.9652691775951704,1,Lighting Product 016
C16552,10021,0.9417307043010151,2,Seasonal Product 022
C16552,10013,0.8690266816461129,3,Seasonal Product 014
C16552,10029,0.6791774378186098,4,Seasonal Product 030
C16552,10005,0.671489694091227,5,Seasonal Product 006
C16552,10002,0.608529921521965,6,Stationery Product 003
C16552,10295,0.5261280924598304,7,Lighting Product 296
C16552,10025,0.5246298823280996,8,Kitchenware Product 026
C16552,10007,0.4854384857360315,9,Lighting Product 008
C16552,10032,0.4713818714133058,10,Home Decor Product 033
C16554,10016,0.9805414020678057,1,Home Decor Product 017
C16554,10027,0.8399709582326198,2,Bags & Accessories Product 028
C16554,10015,0.813790809760977,3,Lighting Product 016
C16554,10021,0.7352636685306282,4,Seasonal Product 022
C16554,10035,0.7193996708646891,5,Bags & Accessories Product 036
C16554,10007,0.6791702742345646,6,Lighting Product 008
C16554,10295,0.5163517840535566,7,Lighting Product 296
C16554,10047,0.45549010454385086,8,Lighting Product 048
C16554,10028,0.4426263263336181,9,Gifts Product 029
C16554,10195,0.4344714419663928,10,Bags & Accessories Product 196
C16557,10026,0.915293019092925,1,Stationery Product 027
C16557,10021,0.8649343253145704,2,Seasonal Product 022
C16557,10013,0.7564647986033189,3,Seasonal Product 014
C16557,10034,0.7386597298743309,4,Stationery Product 035
C16557,10029,0.7096694015677547,5,Seasonal Product 030
C16557,10028,0.6601420765702745,6,Gifts Product 029
C16557,10005,0.6295878283772061,7,Seasonal Product 006
C16557,10354,0.5372135228833522,8,Stationery Product 355
C16557,10015,0.5214090153930707,9,Lighting Product 016
C16557,10058,0.4984744302202864,10,Stationery Product 059
C16559,10021,0.9146131492732102,1,Seasonal Product 022
C16559,10016,0.8952992682326519,2,Home Decor Product 017
C16559,10015,0.8945153938859511,3,Lighting Product 016
C16559,10038,0.8668315378367455,4,Party Supplies Product 039
C16559,10027,0.8640444661841118,5,Bags & Accessories Product 028
C16559,10035,0.8577646267552088,6,Bags & Accessories Product 036
C16559,10025,0.8417349566646652,7,Kitchenware Product 026
C16559,10034,0.8316746161548564,8,Stationery Product 035
C16559,10028,0.8124879891054867,9,Gifts Product 029
C16559,10002,0.8002295067101945,10,Stationery Product 003
C16561,10027,0.9071416321984517,1,Bags & Accessories Product 028
C16561,10038,0.8813082716295829,2,Party Supplies Product 039
C16561,10035,0.7098100510778173,3,Bags & Accessories Product 036
C16561,10021,0.7085893516160915,4,Seasonal Product 022
C16561,10022,0.6110705626980286,5,Party Supplies Product 023
C16561,10296,0.6070190324661066,6,Home Decor Product 297
C16561,10002,0.6027171486886151,7,Stationery Product 003
C16561,10382,0.5628201179561277,8,Party Supplies Product 383
C16561,10015,0.526423429602513,9,Lighting Product 016
C16561,10013,0.501090105971695,10,Seasonal Product 014
C16562,10027,0.9846721387874489,1,Bags & Accessories Product 028
C16562,10021,0.964140820687212,2,Seasonal Product 022
C16562,10013,0.9389509291481414,3,Seasonal Product 014
C16562,10029,0.9252698458268812,4,Seasonal Product 030
C16562,10005,0.901549303415905,5,Seasonal Product 006
C16562,10035,0.8686348963073336,6,Bags & Accessories Product 036
C16562,10026,0.8604443846563057,7,Stationery Product 027
C16562,10195,0.7623793043543454,8,Bags & Accessories Product 196
C16562,10016,0.7377028750416743,9,Home Decor Product 017
C16562,10219,0.7347896501588876,10,Bags & Accessories Product 220
C16563,10035,0.9663712066728717,1,Bags & Accessories Product 036
C16563,10028,0.9646796638898707,2,Gifts Product 029
C16563,10027,0.9102857772452353,3,Bags & Accessories Product 028
C16563,10021,0.8645005572673062,4,Seasonal Product 022
C16563,10015,0.8321601947011852,5,Lighting Product 016
C16563,10116,0.7929848501807152,6,Gifts Product 117
C16563,10020,0.7561990356874395,7,Gifts Product 021
C16563,10036,0.7541723529657315,8,Gifts Product 037
C16563,10012,0.637939722839015,9,Gifts Product 013
C16563,10179,0.6334503612594876,10,Bags & Accessories Product 180
C16566,10016,0.939996849589898,1,Home Decor Product 017
C16566,10038,0.9022052405863588,2,Party Supplies Product 039
C16566,10022,0.8229031078950231,3,Party Supplies Product 023
C16566,10382,0.8144656758450425,4,Party Supplies Product 383
C16566,10021,0.7978955103080113,5,Seasonal Product 022
C16566,10238,0.7973371490517072,6,Party Supplies Product 239
C16566,10027,0.7279576708594243,7,Bags & Accessories Product 028
C16566,10166,0.6991242781600133,8,Party Supplies Product 167
C16566,10366,0.6594246296639438,9,Party Supplies Product 367
C16566,10086,0.6264648877186231,10,Party Supplies Product 087
C16568,10038,0.9145464147642053,1,Party Supplies Product 039
C16568,10021,0.856603869734331,2,Seasonal Product 022
C16568,10015,0.8017965656383826,3,Lighting Product 016
C16568,10016,0.777126672988492,4,Home Decor Product 017
C16568,10278,0.7201490287818508,5,Party Supplies Product 279
C16568,10022,0.719999226555903,6,Party Supplies Product 023
C16568,10382,0.6657339842100387,7,Party Supplies Product 383
C16568,10166,0.638466311294425,8,Party Supplies Product 167
C16568,10029,0.610732800674211,9,Seasonal Product 030
C16568,10005,0.5729773424309821,10,Seasonal Product 006
C16569,10021,0.7017910763753241,1,Seasonal Product 022
C16569,10038,0.6410877735411468,2,Party Supplies Product 039
C16569,10015,0.6104352734670881,3,Lighting Product 016
C16569,10035,0.6099660426927137,4,Bags & Accessories Product 036
C16569,10028,0.461784160352483,5,Gifts Product 029
C16569,10016,0.4530505709504802,6,Home Decor Product 017
C16569,10013,0.4480181710060531,7,Seasonal Product 014
C16569,10026,0.42134732408780246,8,Stationery Product 027
C16569,10034,0.41980995112941377,9,Stationery Product 035
C16569,10005,0.41846860171054895,10,Seasonal Product 006
C16572,10034,0.9153914729078841,1,Stationery Product 035
C16572,10028,0.9103935717498298,2,Gifts Product 029
C16572,10002,0.8823745493693089,3,Stationery Product 003
C16572,10026,0.872662856300153,4,Stationery Product 027
C16572,10021,0.7562511232411776,5,Seasonal Product 022
C16572,10116,0.7471800484513359,6,Gifts Product 117
C16572,10202,0.7428252397083901,7,Stationery Product 203
C16572,10354,0.7336410939326068,8,Stationery Product 355
C16572,10020,0.7292812647159911,9,Gifts Product 021
C16572,10023,0.6961265124422719,10,Lighting Product 024
C16573,10021,0.7119763054543506,1,Seasonal Product 022
C16573,10028,0.6121824095841447,2,Gifts Product 029
C16573,10034,0.5913822593571076,3,Stationery Product 035
C16573,10027,0.5703684314028947,4,Bags & Accessories Product 028
C16573,10026,0.5490826748393354,5,Stationery Product 027
C16573,10035,0.5437170806522145,6,Bags & Accessories Product 036
C16573,10025,0.5387132915021196,7,Kitchenware Product 026
C16573,10005,0.510335653710474,8,Seasonal Product 006
C16573,10002,0.49161850248290906,9,Stationery Product 003
C16573,10036,0.48810769548233957,10,Gifts Product 037
C16575,10027,0.9385708738888344,1,Bags & Accessories Product 028
C16575,10021,0.8133801260876051,2,Seasonal Product 022
C16575,10028,0.7492756407870218,3,Gifts Product 029
C16575,10015,0.658235212034606,4,Lighting Product 016
C16575,10023,0.6413984925989379,5,Lighting Product 024
C16575,10020,0.6298030968840856,6,Gifts Product 021
C16575,10031,0.612763203675805,7,Lighting Product 032
C16575,10035,0.5824176383695102,8,Bags & Accessories Product 036
C16575,10007,0.5549373838871732,9,Lighting Product 008
C16575,10013,0.5331903659575984,10,Seasonal Product 014
C16576,10021,0.9516002207895727,1,Seasonal Product 022
C16576,10038,0.9297625263921052,2,Party Supplies Product 039
C16576,10013,0.9124878321209582,3,Seasonal Product 014
C16576,10382,0.8545547034502505,4,Party Supplies Product 383
C16576,10022,0.8069183547574237,5,Party Supplies Product 023
C16576,10025,0.75984006325362,6,Kitchenware Product 026
C16576,10101,0.7488128350576495,7,Seasonal Product 102
C16576,10009,0.6958098423551715,8,Kitchenware Product 010
C16576,10005,0.6910253029676723,9,Seasonal Product 006
C16576,10026,0.6577271809460811,10,Stationery Product 027
C16578,10015,0.8541259370247208,1,Lighting Product 016
C16578,10021,0.7373756311245866,2,Seasonal Product 022
C16578,10029,0.5541428041176255,3,Seasonal Product 030
C16578,10013,0.538003335702523,4,Seasonal Product 014
C16578,10025,0.5286375230456951,5,Kitchenware Product 026
C16578,10016,0.5004157693397855,6,Home Decor Product 017
C16578,10005,0.4955579869317459,7,Seasonal Product 006
C16578,10278,0.49333604193995484,8,Party Supplies Product 279
C16578,10028,0.4931341403984117,9,Gifts Product 029
C16578,10007,0.4886272283870721,10,Lighting Product 008
C16579,10015,0.8217717134021669,1,Lighting Product 016
C16579,10016,0.7774949563034317,2,Home Decor Product 017
C16579,10025,0.7457029445627151,3,Kitchenware Product 026
C16579,10034,0.5795499245382487,4,Stationery Product 035
C16579,10026,0.5550904434318541,5,Stationery Product 027
C16579,10012,0.499154577032647,6,Gifts Product 013
C16579,10029,0.49238481618853436,7,Seasonal Product 030
C16579,10035,0.4842270643532159,8,Bags & Accessories Product 036
C16579,10027,0.4841795309444451,9,Bags & Accessories Product 028
C16579,10028,0.4231455332531164,10,Gifts Product 029
C16584,10026,0.8868608263285036,1,Stationery Product 027
C16584,10034,0.8782890158201158,2,Stationery Product 035
C16584,10013,0.8457987592498291,3,Seasonal Product 014
C16584,10028,0.8257405133102507,4,Gifts Product 029
C16584,10021,0.7168201483804718,5,Seasonal Product 022
C16584,10354,0.557969125898095,6,Stationery Product 355
C16584,10015,0.52721285409818,7,Lighting Product 016
C16584,10027,0.5205614562152715,8,Bags & Accessories Product 028
C16584,10035,0.5005014801023101,9,Bags & Accessories Product 036
C16584,10007,0.46796301902704407,10,Lighting Product 008
C16586,10021,0.8907440878886503,1,Seasonal Product 022
C16586,10305,0.6585622041038726,2,Kitchenware Product 306
C16586,10029,0.599568679543871,3,Seasonal Product 030
C16586,10028,0.5473345805492849,4,Gifts Product 029
C16586,10015,0.4555934743570429,5,Lighting Product 016
C16586,10179,0.42798037182041515,6,Bags & Accessories Product 180
C16586,10035,0.4007554648012151,7,Bags & Accessories Product 036
C16586,10016,0.3849708219545163,8,Home Decor Product 017
C16586,10023,0.37756449577457907,9,Lighting Product 024
C16586,10027,0.3526264503395973,10,Bags & Accessories Product 028
C16587,10034,0.8264605091757705,1,Stationery Product 035
C16587,10027,0.8091479550931718,2,Bags & Accessories Product 028
C16587,10035,0.7787589064221895,3,Bags & Accessories Product 036
C16587,10021,0.7734459254032472,4,Seasonal Product 022
C16587,10015,0.6515573715467299,5,Lighting Product 016
C16587,10028,0.5653706566076863,6,Gifts Product 029
C16587,10038,0.5467864777068252,7,Party Supplies Product 039
C16587,10016,0.5107909329981417,8,Home Decor Product 017
C16587,10026,0.4888910012222493,9,Stationery Product 027
C16587,10020,0.4725708699801579,10,Gifts Product 021
C16589,10021,0.7849128598828851,1,Seasonal Product 022
C16589,10038,0.7544117059207923,2,Party Supplies Product 039
C16589,10015,0.6369707729864686,3,Lighting Product 016
C16589,10016,0.6051898172283002,4,Home Decor Product 017
C16589,10028,0.5150393077611699,5,Gifts Product 029
C16589,10025,0.46364971384018605,6,Kitchenware Product 026
C16589,10027,0.4595698672697519,7,Bags & Accessories Product 028
C16589,10034,0.4580934581819549,8,Stationery Product 035
C16589,10007,0.4497882147612213,9,Lighting Product 008
C16589,10026,0.4341149493727712,10,Stationery Product 027
C16591,10013,0.48105644350055343,1,Seasonal Product 014
C16591,10015,0.4759482503863158,2,Lighting Product 016
C16591,10027,0.458639832613862,3,Bags & Accessories Product 028
C16591,10035,0.4490902867718544,4,Bags & Accessories Product 036
C16591,10028,0.44469431533862697,5,Gifts Product 029
C16591,10021,0.43908694612730215,6,Seasonal Product 022
C16591,10020,0.43295654789378013,7,Gifts Product 021
C16591,10005,0.4323723042806615,8,Seasonal Product 006
C16591,10029,0.4248775712061,9,Seasonal Product 030
C16591,10038,0.4224023174673014,10,Party Supplies Product 039
C16593,10028,0.8584296884076171,1,Gifts Product 029
C16593,10025,0.7418955913180825,2,Kitchenware Product 026
C16593,10038,0.7156947959396617,3,Party Supplies Product 039
C16593,10021,0.7033093523363314,4,Seasonal Product 022
C16593,10305,0.5296255604694907,5,Kitchenware Product 306
C16593,10060,0.4728058763620831,6,Gifts Product 061
C16593,10022,0.41988000864798347,7,Party Supplies Product 023
C16593,10035,0.37621594867255853,8,Bags & Accessories Product 036
C16593,10354,0.3737746390626838,9,Stationery Product 355
C16593,10212,0.3652745453702802,10,Gifts Product 213
C16594,10021,0.9457518906965577,1,Seasonal Product 022
C16594,10013,0.8883409821381997,2,Seasonal Product 014
C16594,10038,0.6804494664089753,3,Party Supplies Product 039
C16594,10005,0.6287980957901333,4,Seasonal Product 006
C16594,10015,0.5618950103512134,5,Lighting Product 016
C16594,10228,0.4607460314887612,6,Gifts Product 229
C16594,10029,0.4413130981209425,7,Seasonal Product 030
C16594,10028,0.42531290648755693,8,Gifts Product 029
C16594,10036,0.42352722887980204,9,Gifts Product 037
C16594,10035,0.39736475377645847,10,Bags & Accessories Product 036
C16595,10016,0.9820927522734526,1,Home Decor Product 017
C16595,10038,0.9230956176203552,2,Party Supplies Product 039
C16595,10021,0.6990431227267037,3,Seasonal Product 022
C16595,10368,0.6131488738368183,4,Home Decor Product 369
C16595,10392,0.5730701484516317,5,Home Decor Product 393
C16595,10195,0.547196961823978,6,Bags & Accessories Product 196
C16595,10033,0.531984141904197,7,Kitchenware Product 034
C16595,10015,0.5144111073247349,8,Lighting Product 016
C16595,10193,0.46463688768739575,9,Kitchenware Product 194
C16595,10022,0.4463724340149697,10,Party Supplies Product 023
C16597,10305,0.8497540435042529,1,Kitchenware Product 306
C16597,10038,0.8380557023828976,2,Party Supplies Product 039
C16597,10382,0.7948250090035738,3,Party Supplies Product 383
C16597,10021,0.7910324032308899,4,Seasonal Product 022
C16597,10278,0.7468884731044347,5,Party Supplies Product 279
C16597,10015,0.7227628264398698,6,Lighting Product 016
C16597,10166,0.7026946518049204,7,Party Supplies Product 167
C16597,10033,0.6758580494243182,8,Kitchenware Product 034
C16597,10238,0.6216028284745547,9,Party Supplies Product 239
C16597,10023,0.6101686705300751,10,Lighting Product 024
C16600,10035,0.940450938528594,1,Bags & Accessories Product 036
C16600,10027,0.8898998747182237,2,Bags & Accessories Product 028
C16600,10034,0.8012212507667483,3,Stationery Product 035
C16600,10021,0.7410892354762966,4,Seasonal Product 022
C16600,10003,0.5693572120541975,5,Bags & Accessories Product 004
C16600,10002,0.560727788481625,6,Stationery Product 003
C16600,10015,0.5293325788376533,7,Lighting Product 016
C16600,10219,0.5230812138613913,8,Bags & Accessories Product 220
C16600,10354,0.5226342519638082,9,Stationery Product 355
C16600,10378,0.48326447151634283,10,Stationery Product 379
C16605,10035,0.9145115264945533,1,Bags & Accessories Product 036
C16605,10027,0.8749507906815843,2,Bags & Accessories Product 028
C16605,10028,0.8641068814337564,3,Gifts Product 029
C16605,10036,0.845887392953414,4,Gifts Product 037
C16605,10021,0.7802731901423893,5,Seasonal Product 022
C16605,10020,0.7606031623215983,6,Gifts Product 021
C16605,10116,0.7459792059203666,7,Gifts Product 117
C16605,10012,0.7312874070676945,8,Gifts Product 013
C16605,10013,0.6254414547896123,9,Seasonal Product 014
C16605,10031,0.6237633564208487,10,Lighting Product 032
C16606,10016,0.8606283681905139,1,Home Decor Product 017
C16606,10034,0.6963965332506663,2,Stationery Product 035
C16606,10026,0.5617816086048489,3,Stationery Product 027
C16606,10025,0.5063426759013799,4,Kitchenware Product 026
C16606,10035,0.4852201591800899,5,Bags & Accessories Product 036
C16606,10027,0.47708426544070553,6,Bags & Accessories Product 028
C16606,10028,0.40325523415604975,7,Gifts Product 029
C16606,10360,0.4007742775864128,8,Home Decor Product 361
C16606,10002,0.3996724057741854,9,Stationery Product 003
C16606,10020,0.36742572426148074,10,Gifts Product 021
C16608,10021,0.9146131492732102,1,Seasonal Product 022
C16608,10016,0.8952992682326519,2,Home Decor Product 017
C16608,10015,0.8945153938859511,3,Lighting Product 016
C16608,10038,0.8668315378367455,4,Party Supplies Product 039
C16608,10027,0.8640444661841118,5,Bags & Accessories Product 028
C16608,10035,0.8577646267552088,6,Bags & Accessories Product 036
C16608,10025,0.8417349566646652,7,Kitchenware Product 026
C16608,10034,0.8316746161548564,8,Stationery Product 035
C16608,10028,0.8124879891054867,9,Gifts Product 029
C16608,10002,0.8002295067101945,10,Stationery Product 003
C16615,10015,0.9737106563224701,1,Lighting Product 016
C16615,10021,0.7874702573567806,2,Seasonal Product 022
C16615,10025,0.7608028085040637,3,Kitchenware Product 026
C16615,10007,0.6379068258120314,4,Lighting Product 008
C16615,10047,0.4857164537964043,5,Lighting Product 048
C16615,10028,0.48227430368890245,6,Gifts Product 029
C16615,10016,0.4543999208942922,7,Home Decor Product 017
C16615,10002,0.4445968522760184,8,Stationery Product 003
C16615,10034,0.44447970298519635,9,Stationery Product 035
C16615,10031,0.44015633015465655,10,Lighting Product 032
C16620,10025,0.736973011231384,1,Kitchenware Product 026
C16620,10209,0.707655806854317,2,Kitchenware Product 210
C16620,10153,0.6891514418881483,3,Kitchenware Product 154
C16620,10021,0.6730367826894105,4,Seasonal Product 022
C16620,10009,0.6707554678883544,5,Kitchenware Product 010
C16620,10305,0.6573153136838827,6,Kitchenware Product 306
C16620,10022,0.6194001944582379,7,Party Supplies Product 023
C16620,10015,0.5934020307539707,8,Lighting Product 016
C16620,10278,0.5435662079342717,9,Party Supplies Product 279
C16620,10065,0.5343841539588358,10,Kitchenware Product 066
C16621,10028,0.9576474339650939,1,Gifts Product 029
C16621,10036,0.773392776432914,2,Gifts Product 037
C16621,10021,0.7384399341181132,3,Seasonal Product 022
C16621,10027,0.6596946304172466,4,Bags & Accessories Product 028
C16621,10013,0.6152941676561102,5,Seasonal Product 014
C16621,10015,0.5912729129807588,6,Lighting Product 016
C16621,10038,0.5814863677788269,7,Party Supplies Product 039
C16621,10179,0.5648700445772701,8,Bags & Accessories Product 180
C16621,10212,0.5416879931453189,9,Gifts Product 213
C16621,10005,0.5198641653276235,10,Seasonal Product 006
C16623,10015,0.7732767070124057,1,Lighting Product 016
C16623,10025,0.6971941123506368,2,Kitchenware Product 026
C16623,10021,0.6592753281560175,3,Seasonal Product 022
C16623,10016,0.551660092273201,4,Home Decor Product 017
C16623,10034,0.5352275589202146,5,Stationery Product 035
C16623,10027,0.49758038394642495,6,Bags & Accessories Product 028
C16623,10028,0.49677658499049554,7,Gifts Product 029
C16623,10002,0.48834770854381265,8,Stationery Product 003
C16623,10013,0.4752683196949273,9,Seasonal Product 014
C16623,10029,0.44961587123450186,10,Seasonal Product 030
C16624,10035,0.7335976879429025,1,Bags & Accessories Product 036
C16624,10020,0.5967702052020347,2,Gifts Product 021
C16624,10002,0.5072356174152717,3,Stationery Product 003
C16624,10021,0.49769620175776547,4,Seasonal Product 022
C16624,10015,0.49497517747366193,5,Lighting Product 016
C16624,10354,0.48610717060043984,6,Stationery Product 355
C16624,10038,0.4775001187606193,7,Party Supplies Product 039
C16624,10025,0.4582818703802392,8,Kitchenware Product 026
C16624,10034,0.421723491047721,9,Stationery Product 035
C16624,10026,0.418642983049751,10,Stationery Product 027
C16625,10013,0.898196855724431,1,Seasonal Product 014
C16625,10005,0.8889773595167159,2,Seasonal Product 006
C16625,10025,0.8284925094541145,3,Kitchenware Product 026
C16625,10021,0.7725400048337998,4,Seasonal Product 022
C16625,10305,0.7710527396964932,5,Kitchenware Product 306
C16625,10009,0.7629337456471175,6,Kitchenware Product 010
C16625,10029,0.755554418409576,7,Seasonal Product 030
C16625,10101,0.6853923459141917,8,Seasonal Product 102
C16625,10193,0.6602067952327861,9,Kitchenware Product 194
C16625,10209,0.6488056726242687,10,Kitchenware Product 210
C16626,10021,0.6917856907799299,1,Seasonal Product 022
C16626,10028,0.5626961016004357,2,Gifts Product 029
C16626,10026,0.5424693816528596,3,Stationery Product 027
C16626,10013,0.5423209432296852,4,Seasonal Product 014
C16626,10027,0.5178797072693389,5,Bags & Accessories Product 028
C16626,10015,0.5173581590198973,6,Lighting Product 016
C16626,10007,0.5034909134353572,7,Lighting Product 008
C16626,10034,0.5006019214028723,8,Stationery Product 035
C16626,10038,0.4951289279987851,9,Party Supplies Product 039
C16626,10036,0.4765128556227621,10,Gifts Product 037
C16628,10021,0.9146131492732102,1,Seasonal Product 022
C16628,10016,0.8952992682326519,2,Home Decor Product 017
C16628,10015,0.8945153938859511,3,Lighting Product 016
C16628,10038,0.8668315378367455,4,Party Supplies Product 039
C16628,10027,0.8640444661841118,5,Bags & Accessories Product 028
C16628,10035,0.8577646267552088,6,Bags & Accessories Product 036
C16628,10025,0.8417349566646652,7,Kitchenware Product 026
C16628,10034,0.8316746161548564,8,Stationery Product 035
C16628,10028,0.8124879891054867,9,Gifts Product 029
C16628,10002,0.8002295067101945,10,Stationery Product 003
C16631,10027,0.8721628703304667,1,Bags & Accessories Product 028
C16631,10025,0.8033076440043458,2,Kitchenware Product 026
C16631,10034,0.8008813320204714,3,Stationery Product 035
C16631,10035,0.715570823387909,4,Bags & Accessories Product 036
C16631,10002,0.6184776696512235,5,Stationery Product 003
C16631,10074,0.5025963500437174,6,Stationery Product 075
C16631,10354,0.47251225308883904,7,Stationery Product 355
C16631,10219,0.443729419283016,8,Bags & Accessories Product 220
C16631,10022,0.3951108260805179,9,Party Supplies Product 023
C16631,10026,0.37706072206113767,10,Stationery Product 027
C16634,10021,0.9146131492732102,1,Seasonal Product 022
C16634,10016,0.8952992682326519,2,Home Decor Product 017
C16634,10015,0.8945153938859511,3,Lighting Product 016
C16634,10038,0.8668315378367455,4,Party Supplies Product 039
C16634,10027,0.8640444661841118,5,Bags & Accessories Product 028
C16634,10035,0.8577646267552088,6,Bags & Accessories Product 036
C16634,10025,0.8417349566646652,7,Kitchenware Product 026
C16634,10034,0.8316746161548564,8,Stationery Product 035
C16634,10028,0.8124879891054867,9,Gifts Product 029
C16634,10002,0.8002295067101945,10,Stationery Product 003
C16636,10034,0.8831490989390668,1,Stationery Product 035
C16636,10028,0.8829928739513986,2,Gifts Product 029
C16636,10025,0.8399775168538485,3,Kitchenware Product 026
C16636,10009,0.8035327536993564,4,Kitchenware Product 010
C16636,10305,0.7468551018778539,5,Kitchenware Product 306
C16636,10153,0.6149178796987261,6,Kitchenware Product 154
C16636,10015,0.6028935096402723,7,Lighting Product 016
C16636,10021,0.5341400830750959,8,Seasonal Product 022
C16636,10228,0.5188404092145471,9,Gifts Product 229
C16636,10202,0.47943186561687934,10,Stationery Product 203
C16637,10021,0.7795661364373115,1,Seasonal Product 022
C16637,10026,0.7689734730255199,2,Stationery Product 027
C16637,10028,0.7594581096147699,3,Gifts Product 029
C16637,10036,0.65900214189598,4,Gifts Product 037
C16637,10020,0.6555806882601561,5,Gifts Product 021
C16637,10034,0.6526246184214355,6,Stationery Product 035
C16637,10015,0.6176764396041445,7,Lighting Product 016
C16637,10029,0.6072012855305932,8,Seasonal Product 030
C16637,10005,0.5982151134865054,9,Seasonal Product 006
C16637,10013,0.5760488172933609,10,Seasonal Product 014
C16640,10021,0.9146131492732102,1,Seasonal Product 022
C16640,10016,0.8952992682326519,2,Home Decor Product 017
C16640,10015,0.8945153938859511,3,Lighting Product 016
C16640,10038,0.8668315378367455,4,Party Supplies Product 039
C16640,10027,0.8640444661841118,5,Bags & Accessories Product 028
C16640,10035,0.8577646267552088,6,Bags & Accessories Product 036
C16640,10025,0.8417349566646652,7,Kitchenware Product 026
C16640,10034,0.8316746161548564,8,Stationery Product 035
C16640,10028,0.8124879891054867,9,Gifts Product 029
C16640,10002,0.8002295067101945,10,Stationery Product 003
C16642,10021,0.9146131492732102,1,Seasonal Product 022
C16642,10016,0.8952992682326519,2,Home Decor Product 017
C16642,10015,0.8945153938859511,3,Lighting Product 016
C16642,10038,0.8668315378367455,4,Party Supplies Product 039
C16642,10027,0.8640444661841118,5,Bags & Accessories Product 028
C16642,10035,0.8577646267552088,6,Bags & Accessories Product 036
C16642,10025,0.8417349566646652,7,Kitchenware Product 026
C16642,10034,0.8316746161548564,8,Stationery Product 035
C16642,10028,0.8124879891054867,9,Gifts Product 029
C16642,10002,0.8002295067101945,10,Stationery Product 003
C16643,10028,0.8711467980078051,1,Gifts Product 029
C16643,10036,0.6838629377751378,2,Gifts Product 037
C16643,10020,0.6823934129677235,3,Gifts Product 021
C16643,10027,0.6639462487759911,4,Bags & Accessories Product 028
C16643,10021,0.650914683819966,5,Seasonal Product 022
C16643,10005,0.5923555869812059,6,Seasonal Product 006
C16643,10296,0.5911743315348554,7,Home Decor Product 297
C16643,10015,0.5199006840882952,8,Lighting Product 016
C16643,10368,0.5075933249964208,9,Home Decor Product 369
C16643,10353,0.501657012143283,10,Kitchenware Product 354
C16648,10021,0.8169196718964583,1,Seasonal Product 022
C16648,10015,0.7271825993659264,2,Lighting Product 016
C16648,10025,0.6737749551018515,3,Kitchenware Product 026
C16648,10305,0.655020016025767,4,Kitchenware Product 306
C16648,10016,0.5929366285828971,5,Home Decor Product 017
C16648,10036,0.5108255184845791,6,Gifts Product 037
C16648,10028,0.4913363303722034,7,Gifts Product 029
C16648,10027,0.4723973633046743,8,Bags & Accessories Product 028
C16648,10034,0.42474527755029096,9,Stationery Product 035
C16648,10007,0.4127487080418314,10,Lighting Product 008
C16649,10025,0.7228725857293952,1,Kitchenware Product 026
C16649,10009,0.6468794660182221,2,Kitchenware Product 010
C16649,10021,0.5891524866693175,3,Seasonal Product 022
C16649,10305,0.5745502523345203,4,Kitchenware Product 306
C16649,10015,0.5233901038519846,5,Lighting Product 016
C16649,10193,0.45834537089063077,6,Kitchenware Product 194
C16649,10026,0.4399750615873175,7,Stationery Product 027
C16649,10007,0.4012125394247529,8,Lighting Product 008
C16649,10038,0.39910815608181505,9,Party Supplies Product 039
C16649,10034,0.38663460935466015,10,Stationery Product 035
C16652,10021,0.9146131492732102,1,Seasonal Product 022
C16652,10016,0.8952992682326519,2,Home Decor Product 017
C16652,10015,0.8945153938859511,3,Lighting Product 016
C16652,10038,0.8668315378367455,4,Party Supplies Product 039
C16652,10027,0.8640444661841118,5,Bags & Accessories Product 028
C16652,10035,0.8577646267552088,6,Bags & Accessories Product 036
C16652,10025,0.8417349566646652,7,Kitchenware Product 026
C16652,10034,0.8316746161548564,8,Stationery Product 035
C16652,10028,0.8124879891054867,9,Gifts Product 029
C16652,10002,0.8002295067101945,10,Stationery Product 003
C16654,10016,0.9295835206593087,1,Home Decor Product 017
C16654,10034,0.8948514751597049,2,Stationery Product 035
C16654,10002,0.8430643306606013,3,Stationery Product 003
C16654,10032,0.7259450582501772,4,Home Decor Product 033
C16654,10026,0.7152171486815453,5,Stationery Product 027
C16654,10028,0.6995451068205493,6,Gifts Product 029
C16654,10296,0.69640810142263,7,Home Decor Product 297
C16654,10096,0.6588606515043577,8,Home Decor Product 097
C16654,10005,0.6531803940506066,9,Seasonal Product 006
C16654,10240,0.6308343630313467,10,Home Decor Product 241
C16655,10034,0.8109356333557947,1,Stationery Product 035
C16655,10027,0.7542570784859719,2,Bags & Accessories Product 028
C16655,10021,0.6453135850729157,3,Seasonal Product 022
C16655,10015,0.6281223406779312,4,Lighting Product 016
C16655,10195,0.619447973612945,5,Bags & Accessories Product 196
C16655,10002,0.5957550116821425,6,Stationery Product 003
C16655,10026,0.5776218120525188,7,Stationery Product 027
C16655,10022,0.5051477941672002,8,Party Supplies Product 023
C16655,10028,0.4711149508608718,9,Gifts Product 029
C16655,10382,0.45700015109968123,10,Party Supplies Product 383
C16660,10021,0.934623551782405,1,Seasonal Product 022
C16660,10027,0.722836796619936,2,Bags & Accessories Product 028
C16660,10013,0.6944681955326621,3,Seasonal Product 014
C16660,10038,0.6542774843192724,4,Party Supplies Product 039
C16660,10015,0.6124783977422287,5,Lighting Product 016
C16660,10029,0.6090232654996834,6,Seasonal Product 030
C16660,10382,0.5219373639629445,7,Party Supplies Product 383
C16660,10028,0.5185995152148761,8,Gifts Product 029
C16660,10101,0.5156572224480785,9,Seasonal Product 102
C16660,10025,0.4999902533696655,10,Kitchenware Product 026
C16661,10021,0.9846241700728816,1,Seasonal Product 022
C16661,10035,0.7742255886066348,2,Bags & Accessories Product 036
C16661,10305,0.7403858049457771,3,Kitchenware Product 306
C16661,10015,0.7377479717130655,4,Lighting Product 016
C16661,10029,0.6237892763170289,5,Seasonal Product 030
C16661,10228,0.5700629436346376,6,Gifts Product 229
C16661,10012,0.5618251045838991,7,Gifts Product 013
C16661,10244,0.47568413751877775,8,Gifts Product 245
C16661,10013,0.4747317080606529,9,Seasonal Product 014
C16661,10036,0.4634133166444791,10,Gifts Product 037
C16662,10026,0.7026828086795499,1,Stationery Product 027
C16662,10025,0.6402821765604488,2,Kitchenware Product 026
C16662,10034,0.5906639134251916,3,Stationery Product 035
C16662,10035,0.5176882799570437,4,Bags & Accessories Product 036
C16662,10028,0.5148822030729483,5,Gifts Product 029
C16662,10036,0.5063825579106737,6,Gifts Product 037
C16662,10027,0.4991935828911616,7,Bags & Accessories Product 028
C16662,10013,0.4962661099310476,8,Seasonal Product 014
C16662,10021,0.48724377884203485,9,Seasonal Product 022
C16662,10016,0.4870996641409339,10,Home Decor Product 017
C16666,10021,0.8903288563121143,1,Seasonal Product 022
C16666,10015,0.5523843348054766,2,Lighting Product 016
C16666,10005,0.5057097073056457,3,Seasonal Product 006
C16666,10038,0.43419437693942514,4,Party Supplies Product 039
C16666,10028,0.4068139980633232,5,Gifts Product 029
C16666,10013,0.3966636552073951,6,Seasonal Product 014
C16666,10035,0.39413784799605867,7,Bags & Accessories Product 036
C16666,10016,0.3873402747388757,8,Home Decor Product 017
C16666,10007,0.3822964631394969,9,Lighting Product 008
C16666,10027,0.3707204533330964,10,Bags & Accessories Product 028
C16667,10015,0.9368982544520291,1,Lighting Product 016
C16667,10038,0.9101744869316756,2,Party Supplies Product 039
C16667,10305,0.646037613051573,3,Kitchenware Product 306
C16667,10021,0.5968035900233302,4,Seasonal Product 022
C16667,10007,0.5398286238291197,5,Lighting Product 008
C16667,10153,0.5270001244797496,6,Kitchenware Product 154
C16667,10382,0.49136634393876744,7,Party Supplies Product 383
C16667,10027,0.4360275988124087,8,Bags & Accessories Product 028
C16667,10047,0.42422667224950655,9,Lighting Product 048
C16667,10023,0.42354452348556615,10,Lighting Product 024
C16668,10015,0.8553782673296733,1,Lighting Product 016
C16668,10021,0.6232560192999195,2,Seasonal Product 022
C16668,10007,0.6181364467820912,3,Lighting Product 008
C16668,10016,0.5093616071983351,4,Home Decor Product 017
C16668,10023,0.502905341013556,5,Lighting Product 024
C16668,10028,0.4400247194032033,6,Gifts Product 029
C16668,10027,0.43335845621626323,7,Bags & Accessories Product 028
C16668,10013,0.3986733007611001,8,Seasonal Product 014
C16668,10038,0.37191312711102925,9,Party Supplies Product 039
C16668,10035,0.35342069574206697,10,Bags & Accessories Product 036
C16671,10007,0.8603038586796079,1,Lighting Product 008
C16671,10023,0.8473735169169785,2,Lighting Product 024
C16671,10038,0.8197964812787473,3,Party Supplies Product 039
C16671,10021,0.772026194444342,4,Seasonal Product 022
C16671,10031,0.766378702453482,5,Lighting Product 032
C16671,10015,0.7481976790441723,6,Lighting Product 016
C16671,10035,0.7247732672584777,7,Bags & Accessories Product 036
C16671,10166,0.5585855385631999,8,Party Supplies Product 167
C16671,10022,0.5535200627736465,9,Party Supplies Product 023
C16671,10238,0.529765029448379,10,Party Supplies Product 239
C16672,10021,0.9146131492732102,1,Seasonal Product 022
C16672,10016,0.8952992682326519,2,Home Decor Product 017
C16672,10015,0.8945153938859511,3,Lighting Product 016
C16672,10038,0.8668315378367455,4,Party Supplies Product 039
C16672,10027,0.8640444661841118,5,Bags & Accessories Product 028
C16672,10035,0.8577646267552088,6,Bags & Accessories Product 036
C16672,10025,0.8417349566646652,7,Kitchenware Product 026
C16672,10034,0.8316746161548564,8,Stationery Product 035
C16672,10028,0.8124879891054867,9,Gifts Product 029
C16672,10002,0.8002295067101945,10,Stationery Product 003
C16673,10021,0.9146131492732102,1,Seasonal Product 022
C16673,10016,0.8952992682326519,2,Home Decor Product 017
C16673,10015,0.8945153938859511,3,Lighting Product 016
C16673,10038,0.8668315378367455,4,Party Supplies Product 039
C16673,10027,0.8640444661841118,5,Bags & Accessories Product 028
C16673,10035,0.8577646267552088,6,Bags & Accessories Product 036
C16673,10025,0.8417349566646652,7,Kitchenware Product 026
C16673,10034,0.8316746161548564,8,Stationery Product 035
C16673,10028,0.8124879891054867,9,Gifts Product 029
C16673,10002,0.8002295067101945,10,Stationery Product 003
C16679,10035,0.9820031575722644,1,Bags & Accessories Product 036
C16679,10027,0.9813788175640614,2,Bags & Accessories Product 028
C16679,10021,0.976125098975261,3,Seasonal Product 022
C16679,10013,0.9478099618935492,4,Seasonal Product 014
C16679,10029,0.8861038172814415,5,Seasonal Product 030
C16679,10195,0.771536847109258,6,Bags & Accessories Product 196
C16679,10015,0.7565615690567213,7,Lighting Product 016
C16679,10179,0.7344519653412517,8,Bags & Accessories Product 180
C16679,10007,0.6768053245788047,9,Lighting Product 008
C16679,10363,0.6621075163418612,10,Bags & Accessories Product 364
C16683,10016,0.9088432544554172,1,Home Decor Product 017
C16683,10021,0.7911731836381148,2,Seasonal Product 022
C16683,10034,0.6730193418000809,3,Stationery Product 035
C16683,10013,0.5350195200274573,4,Seasonal Product 014
C16683,10029,0.49573402201961814,5,Seasonal Product 030
C16683,10015,0.4867440225020874,6,Lighting Product 016
C16683,10028,0.4303504252911834,7,Gifts Product 029
C16683,10027,0.42523379861136784,8,Bags & Accessories Product 028
C16683,10296,0.42020498112017074,9,Home Decor Product 297
C16683,10096,0.4079266633250753,10,Home Decor Product 097
C16684,10026,0.9460835217576345,1,Stationery Product 027
C16684,10035,0.902412581473685,2,Bags & Accessories Product 036
C16684,10034,0.895724989999865,3,Stationery Product 035
C16684,10027,0.8873339791823907,4,Bags & Accessories Product 028
C16684,10002,0.7658003726891979,5,Stationery Product 003
C16684,10021,0.7113572929157401,6,Seasonal Product 022
C16684,10202,0.705774121710361,7,Stationery Product 203
C16684,10028,0.6890659841542149,8,Gifts Product 029
C16684,10016,0.6826121940230481,9,Home Decor Product 017
C16684,10354,0.6173486285021497,10,Stationery Product 355
C16686,10021,0.6567836887896554,1,Seasonal Product 022
C16686,10028,0.6507417094441121,2,Gifts Product 029
C16686,10015,0.5841810955409502,3,Lighting Product 016
C16686,10007,0.4213185662510682,4,Lighting Product 008
C16686,10027,0.4185001628426418,5,Bags & Accessories Product 028
C16686,10295,0.3529390040062569,6,Lighting Product 296
C16686,10278,0.3529026006541306,7,Party Supplies Product 279
C16686,10016,0.35056216446039395,8,Home Decor Product 017
C16686,10013,0.34039885908317086,9,Seasonal Product 014
C16686,10022,0.3370981647263793,10,Party Supplies Product 023
C16689,10021,0.6911523664446021,1,Seasonal Product 022
C16689,10015,0.5744271952881481,2,Lighting Product 016
C16689,10027,0.4990749382972818,3,Bags & Accessories Product 028
C16689,10028,0.48201825466830833,4,Gifts Product 029
C16689,10016,0.4630367769421923,5,Home Decor Product 017
C16689,10013,0.45781278030470457,6,Seasonal Product 014
C16689,10034,0.4557812880147017,7,Stationery Product 035
C16689,10026,0.4508790878686323,8,Stationery Product 027
C16689,10035,0.44747202335401143,9,Bags & Accessories Product 036
C16689,10038,0.4342897670383619,10,Party Supplies Product 039
C16691,10028,0.9752338400761461,1,Gifts Product 029
C16691,10036,0.9167826639838572,2,Gifts Product 037
C16691,10016,0.8746234486140524,3,Home Decor Product 017
C16691,10027,0.8020730095918176,4,Bags & Accessories Product 028
C16691,10021,0.7729008514400202,5,Seasonal Product 022
C16691,10020,0.6830457971246392,6,Gifts Product 021
C16691,10012,0.6599032691492663,7,Gifts Product 013
C16691,10116,0.626040025243738,8,Gifts Product 117
C16691,10034,0.6187069146336662,9,Stationery Product 035
C16691,10029,0.6161904677101135,10,Seasonal Product 030
C16692,10035,0.9824281791315403,1,Bags & Accessories Product 036
C16692,10025,0.8997503199408982,2,Kitchenware Product 026
C16692,10027,0.885444914756918,3,Bags & Accessories Product 028
C16692,10028,0.8528082788230562,4,Gifts Product 029
C16692,10021,0.7243050282870858,5,Seasonal Product 022
C16692,10015,0.6866932810517308,6,Lighting Product 016
C16692,10013,0.6633120350064694,7,Seasonal Product 014
C16692,10153,0.6278567288137687,8,Kitchenware Product 154
C16692,10029,0.5927623615092892,9,Seasonal Product 030
C16692,10169,0.5853213826200924,10,Kitchenware Product 170
C16693,10026,0.8501511623752246,1,Stationery Product 027
C16693,10034,0.8008001556430766,2,Stationery Product 035
C16693,10015,0.7594324039617317,3,Lighting Product 016
C16693,10023,0.6211929392354568,4,Lighting Product 024
C16693,10021,0.5938241051668799,5,Seasonal Product 022
C16693,10002,0.5355940271648691,6,Stationery Product 003
C16693,10009,0.5085487217423731,7,Kitchenware Product 010
C16693,10025,0.48834748538231915,8,Kitchenware Product 026
C16693,10305,0.4774542982266356,9,Kitchenware Product 306
C16693,10020,0.438234203904743,10,Gifts Product 021
C16695,10028,0.8640237372900905,1,Gifts Product 029
C16695,10034,0.745359931517936,2,Stationery Product 035
C16695,10016,0.7214465757378297,3,Home Decor Product 017
C16695,10026,0.7121916382402238,4,Stationery Product 027
C16695,10021,0.7010869307601536,5,Seasonal Product 022
C16695,10020,0.6217965658236851,6,Gifts Product 021
C16695,10002,0.6155351430567302,7,Stationery Product 003
C16695,10015,0.547415368736368,8,Lighting Product 016
C16695,10031,0.5210939000606025,9,Lighting Product 032
C16695,10029,0.47727530118798966,10,Seasonal Product 030
C16696,10038,0.7561866902192523,1,Party Supplies Product 039
C16696,10028,0.7378002184723138,2,Gifts Product 029
C16696,10021,0.696244448009063,3,Seasonal Product 022
C16696,10015,0.6659877427567775,4,Lighting Product 016
C16696,10020,0.6224124097086443,5,Gifts Product 021
C16696,10036,0.610021890558392,6,Gifts Product 037
C16696,10029,0.5859838928014,7,Seasonal Product 030
C16696,10013,0.5687433030530689,8,Seasonal Product 014
C16696,10005,0.5302356859967365,9,Seasonal Product 006
C16696,10382,0.48990037159065897,10,Party Supplies Product 383
C16697,10028,0.8717621044656994,1,Gifts Product 029
C16697,10035,0.8412200763862917,2,Bags & Accessories Product 036
C16697,10027,0.8374489665322359,3,Bags & Accessories Product 028
C16697,10015,0.6902172986387645,4,Lighting Product 016
C16697,10021,0.6005209129298585,5,Seasonal Product 022
C16697,10009,0.5994787981436942,6,Kitchenware Product 010
C16697,10002,0.504864624476366,7,Stationery Product 003
C16697,10023,0.4942556153577497,8,Lighting Product 024
C16697,10219,0.4280878459642781,9,Bags & Accessories Product 220
C16697,10036,0.4177727980672136,10,Gifts Product 037
C16698,10015,0.8176283388209898,1,Lighting Product 016
C16698,10021,0.7265191347276941,2,Seasonal Product 022
C16698,10359,0.5116570820405658,3,Lighting Product 360
C16698,10055,0.49225875631349586,4,Lighting Product 056
C16698,10295,0.4878772201782018,5,Lighting Product 296
C16698,10016,0.47542274020077446,6,Home Decor Product 017
C16698,10031,0.45423740832105125,7,Lighting Product 032
C16698,10047,0.4422378213468027,8,Lighting Product 048
C16698,10023,0.4180772709118907,9,Lighting Product 024
C16698,10028,0.4093544179349218,10,Gifts Product 029
C16699,10035,0.8990980858604659,1,Bags & Accessories Product 036
C16699,10026,0.7025264833305297,2,Stationery Product 027
C16699,10021,0.6708223440214185,3,Seasonal Product 022
C16699,10013,0.6652902743489565,4,Seasonal Product 014
C16699,10015,0.6625314235027848,5,Lighting Product 016
C16699,10028,0.577053798396342,6,Gifts Product 029
C16699,10211,0.5374667787561277,7,Bags & Accessories Product 212
C16699,10366,0.4931404205168903,8,Party Supplies Product 367
C16699,10115,0.4733432172446718,9,Bags & Accessories Product 116
C16699,10027,0.4652924102931449,10,Bags & Accessories Product 028
C16703,10021,0.9146131492732102,1,Seasonal Product 022
C16703,10016,0.8952992682326519,2,Home Decor Product 017
C16703,10015,0.8945153938859511,3,Lighting Product 016
C16703,10038,0.8668315378367455,4,Party Supplies Product 039
C16703,10027,0.8640444661841118,5,Bags & Accessories Product 028
C16703,10035,0.8577646267552088,6,Bags & Accessories Product 036
C16703,10025,0.8417349566646652,7,Kitchenware Product 026
C16703,10034,0.8316746161548564,8,Stationery Product 035
C16703,10028,0.8124879891054867,9,Gifts Product 029
C16703,10002,0.8002295067101945,10,Stationery Product 003
C16704,10035,0.8742810649119176,1,Bags & Accessories Product 036
C16704,10027,0.7974959083180254,2,Bags & Accessories Product 028
C16704,10028,0.7885250543216271,3,Gifts Product 029
C16704,10021,0.7021931207002203,4,Seasonal Product 022
C16704,10012,0.6526730913027492,5,Gifts Product 013
C16704,10036,0.6308263449163622,6,Gifts Product 037
C16704,10179,0.6251346442031219,7,Bags & Accessories Product 180
C16704,10219,0.6190335143693037,8,Bags & Accessories Product 220
C16704,10015,0.5420508855746342,9,Lighting Product 016
C16704,10195,0.527172775860332,10,Bags & Accessories Product 196
C16708,10021,0.8994658213188078,1,Seasonal Product 022
C16708,10015,0.7691460763237956,2,Lighting Product 016
C16708,10034,0.7508273087069607,3,Stationery Product 035
C16708,10013,0.6952097121259405,4,Seasonal Product 014
C16708,10028,0.6154287186546706,5,Gifts Product 029
C16708,10029,0.5627643160245911,6,Seasonal Product 030
C16708,10005,0.5596119695327634,7,Seasonal Product 006
C16708,10038,0.5509304193550314,8,Party Supplies Product 039
C16708,10007,0.5444404612411486,9,Lighting Product 008
C16708,10027,0.5403612568574105,10,Bags & Accessories Product 028
C16709,10021,0.7035160263753389,1,Seasonal Product 022
C16709,10034,0.6564047931400129,2,Stationery Product 035
C16709,10035,0.6298157636094652,3,Bags & Accessories Product 036
C16709,10015,0.568220682626937,4,Lighting Product 016
C16709,10005,0.5479327644755704,5,Seasonal Product 006
C16709,10013,0.47015653514553823,6,Seasonal Product 014
C16709,10028,0.4177123620664691,7,Gifts Product 029
C16709,10016,0.4139226617004912,8,Home Decor Product 017
C16709,10038,0.39756042128668334,9,Party Supplies Product 039
C16709,10007,0.3886017855707271,10,Lighting Product 008
C16712,10035,0.965143824282638,1,Bags & Accessories Product 036
C16712,10027,0.9530812063401036,2,Bags & Accessories Product 028
C16712,10025,0.8994043536393164,3,Kitchenware Product 026
C16712,10021,0.884759422372895,4,Seasonal Product 022
C16712,10015,0.76049009258239,5,Lighting Product 016
C16712,10179,0.7306551040636565,6,Bags & Accessories Product 180
C16712,10195,0.7261787705570105,7,Bags & Accessories Product 196
C16712,10395,0.7134659406902873,8,Bags & Accessories Product 396
C16712,10153,0.682537785537423,9,Kitchenware Product 154
C16712,10307,0.6729451067240351,10,Bags & Accessories Product 308
C16717,10028,0.9819745781552279,1,Gifts Product 029
C16717,10013,0.9796672767956475,2,Seasonal Product 014
C16717,10005,0.9596906933779144,3,Seasonal Product 006
C16717,10020,0.9421946800057507,4,Gifts Product 021
C16717,10012,0.9381461199612509,5,Gifts Product 013
C16717,10021,0.8540033943410553,6,Seasonal Product 022
C16717,10060,0.8477907841737607,7,Gifts Product 061
C16717,10228,0.8295359810257885,8,Gifts Product 229
C16717,10036,0.8123811108790733,9,Gifts Product 037
C16717,10156,0.7684225711880031,10,Gifts Product 157
C16721,10021,0.9193872044480215,1,Seasonal Product 022
C16721,10016,0.84114157454171,2,Home Decor Product 017
C16721,10005,0.7234319137503767,3,Seasonal Product 006
C16721,10015,0.6573111534554716,4,Lighting Product 016
C16721,10029,0.6454106853927254,5,Seasonal Product 030
C16721,10028,0.5202745808042523,6,Gifts Product 029
C16721,10244,0.5053040464493292,7,Gifts Product 245
C16721,10013,0.495773901969483,8,Seasonal Product 014
C16721,10036,0.49047731242317144,9,Gifts Product 037
C16721,10027,0.4721678796582191,10,Bags & Accessories Product 028
C16722,10027,0.7216808484602933,1,Bags & Accessories Product 028
C16722,10021,0.6118866588547826,2,Seasonal Product 022
C16722,10028,0.5064059828797127,3,Gifts Product 029
C16722,10016,0.5054695955610755,4,Home Decor Product 017
C16722,10034,0.5016943873127921,5,Stationery Product 035
C16722,10035,0.4837522150259238,6,Bags & Accessories Product 036
C16722,10026,0.44403926584196524,7,Stationery Product 027
C16722,10025,0.4150553590726797,8,Kitchenware Product 026
C16722,10015,0.39917793140478286,9,Lighting Product 016
C16722,10219,0.37624189781441775,10,Bags & Accessories Product 220
C16724,10036,0.6501216225963129,1,Gifts Product 037
C16724,10025,0.6153592154963698,2,Kitchenware Product 026
C16724,10029,0.6009719252383716,3,Seasonal Product 030
C16724,10035,0.5935534263308787,4,Bags & Accessories Product 036
C16724,10305,0.588778416568681,5,Kitchenware Product 306
C16724,10005,0.5872589392996294,6,Seasonal Product 006
C16724,10038,0.578706329011296,7,Party Supplies Product 039
C16724,10013,0.5718293843771091,8,Seasonal Product 014
C16724,10007,0.5711007558118052,9,Lighting Product 008
C16724,10027,0.5572130006063803,10,Bags & Accessories Product 028
C16726,10021,0.9315296940514888,1,Seasonal Product 022
C16726,10013,0.8905060198146234,2,Seasonal Product 014
C16726,10028,0.8589937284027578,3,Gifts Product 029
C16726,10036,0.6704966481650549,4,Gifts Product 037
C16726,10005,0.6647482085057873,5,Seasonal Product 006
C16726,10026,0.6359338586511682,6,Stationery Product 027
C16726,10101,0.605636024703684,7,Seasonal Product 102
C16726,10016,0.5796629636314489,8,Home Decor Product 017
C16726,10015,0.5570649798226751,9,Lighting Product 016
C16726,10007,0.5122173724569458,10,Lighting Product 008
C16728,10015,0.7529082262899114,1,Lighting Product 016
C16728,10021,0.6268319336494851,2,Seasonal Product 022
C16728,10028,0.5836562317158719,3,Gifts Product 029
C16728,10016,0.5834618479750479,4,Home Decor Product 017
C16728,10005,0.5061445445853617,5,Seasonal Product 006
C16728,10020,0.4696778866409076,6,Gifts Product 021
C16728,10027,0.46074915849817444,7,Bags & Accessories Product 028
C16728,10029,0.44208436315102984,8,Seasonal Product 030
C16728,10007,0.4406859630797453,9,Lighting Product 008
C16728,10013,0.4276604748807889,10,Seasonal Product 014
C16730,10025,0.7454897866852006,1,Kitchenware Product 026
C16730,10021,0.6334022075043705,2,Seasonal Product 022
C16730,10305,0.6099527994478214,3,Kitchenware Product 306
C16730,10029,0.41815230863727326,4,Seasonal Product 030
C16730,10026,0.38829103525726,5,Stationery Product 027
C16730,10002,0.3211053430284741,6,Stationery Product 003
C16730,10036,0.3147189138396249,7,Gifts Product 037
C16730,10209,0.3045528326930743,8,Kitchenware Product 210
C16730,10394,0.30018272930218565,9,Stationery Product 395
C16730,10354,0.2915014449961017,10,Stationery Product 355
C16731,10305,0.6455861341654493,1,Kitchenware Product 306
C16731,10015,0.5938904639915606,2,Lighting Product 016
C16731,10021,0.5796069473193881,3,Seasonal Product 022
C16731,10013,0.5751323845328913,4,Seasonal Product 014
C16731,10038,0.4974540359073048,5,Party Supplies Product 039
C16731,10005,0.4969659948737749,6,Seasonal Product 006
C16731,10028,0.49179819335007047,7,Gifts Product 029
C16731,10035,0.49106104676774237,8,Bags & Accessories Product 036
C16731,10007,0.47234298953055137,9,Lighting Product 008
C16731,10027,0.46453642670871054,10,Bags & Accessories Product 028
C16733,10015,0.9163788981329636,1,Lighting Product 016
C16733,10021,0.8905479591765412,2,Seasonal Product 022
C16733,10028,0.8265053666199867,3,Gifts Product 029
C16733,10034,0.6879122354583949,4,Stationery Product 035
C16733,10023,0.6719986499752479,5,Lighting Product 024
C16733,10005,0.5815262496021044,6,Seasonal Product 006
C16733,10007,0.5690285932855106,7,Lighting Product 008
C16733,10036,0.5378288331614399,8,Gifts Product 037
C16733,10101,0.5260787285405476,9,Seasonal Product 102
C16733,10031,0.5183321909526902,10,Lighting Product 032
C16734,10028,0.8947890919730442,1,Gifts Product 029
C16734,10021,0.8641057116777432,2,Seasonal Product 022
C16734,10015,0.7092521270830097,3,Lighting Product 016
C16734,10013,0.6142908721190582,4,Seasonal Product 014
C16734,10032,0.6127966526046975,5,Home Decor Product 033
C16734,10022,0.5652435224018514,6,Party Supplies Product 023
C16734,10036,0.5519767860834291,7,Gifts Product 037
C16734,10002,0.502546110056332,8,Stationery Product 003
C16734,10016,0.43716264583394643,9,Home Decor Product 017
C16734,10354,0.4369209530730704,10,Stationery Product 355
C16735,10009,0.9536507707088269,1,Kitchenware Product 010
C16735,10023,0.9216618212021737,2,Lighting Product 024
C16735,10305,0.9142308114604002,3,Kitchenware Product 306
C16735,10025,0.9098624291973003,4,Kitchenware Product 026
C16735,10007,0.8954333618417021,5,Lighting Product 008
C16735,10209,0.8690059537266909,6,Kitchenware Product 210
C16735,10015,0.8226574690051633,7,Lighting Product 016
C16735,10021,0.8179169288345793,8,Seasonal Product 022
C16735,10035,0.8146350804327994,9,Bags & Accessories Product 036
C16735,10033,0.7987375047267112,10,Kitchenware Product 034
C16736,10021,0.7871828255145265,1,Seasonal Product 022
C16736,10028,0.749138574935957,2,Gifts Product 029
C16736,10036,0.691579680702363,3,Gifts Product 037
C16736,10382,0.6400683874445681,4,Party Supplies Product 383
C16736,10020,0.6376134961454286,5,Gifts Product 021
C16736,10238,0.631107319052294,6,Party Supplies Product 239
C16736,10015,0.6247166186830175,7,Lighting Product 016
C16736,10116,0.5976114846368903,8,Gifts Product 117
C16736,10060,0.5508882075086874,9,Gifts Product 061
C16736,10228,0.5265852301840593,10,Gifts Product 229
C16737,10016,0.7178980399552684,1,Home Decor Product 017
C16737,10027,0.442959341947814,2,Bags & Accessories Product 028
C16737,10025,0.43861304529187284,3,Kitchenware Product 026
C16737,10021,0.4320842581911391,4,Seasonal Product 022
C16737,10035,0.4274872965467498,5,Bags & Accessories Product 036
C16737,10015,0.4220578561633307,6,Lighting Product 016
C16737,10029,0.40729955962621994,7,Seasonal Product 030
C16737,10034,0.3999891057702309,8,Stationery Product 035
C16737,10026,0.398560196385422,9,Stationery Product 027
C16737,10028,0.39125082033774317,10,Gifts Product 029
C16738,10034,0.8806350830984429,1,Stationery Product 035
C16738,10021,0.8105722887201783,2,Seasonal Product 022
C16738,10002,0.8024421134320754,3,Stationery Product 003
C16738,10013,0.77752698171991,4,Seasonal Product 014
C16738,10354,0.774895046398349,5,Stationery Product 355
C16738,10022,0.7572629458027766,6,Party Supplies Product 023
C16738,10026,0.7567338702354193,7,Stationery Product 027
C16738,10025,0.716802096534899,8,Kitchenware Product 026
C16738,10278,0.69632115870916,9,Party Supplies Product 279
C16738,10015,0.6682272008941891,10,Lighting Product 016
C16739,10025,0.7104633327307535,1,Kitchenware Product 026
C16739,10020,0.6491114870048171,2,Gifts Product 021
C16739,10007,0.5948474681431819,3,Lighting Product 008
C16739,10382,0.4787772620899139,4,Party Supplies Product 383
C16739,10028,0.4576872816878526,5,Gifts Product 029
C16739,10012,0.4559626203796889,6,Gifts Product 013
C16739,10021,0.4447696249206652,7,Seasonal Product 022
C16739,10027,0.4353337395778763,8,Bags & Accessories Product 028
C16739,10035,0.43312176278705966,9,Bags & Accessories Product 036
C16739,10034,0.426480922020922,10,Stationery Product 035
C16740,10021,0.7176582343313153,1,Seasonal Product 022
C16740,10016,0.691971560720038,2,Home Decor Product 017
C16740,10015,0.646550879972431,3,Lighting Product 016
C16740,10007,0.536373821312961,4,Lighting Product 008
C16740,10028,0.46258111398160423,5,Gifts Product 029
C16740,10034,0.4535537433056583,6,Stationery Product 035
C16740,10026,0.4355056817462025,7,Stationery Product 027
C16740,10020,0.426505144750919,8,Gifts Product 021
C16740,10025,0.42262932699787004,9,Kitchenware Product 026
C16740,10027,0.42091478608074767,10,Bags & Accessories Product 028
C16743,10034,0.7645242685566518,1,Stationery Product 035
C16743,10026,0.6986408395638576,2,Stationery Product 027
C16743,10021,0.615048717950831,3,Seasonal Product 022
C16743,10025,0.4388398401981277,4,Kitchenware Product 026
C16743,10394,0.3867492239165119,5,Stationery Product 395
C16743,10005,0.3836951699672572,6,Seasonal Product 006
C16743,10029,0.36406532496258065,7,Seasonal Product 030
C16743,10035,0.36274889665288784,8,Bags & Accessories Product 036
C16743,10023,0.3587726576220412,9,Lighting Product 024
C16743,10036,0.35801761062602344,10,Gifts Product 037
C16744,10038,0.718365575119298,1,Party Supplies Product 039
C16744,10013,0.5890931240216947,2,Seasonal Product 014
C16744,10021,0.5466405189976208,3,Seasonal Product 022
C16744,10028,0.5412308165484906,4,Gifts Product 029
C16744,10278,0.45837642894193,5,Party Supplies Product 279
C16744,10015,0.456745050339691,6,Lighting Product 016
C16744,10016,0.40943202746419183,7,Home Decor Product 017
C16744,10029,0.4017976707669925,8,Seasonal Product 030
C16744,10025,0.401010789712621,9,Kitchenware Product 026
C16744,10022,0.39128749467309965,10,Party Supplies Product 023
C16745,10028,0.9573692501912764,1,Gifts Product 029
C16745,10025,0.9459104846132035,2,Kitchenware Product 026
C16745,10020,0.8846509734171758,3,Gifts Product 021
C16745,10015,0.8774933352246213,4,Lighting Product 016
C16745,10116,0.8638565500905055,5,Gifts Product 117
C16745,10033,0.8282824085382534,6,Kitchenware Product 034
C16745,10193,0.824036169398147,7,Kitchenware Product 194
C16745,10009,0.819423069515377,8,Kitchenware Product 010
C16745,10016,0.8078484236688367,9,Home Decor Product 017
C16745,10035,0.7879846664375342,10,Bags & Accessories Product 036
C16746,10025,0.6093657965194834,1,Kitchenware Product 026
C16746,10015,0.5287263404115143,2,Lighting Product 016
C16746,10023,0.5062524786556927,3,Lighting Product 024
C16746,10009,0.4423869534846614,4,Kitchenware Product 010
C16746,10305,0.434107721442474,5,Kitchenware Product 306
C16746,10021,0.4237412716597923,6,Seasonal Product 022
C16746,10036,0.3964186779664582,7,Gifts Product 037
C16746,10002,0.39459618138607905,8,Stationery Product 003
C16746,10022,0.36476182259766166,9,Party Supplies Product 023
C16746,10020,0.3611162138581627,10,Gifts Product 021
C16747,10025,0.7894746697517617,1,Kitchenware Product 026
C16747,10035,0.7569990053390626,2,Bags & Accessories Product 036
C16747,10020,0.5954634597858237,3,Gifts Product 021
C16747,10034,0.5707945107812945,4,Stationery Product 035
C16747,10026,0.5558697380774329,5,Stationery Product 027
C16747,10305,0.47446493696235215,6,Kitchenware Product 306
C16747,10002,0.4568724038914739,7,Stationery Product 003
C16747,10027,0.4514514437778403,8,Bags & Accessories Product 028
C16747,10016,0.44870254111441693,9,Home Decor Product 017
C16747,10065,0.43032578526613957,10,Kitchenware Product 066
C16749,10026,0.83969571730951,1,Stationery Product 027
C16749,10038,0.7978220144725509,2,Party Supplies Product 039
C16749,10034,0.7457429382112111,3,Stationery Product 035
C16749,10021,0.6692370742124826,4,Seasonal Product 022
C16749,10025,0.6673331912803304,5,Kitchenware Product 026
C16749,10016,0.6377311963533362,6,Home Decor Product 017
C16749,10278,0.6324358591183504,7,Party Supplies Product 279
C16749,10035,0.5035202223195566,8,Bags & Accessories Product 036
C16749,10116,0.5012148734805146,9,Gifts Product 117
C16749,10005,0.4846665918707971,10,Seasonal Product 006
C16750,10025,0.7663294330529163,1,Kitchenware Product 026
C16750,10021,0.6733005528384055,2,Seasonal Product 022
C16750,10009,0.6311640943026522,3,Kitchenware Product 010
C16750,10015,0.5708383207781428,4,Lighting Product 016
C16750,10023,0.5230967314952594,5,Lighting Product 024
C16750,10169,0.5038953720088678,6,Kitchenware Product 170
C16750,10278,0.48425886348805247,7,Party Supplies Product 279
C16750,10033,0.4789031462116378,8,Kitchenware Product 034
C16750,10028,0.474086918873185,9,Gifts Product 029
C16750,10337,0.44953186656412614,10,Kitchenware Product 338
C16752,10021,0.8525931872802617,1,Seasonal Product 022
C16752,10035,0.7173898930396553,2,Bags & Accessories Product 036
C16752,10013,0.6718046946566787,3,Seasonal Product 014
C16752,10025,0.6702903231502962,4,Kitchenware Product 026
C16752,10028,0.5978530319498917,5,Gifts Product 029
C16752,10005,0.5836240278171174,6,Seasonal Product 006
C16752,10015,0.5399034060634588,7,Lighting Product 016
C16752,10002,0.4808473326732716,8,Stationery Product 003
C16752,10029,0.47209825674037953,9,Seasonal Product 030
C16752,10027,0.45789426602801264,10,Bags & Accessories Product 028
C16756,10035,0.5507631144971145,1,Bags & Accessories Product 036
C16756,10036,0.5405783478758097,2,Gifts Product 037
C16756,10007,0.5267312906276023,3,Lighting Product 008
C16756,10025,0.5185869281660406,4,Kitchenware Product 026
C16756,10023,0.5140687177853397,5,Lighting Product 024
C16756,10027,0.5113094508876421,6,Bags & Accessories Product 028
C16756,10026,0.5063192975261931,7,Stationery Product 027
C16756,10005,0.501924091251722,8,Seasonal Product 006
C16756,10029,0.5018790101029253,9,Seasonal Product 030
C16756,10013,0.4984968647391123,10,Seasonal Product 014
C16757,10038,0.7916948426819095,1,Party Supplies Product 039
C16757,10025,0.6684494392708773,2,Kitchenware Product 026
C16757,10028,0.6658358655574624,3,Gifts Product 029
C16757,10021,0.5427894064376462,4,Seasonal Product 022
C16757,10036,0.5189648536262343,5,Gifts Product 037
C16757,10238,0.5146850436926917,6,Party Supplies Product 239
C16757,10027,0.4790078415705225,7,Bags & Accessories Product 028
C16757,10035,0.4654868973283886,8,Bags & Accessories Product 036
C16757,10034,0.4644082196838848,9,Stationery Product 035
C16757,10032,0.4628531444388245,10,Home Decor Product 033
C16759,10027,0.9656981429671241,1,Bags & Accessories Product 028
C16759,10305,0.9471344138543994,2,Kitchenware Product 306
C16759,10009,0.9409041471918778,3,Kitchenware Product 010
C16759,10025,0.9396311923911685,4,Kitchenware Product 026
C16759,10035,0.8928304057360786,5,Bags & Accessories Product 036
C16759,10028,0.8447730434618634,6,Gifts Product 029
C16759,10153,0.7585309777588447,7,Kitchenware Product 154
C16759,10016,0.7548549035868807,8,Home Decor Product 017
C16759,10033,0.737874093315994,9,Kitchenware Product 034
C16759,10209,0.7323253079021965,10,Kitchenware Product 210
C16761,10028,0.9819585170245592,1,Gifts Product 029
C16761,10026,0.9728005452310561,2,Stationery Product 027
C16761,10036,0.849951582370812,3,Gifts Product 037
C16761,10016,0.7825569547579514,4,Home Decor Product 017
C16761,10354,0.7727916098601934,5,Stationery Product 355
C16761,10027,0.76343406433504,6,Bags & Accessories Product 028
C16761,10021,0.7570055928933065,7,Seasonal Product 022
C16761,10116,0.737312134971653,8,Gifts Product 117
C16761,10004,0.7372837832907347,9,Gifts Product 005
C16761,10002,0.7101147626839265,10,Stationery Product 003
C16762,10035,0.9333978826300773,1,Bags & Accessories Product 036
C16762,10027,0.8349173753739425,2,Bags & Accessories Product 028
C16762,10015,0.7663737077935492,3,Lighting Product 016
C16762,10021,0.6585285715732278,4,Seasonal Product 022
C16762,10179,0.6027538964486691,5,Bags & Accessories Product 180
C16762,10026,0.555843319264215,6,Stationery Product 027
C16762,10195,0.5381420348783275,7,Bags & Accessories Product 196
C16762,10368,0.5197694705637008,8,Home Decor Product 369
C16762,10023,0.4827065111300496,9,Lighting Product 024
C16762,10005,0.45826577661175527,10,Seasonal Product 006
C16763,10025,0.8624245121130618,1,Kitchenware Product 026
C16763,10009,0.8017980683547863,2,Kitchenware Product 010
C16763,10305,0.7941439509070108,3,Kitchenware Product 306
C16763,10016,0.7012089303617864,4,Home Decor Product 017
C16763,10193,0.6786636373092239,5,Kitchenware Product 194
C16763,10153,0.6509245055858581,6,Kitchenware Product 154
C16763,10032,0.6451624890531559,7,Home Decor Product 033
C16763,10005,0.6310438222361037,8,Seasonal Product 006
C16763,10021,0.6255402815555619,9,Seasonal Product 022
C16763,10169,0.5906441029291609,10,Kitchenware Product 170
C16765,10013,0.8026195506738047,1,Seasonal Product 014
C16765,10028,0.7657133070812798,2,Gifts Product 029
C16765,10027,0.6876732564986241,3,Bags & Accessories Product 028
C16765,10015,0.6669894287357215,4,Lighting Product 016
C16765,10021,0.6666810616623361,5,Seasonal Product 022
C16765,10025,0.48798553046392945,6,Kitchenware Product 026
C16765,10295,0.47608354717012086,7,Lighting Product 296
C16765,10002,0.45403792178764785,8,Stationery Product 003
C16765,10036,0.4506823961873457,9,Gifts Product 037
C16765,10029,0.43962183629724383,10,Seasonal Product 030
C16766,10021,0.9792114550280894,1,Seasonal Product 022
C16766,10015,0.926868031651157,2,Lighting Product 016
C16766,10013,0.917651436000859,3,Seasonal Product 014
C16766,10007,0.6412002366587298,4,Lighting Product 008
C16766,10036,0.5684701913547274,5,Gifts Product 037
C16766,10023,0.5592642227530356,6,Lighting Product 024
C16766,10005,0.5429055071554456,7,Seasonal Product 006
C16766,10031,0.531862249968794,8,Lighting Product 032
C16766,10029,0.5312077928800453,9,Seasonal Product 030
C16766,10035,0.5081102051916475,10,Bags & Accessories Product 036
C16772,10015,0.9334827821446113,1,Lighting Product 016
C16772,10027,0.8745691527516537,2,Bags & Accessories Product 028
C16772,10035,0.8667353871876501,3,Bags & Accessories Product 036
C16772,10026,0.668678115225224,4,Stationery Product 027
C16772,10023,0.6533923326987062,5,Lighting Product 024
C16772,10021,0.6434119098113107,6,Seasonal Product 022
C16772,10034,0.580734011571006,7,Stationery Product 035
C16772,10009,0.5773685621232484,8,Kitchenware Product 010
C16772,10195,0.5454883716200243,9,Bags & Accessories Product 196
C16772,10179,0.5038236736430054,10,Bags & Accessories Product 180
C16773,10025,0.7374675180115965,1,Kitchenware Product 026
C16773,10382,0.6813056958846573,2,Party Supplies Product 383
C16773,10013,0.6315830556696095,3,Seasonal Product 014
C16773,10009,0.5969110749343177,4,Kitchenware Product 010
C16773,10033,0.5917120033337241,5,Kitchenware Product 034
C16773,10038,0.555392665080711,6,Party Supplies Product 039
C16773,10209,0.5523035793954229,7,Kitchenware Product 210
C16773,10305,0.5318983490486023,8,Kitchenware Product 306
C16773,10035,0.5187988682906893,9,Bags & Accessories Product 036
C16773,10065,0.512120327240375,10,Kitchenware Product 066
C16774,10015,0.6916930751437181,1,Lighting Product 016
C16774,10021,0.650641153149298,2,Seasonal Product 022
C16774,10025,0.5810161643758058,3,Kitchenware Product 026
C16774,10013,0.48039697904657913,4,Seasonal Product 014
C16774,10016,0.48005266961923665,5,Home Decor Product 017
C16774,10295,0.461050446979305,6,Lighting Product 296
C16774,10028,0.4574001707230218,7,Gifts Product 029
C16774,10027,0.4484296272084839,8,Bags & Accessories Product 028
C16774,10007,0.445560346769982,9,Lighting Product 008
C16774,10228,0.4396018665187416,10,Gifts Product 229
C16775,10021,0.9698328414452425,1,Seasonal Product 022
C16775,10028,0.8006811832362674,2,Gifts Product 029
C16775,10005,0.7217619456406476,3,Seasonal Product 006
C16775,10029,0.7207419888860107,4,Seasonal Product 030
C16775,10036,0.5744465141858773,5,Gifts Product 037
C16775,10156,0.5119117961278903,6,Gifts Product 157
C16775,10220,0.4902668895394347,7,Gifts Product 221
C16775,10015,0.48798171886865266,8,Lighting Product 016
C16775,10228,0.45088369810579015,9,Gifts Product 229
C16775,10211,0.4402484953825213,10,Bags & Accessories Product 212
C16778,10015,0.6105666304056008,1,Lighting Product 016
C16778,10016,0.5623151978072103,2,Home Decor Product 017
C16778,10027,0.5278440358118105,3,Bags & Accessories Product 028
C16778,10034,0.5070008631643085,4,Stationery Product 035
C16778,10005,0.5001958829518879,5,Seasonal Product 006
C16778,10028,0.4969433265447315,6,Gifts Product 029
C16778,10025,0.49649722139259816,7,Kitchenware Product 026
C16778,10026,0.4943644283894177,8,Stationery Product 027
C16778,10023,0.49054121785998384,9,Lighting Product 024
C16778,10021,0.4889558293955906,10,Seasonal Product 022
C16780,10021,0.9146131492732104,1,Seasonal Product 022
C16780,10016,0.8952992682326517,2,Home Decor Product 017
C16780,10015,0.8945153938859509,3,Lighting Product 016
C16780,10038,0.8668315378367455,4,Party Supplies Product 039
C16780,10027,0.8640444661841119,5,Bags & Accessories Product 028
C16780,10035,0.857764626755209,6,Bags & Accessories Product 036
C16780,10025,0.8417349566646652,7,Kitchenware Product 026
C16780,10034,0.8316746161548564,8,Stationery Product 035
C16780,10028,0.8124879891054867,9,Gifts Product 029
C16780,10002,0.8002295067101947,10,Stationery Product 003
C16783,10023,0.8780800326072292,1,Lighting Product 024
C16783,10007,0.8672115364990608,2,Lighting Product 008
C16783,10013,0.866545459855239,3,Seasonal Product 014
C16783,10015,0.8030849944755414,4,Lighting Product 016
C16783,10026,0.7837026379661811,5,Stationery Product 027
C16783,10002,0.7802034641699043,6,Stationery Product 003
C16783,10021,0.7752311668631968,7,Seasonal Product 022
C16783,10028,0.720226714244559,8,Gifts Product 029
C16783,10005,0.6495767966122302,9,Seasonal Product 006
C16783,10025,0.5433403460953741,10,Kitchenware Product 026
C16785,10021,0.7085885654316609,1,Seasonal Product 022
C16785,10015,0.6156405831285343,2,Lighting Product 016
C16785,10016,0.5959777243252606,3,Home Decor Product 017
C16785,10027,0.5569133435740835,4,Bags & Accessories Product 028
C16785,10028,0.5367705736770775,5,Gifts Product 029
C16785,10007,0.5193545071081477,6,Lighting Product 008
C16785,10023,0.5150305828750409,7,Lighting Product 024
C16785,10038,0.5062781641510581,8,Party Supplies Product 039
C16785,10026,0.4791626245800862,9,Stationery Product 027
C16785,10034,0.4717130566805083,10,Stationery Product 035
C16786,10016,0.9643359551894942,1,Home Decor Product 017
C16786,10021,0.8512741694166941,2,Seasonal Product 022
C16786,10027,0.8508330420599197,3,Bags & Accessories Product 028
C16786,10035,0.8432792777065974,4,Bags & Accessories Product 036
C16786,10015,0.6921137177675171,5,Lighting Product 016
C16786,10392,0.6247953482630146,6,Home Decor Product 393
C16786,10013,0.5836829735652386,7,Seasonal Product 014
C16786,10029,0.5812597353578425,8,Seasonal Product 030
C16786,10028,0.564724502380955,9,Gifts Product 029
C16786,10005,0.5598970378220645,10,Seasonal Product 006
C16789,10021,0.9146131492732104,1,Seasonal Product 022
C16789,10016,0.8952992682326517,2,Home Decor Product 017
C16789,10015,0.8945153938859509,3,Lighting Product 016
C16789,10038,0.8668315378367455,4,Party Supplies Product 039
C16789,10027,0.8640444661841119,5,Bags & Accessories Product 028
C16789,10035,0.857764626755209,6,Bags & Accessories Product 036
C16789,10025,0.8417349566646652,7,Kitchenware Product 026
C16789,10034,0.8316746161548564,8,Stationery Product 035
C16789,10028,0.8124879891054867,9,Gifts Product 029
C16789,10002,0.8002295067101947,10,Stationery Product 003
C16790,10021,0.7395467013536193,1,Seasonal Product 022
C16790,10015,0.6719815708553706,2,Lighting Product 016
C16790,10016,0.6243478021712069,3,Home Decor Product 017
C16790,10028,0.5265531610304954,4,Gifts Product 029
C16790,10034,0.499140995891874,5,Stationery Product 035
C16790,10026,0.48296738791457794,6,Stationery Product 027
C16790,10038,0.4821271224465424,7,Party Supplies Product 039
C16790,10013,0.481564567384153,8,Seasonal Product 014
C16790,10027,0.4811106962204475,9,Bags & Accessories Product 028
C16790,10035,0.4308190125833861,10,Bags & Accessories Product 036
C16793,10034,0.8562768162638046,1,Stationery Product 035
C16793,10025,0.7476270984918404,2,Kitchenware Product 026
C16793,10026,0.7179760453133649,3,Stationery Product 027
C16793,10013,0.6940305293992448,4,Seasonal Product 014
C16793,10305,0.6935388098352029,5,Kitchenware Product 306
C16793,10009,0.6561261091939901,6,Kitchenware Product 010
C16793,10021,0.5798570970985699,7,Seasonal Product 022
C16793,10005,0.5689167211970243,8,Seasonal Product 006
C16793,10029,0.5449001417995907,9,Seasonal Product 030
C16793,10258,0.5445364506181767,10,Stationery Product 259
C16794,10027,0.8192213232636449,1,Bags & Accessories Product 028
C16794,10035,0.7852289608027402,2,Bags & Accessories Product 036
C16794,10021,0.6605223736002435,3,Seasonal Product 022
C16794,10005,0.5468658224072428,4,Seasonal Product 006
C16794,10028,0.5017037717690233,5,Gifts Product 029
C16794,10002,0.4801822979240771,6,Stationery Product 003
C16794,10034,0.4672279022171128,7,Stationery Product 035
C16794,10244,0.46130762405260584,8,Gifts Product 245
C16794,10192,0.4262304867203461,9,Home Decor Product 193
C16794,10016,0.42155744538561,10,Home Decor Product 017
